// Validating benchmarks:
// ***** BenchmarkRunner: Start   *****
// ***** Found 28 benchmark(s) in total *****
// ***** Building 1 exe(s) in Parallel: Start   *****
// ***** Done, took 00:00:00 (0.01 sec)   *****
// Found 28 benchmarks:
//   CardBattleEngineBenchmark.EngineIterateActions: Job-ERIHKH(Toolchain=InProcessNoEmitToolchain, IterationCount=15, LaunchCount=1, WarmupCount=3) [EntityCount=1, MaxDepth=1]
//   CardBattleEngineBenchmark.EngineIterateActions: Job-ERIHKH(Toolchain=InProcessNoEmitToolchain, IterationCount=15, LaunchCount=1, WarmupCount=3) [EntityCount=1, MaxDepth=2]
//   CardBattleEngineBenchmark.EngineIterateActions: Job-ERIHKH(Toolchain=InProcessNoEmitToolchain, IterationCount=15, LaunchCount=1, WarmupCount=3) [EntityCount=1, MaxDepth=3]
//   CardBattleEngineBenchmark.EngineIterateActions: Job-ERIHKH(Toolchain=InProcessNoEmitToolchain, IterationCount=15, LaunchCount=1, WarmupCount=3) [EntityCount=1, MaxDepth=4]
//   CardBattleEngineBenchmark.EngineIterateActions: Job-ERIHKH(Toolchain=InProcessNoEmitToolchain, IterationCount=15, LaunchCount=1, WarmupCount=3) [EntityCount=2, MaxDepth=1]
//   CardBattleEngineBenchmark.EngineIterateActions: Job-ERIHKH(Toolchain=InProcessNoEmitToolchain, IterationCount=15, LaunchCount=1, WarmupCount=3) [EntityCount=2, MaxDepth=2]
//   CardBattleEngineBenchmark.EngineIterateActions: Job-ERIHKH(Toolchain=InProcessNoEmitToolchain, IterationCount=15, LaunchCount=1, WarmupCount=3) [EntityCount=2, MaxDepth=3]
//   CardBattleEngineBenchmark.EngineIterateActions: Job-ERIHKH(Toolchain=InProcessNoEmitToolchain, IterationCount=15, LaunchCount=1, WarmupCount=3) [EntityCount=2, MaxDepth=4]
//   CardBattleEngineBenchmark.EngineIterateActions: Job-ERIHKH(Toolchain=InProcessNoEmitToolchain, IterationCount=15, LaunchCount=1, WarmupCount=3) [EntityCount=3, MaxDepth=1]
//   CardBattleEngineBenchmark.EngineIterateActions: Job-ERIHKH(Toolchain=InProcessNoEmitToolchain, IterationCount=15, LaunchCount=1, WarmupCount=3) [EntityCount=3, MaxDepth=2]
//   CardBattleEngineBenchmark.EngineIterateActions: Job-ERIHKH(Toolchain=InProcessNoEmitToolchain, IterationCount=15, LaunchCount=1, WarmupCount=3) [EntityCount=3, MaxDepth=3]
//   CardBattleEngineBenchmark.EngineIterateActions: Job-ERIHKH(Toolchain=InProcessNoEmitToolchain, IterationCount=15, LaunchCount=1, WarmupCount=3) [EntityCount=3, MaxDepth=4]
//   CardBattleEngineBenchmark.EngineIterateActions: Job-ERIHKH(Toolchain=InProcessNoEmitToolchain, IterationCount=15, LaunchCount=1, WarmupCount=3) [EntityCount=4, MaxDepth=1]
//   CardBattleEngineBenchmark.EngineIterateActions: Job-ERIHKH(Toolchain=InProcessNoEmitToolchain, IterationCount=15, LaunchCount=1, WarmupCount=3) [EntityCount=4, MaxDepth=2]
//   CardBattleEngineBenchmark.EngineIterateActions: Job-ERIHKH(Toolchain=InProcessNoEmitToolchain, IterationCount=15, LaunchCount=1, WarmupCount=3) [EntityCount=4, MaxDepth=3]
//   CardBattleEngineBenchmark.EngineIterateActions: Job-ERIHKH(Toolchain=InProcessNoEmitToolchain, IterationCount=15, LaunchCount=1, WarmupCount=3) [EntityCount=4, MaxDepth=4]
//   CardBattleEngineBenchmark.EngineIterateActions: Job-ERIHKH(Toolchain=InProcessNoEmitToolchain, IterationCount=15, LaunchCount=1, WarmupCount=3) [EntityCount=5, MaxDepth=1]
//   CardBattleEngineBenchmark.EngineIterateActions: Job-ERIHKH(Toolchain=InProcessNoEmitToolchain, IterationCount=15, LaunchCount=1, WarmupCount=3) [EntityCount=5, MaxDepth=2]
//   CardBattleEngineBenchmark.EngineIterateActions: Job-ERIHKH(Toolchain=InProcessNoEmitToolchain, IterationCount=15, LaunchCount=1, WarmupCount=3) [EntityCount=5, MaxDepth=3]
//   CardBattleEngineBenchmark.EngineIterateActions: Job-ERIHKH(Toolchain=InProcessNoEmitToolchain, IterationCount=15, LaunchCount=1, WarmupCount=3) [EntityCount=5, MaxDepth=4]
//   CardBattleEngineBenchmark.EngineIterateActions: Job-ERIHKH(Toolchain=InProcessNoEmitToolchain, IterationCount=15, LaunchCount=1, WarmupCount=3) [EntityCount=6, MaxDepth=1]
//   CardBattleEngineBenchmark.EngineIterateActions: Job-ERIHKH(Toolchain=InProcessNoEmitToolchain, IterationCount=15, LaunchCount=1, WarmupCount=3) [EntityCount=6, MaxDepth=2]
//   CardBattleEngineBenchmark.EngineIterateActions: Job-ERIHKH(Toolchain=InProcessNoEmitToolchain, IterationCount=15, LaunchCount=1, WarmupCount=3) [EntityCount=6, MaxDepth=3]
//   CardBattleEngineBenchmark.EngineIterateActions: Job-ERIHKH(Toolchain=InProcessNoEmitToolchain, IterationCount=15, LaunchCount=1, WarmupCount=3) [EntityCount=6, MaxDepth=4]
//   CardBattleEngineBenchmark.EngineIterateActions: Job-ERIHKH(Toolchain=InProcessNoEmitToolchain, IterationCount=15, LaunchCount=1, WarmupCount=3) [EntityCount=7, MaxDepth=1]
//   CardBattleEngineBenchmark.EngineIterateActions: Job-ERIHKH(Toolchain=InProcessNoEmitToolchain, IterationCount=15, LaunchCount=1, WarmupCount=3) [EntityCount=7, MaxDepth=2]
//   CardBattleEngineBenchmark.EngineIterateActions: Job-ERIHKH(Toolchain=InProcessNoEmitToolchain, IterationCount=15, LaunchCount=1, WarmupCount=3) [EntityCount=7, MaxDepth=3]
//   CardBattleEngineBenchmark.EngineIterateActions: Job-ERIHKH(Toolchain=InProcessNoEmitToolchain, IterationCount=15, LaunchCount=1, WarmupCount=3) [EntityCount=7, MaxDepth=4]

Setup power plan (GUID: 8c5e7fda-e8bf-4a96-9a85-a6e23a8c635c FriendlyName: High performance)
// **************************
// Benchmark: CardBattleEngineBenchmark.EngineIterateActions: Job-ERIHKH(Toolchain=InProcessNoEmitToolchain, IterationCount=15, LaunchCount=1, WarmupCount=3) [EntityCount=1, MaxDepth=1]
// *** Execute ***
// Launch: 1 / 1

// Benchmark Process Environment Information:
// BenchmarkDotNet v0.15.8
// Runtime=.NET 8.0.28 (8.0.28, 8.0.2826.26413), X64 RyuJIT x86-64-v3
// GC=Concurrent Workstation
// HardwareIntrinsics=AVX2+BMI1+BMI2+F16C+FMA+LZCNT+MOVBE,AVX,SSE3+SSSE3+SSE4.1+SSE4.2+POPCNT,X86Base+SSE+SSE2,AES+PCLMUL,AvxVnni,SERIALIZE VectorSize=256
// Job: Job-ERIHKH(Toolchain=InProcessNoEmitToolchain, IterationCount=15, LaunchCount=1, WarmupCount=3)

OverheadJitting  1: 1 op, 100600.00 ns, 100.6000 us/op
WorkloadJitting  1: 1 op, 27696600.00 ns, 27.6966 ms/op

OverheadJitting  2: 16 op, 198700.00 ns, 12.4188 us/op
WorkloadJitting  2: 16 op, 3607200.00 ns, 225.4500 us/op

WorkloadPilot    1: 16 op, 3390100.00 ns, 211.8813 us/op
WorkloadPilot    2: 32 op, 7280300.00 ns, 227.5094 us/op
WorkloadPilot    3: 64 op, 16318300.00 ns, 254.9734 us/op
WorkloadPilot    4: 128 op, 31009400.00 ns, 242.2609 us/op
WorkloadPilot    5: 256 op, 51116800.00 ns, 199.6750 us/op
WorkloadPilot    6: 512 op, 114627700.00 ns, 223.8822 us/op
WorkloadPilot    7: 1024 op, 235034200.00 ns, 229.5256 us/op
WorkloadPilot    8: 2048 op, 329753900.00 ns, 161.0126 us/op
WorkloadPilot    9: 4096 op, 248001200.00 ns, 60.5472 us/op
WorkloadPilot   10: 8192 op, 442212000.00 ns, 53.9810 us/op
WorkloadPilot   11: 16384 op, 1021784000.00 ns, 62.3647 us/op

OverheadWarmup   1: 16384 op, 62900.00 ns, 3.8391 ns/op
OverheadWarmup   2: 16384 op, 62400.00 ns, 3.8086 ns/op
OverheadWarmup   3: 16384 op, 60400.00 ns, 3.6865 ns/op
OverheadWarmup   4: 16384 op, 58700.00 ns, 3.5828 ns/op
OverheadWarmup   5: 16384 op, 59300.00 ns, 3.6194 ns/op
OverheadWarmup   6: 16384 op, 58600.00 ns, 3.5767 ns/op
OverheadWarmup   7: 16384 op, 58800.00 ns, 3.5889 ns/op
OverheadWarmup   8: 16384 op, 58600.00 ns, 3.5767 ns/op

OverheadActual   1: 16384 op, 64900.00 ns, 3.9612 ns/op
OverheadActual   2: 16384 op, 45400.00 ns, 2.7710 ns/op
OverheadActual   3: 16384 op, 48300.00 ns, 2.9480 ns/op
OverheadActual   4: 16384 op, 62300.00 ns, 3.8025 ns/op
OverheadActual   5: 16384 op, 48700.00 ns, 2.9724 ns/op
OverheadActual   6: 16384 op, 67600.00 ns, 4.1260 ns/op
OverheadActual   7: 16384 op, 63400.00 ns, 3.8696 ns/op
OverheadActual   8: 16384 op, 62800.00 ns, 3.8330 ns/op
OverheadActual   9: 16384 op, 48800.00 ns, 2.9785 ns/op
OverheadActual  10: 16384 op, 54500.00 ns, 3.3264 ns/op
OverheadActual  11: 16384 op, 58500.00 ns, 3.5706 ns/op
OverheadActual  12: 16384 op, 61400.00 ns, 3.7476 ns/op
OverheadActual  13: 16384 op, 59200.00 ns, 3.6133 ns/op
OverheadActual  14: 16384 op, 63900.00 ns, 3.9001 ns/op
OverheadActual  15: 16384 op, 74000.00 ns, 4.5166 ns/op
OverheadActual  16: 16384 op, 68400.00 ns, 4.1748 ns/op
OverheadActual  17: 16384 op, 64100.00 ns, 3.9124 ns/op
OverheadActual  18: 16384 op, 57000.00 ns, 3.4790 ns/op
OverheadActual  19: 16384 op, 51600.00 ns, 3.1494 ns/op
OverheadActual  20: 16384 op, 53300.00 ns, 3.2532 ns/op

WorkloadWarmup   1: 16384 op, 986271600.00 ns, 60.1972 us/op
WorkloadWarmup   2: 16384 op, 997079200.00 ns, 60.8569 us/op
WorkloadWarmup   3: 16384 op, 1101340100.00 ns, 67.2205 us/op

WorkloadActual   1: 16384 op, 926296800.00 ns, 56.5367 us/op
WorkloadActual   2: 16384 op, 1204250400.00 ns, 73.5016 us/op
WorkloadActual   3: 16384 op, 968215100.00 ns, 59.0952 us/op
WorkloadActual   4: 16384 op, 1080062900.00 ns, 65.9218 us/op
WorkloadActual   5: 16384 op, 958059400.00 ns, 58.4753 us/op
WorkloadActual   6: 16384 op, 960525000.00 ns, 58.6258 us/op
WorkloadActual   7: 16384 op, 963252200.00 ns, 58.7922 us/op
WorkloadActual   8: 16384 op, 965994400.00 ns, 58.9596 us/op
WorkloadActual   9: 16384 op, 942145300.00 ns, 57.5040 us/op
WorkloadActual  10: 16384 op, 942479200.00 ns, 57.5244 us/op
WorkloadActual  11: 16384 op, 927006400.00 ns, 56.5800 us/op
WorkloadActual  12: 16384 op, 935426200.00 ns, 57.0939 us/op
WorkloadActual  13: 16384 op, 901184700.00 ns, 55.0039 us/op
WorkloadActual  14: 16384 op, 927128400.00 ns, 56.5874 us/op
WorkloadActual  15: 16384 op, 944354400.00 ns, 57.6388 us/op

WorkloadResult   1: 16384 op, 926236500.00 ns, 56.5330 us/op
WorkloadResult   2: 16384 op, 968154800.00 ns, 59.0915 us/op
WorkloadResult   3: 16384 op, 957999100.00 ns, 58.4716 us/op
WorkloadResult   4: 16384 op, 960464700.00 ns, 58.6221 us/op
WorkloadResult   5: 16384 op, 963191900.00 ns, 58.7886 us/op
WorkloadResult   6: 16384 op, 965934100.00 ns, 58.9559 us/op
WorkloadResult   7: 16384 op, 942085000.00 ns, 57.5003 us/op
WorkloadResult   8: 16384 op, 942418900.00 ns, 57.5207 us/op
WorkloadResult   9: 16384 op, 926946100.00 ns, 56.5763 us/op
WorkloadResult  10: 16384 op, 935365900.00 ns, 57.0902 us/op
WorkloadResult  11: 16384 op, 901124400.00 ns, 55.0003 us/op
WorkloadResult  12: 16384 op, 927068100.00 ns, 56.5837 us/op
WorkloadResult  13: 16384 op, 944294100.00 ns, 57.6351 us/op
// GC:  189 8 0 2376466432 16384
// Threading:  0 0 16384


Mean = 57.567 μs, StdErr = 0.335 μs (0.58%), N = 13, StdDev = 1.208 μs
Min = 55.000 μs, Q1 = 56.584 μs, Median = 57.521 μs, Q3 = 58.622 μs, Max = 59.091 μs
IQR = 2.038 μs, LowerFence = 53.526 μs, UpperFence = 61.680 μs
ConfidenceInterval = [56.120 μs; 59.014 μs] (CI 99.9%), Margin = 1.447 μs (2.51% of Mean)
Skewness = -0.44, Kurtosis = 2.16, MValue = 2

// ** Remained 27 (96.4%) benchmark(s) to run. Estimated finish 2026-09-09 16:56 (0h 9m from now) **
Setup power plan (GUID: 8c5e7fda-e8bf-4a96-9a85-a6e23a8c635c FriendlyName: High performance)
// **************************
// Benchmark: CardBattleEngineBenchmark.EngineIterateActions: Job-ERIHKH(Toolchain=InProcessNoEmitToolchain, IterationCount=15, LaunchCount=1, WarmupCount=3) [EntityCount=1, MaxDepth=2]
// *** Execute ***
// Launch: 1 / 1

// Benchmark Process Environment Information:
// BenchmarkDotNet v0.15.8
// Runtime=.NET 8.0.28 (8.0.28, 8.0.2826.26413), X64 RyuJIT x86-64-v3
// GC=Concurrent Workstation
// HardwareIntrinsics=AVX2+BMI1+BMI2+F16C+FMA+LZCNT+MOVBE,AVX,SSE3+SSSE3+SSE4.1+SSE4.2+POPCNT,X86Base+SSE+SSE2,AES+PCLMUL,AvxVnni,SERIALIZE VectorSize=256
// Job: Job-ERIHKH(Toolchain=InProcessNoEmitToolchain, IterationCount=15, LaunchCount=1, WarmupCount=3)

OverheadJitting  1: 1 op, 700.00 ns, 700.0000 ns/op
WorkloadJitting  1: 1 op, 327300.00 ns, 327.3000 us/op

OverheadJitting  2: 16 op, 700.00 ns, 43.7500 ns/op
WorkloadJitting  2: 16 op, 1266400.00 ns, 79.1500 us/op

WorkloadPilot    1: 16 op, 1316200.00 ns, 82.2625 us/op
WorkloadPilot    2: 32 op, 4095400.00 ns, 127.9813 us/op
WorkloadPilot    3: 64 op, 8084200.00 ns, 126.3156 us/op
WorkloadPilot    4: 128 op, 9294500.00 ns, 72.6133 us/op
WorkloadPilot    5: 256 op, 22933700.00 ns, 89.5848 us/op
WorkloadPilot    6: 512 op, 51513700.00 ns, 100.6127 us/op
WorkloadPilot    7: 1024 op, 97207900.00 ns, 94.9296 us/op
WorkloadPilot    8: 2048 op, 201236800.00 ns, 98.2602 us/op
WorkloadPilot    9: 4096 op, 361480400.00 ns, 88.2521 us/op
WorkloadPilot   10: 8192 op, 735509100.00 ns, 89.7838 us/op

OverheadWarmup   1: 8192 op, 32100.00 ns, 3.9185 ns/op
OverheadWarmup   2: 8192 op, 23800.00 ns, 2.9053 ns/op
OverheadWarmup   3: 8192 op, 23700.00 ns, 2.8931 ns/op
OverheadWarmup   4: 8192 op, 23100.00 ns, 2.8198 ns/op
OverheadWarmup   5: 8192 op, 23100.00 ns, 2.8198 ns/op
OverheadWarmup   6: 8192 op, 23000.00 ns, 2.8076 ns/op
OverheadWarmup   7: 8192 op, 22300.00 ns, 2.7222 ns/op
OverheadWarmup   8: 8192 op, 22300.00 ns, 2.7222 ns/op
OverheadWarmup   9: 8192 op, 22500.00 ns, 2.7466 ns/op

OverheadActual   1: 8192 op, 33800.00 ns, 4.1260 ns/op
OverheadActual   2: 8192 op, 17000.00 ns, 2.0752 ns/op
OverheadActual   3: 8192 op, 21900.00 ns, 2.6733 ns/op
OverheadActual   4: 8192 op, 21300.00 ns, 2.6001 ns/op
OverheadActual   5: 8192 op, 20600.00 ns, 2.5146 ns/op
OverheadActual   6: 8192 op, 20700.00 ns, 2.5269 ns/op
OverheadActual   7: 8192 op, 21200.00 ns, 2.5879 ns/op
OverheadActual   8: 8192 op, 16900.00 ns, 2.0630 ns/op
OverheadActual   9: 8192 op, 23800.00 ns, 2.9053 ns/op
OverheadActual  10: 8192 op, 29900.00 ns, 3.6499 ns/op
OverheadActual  11: 8192 op, 30000.00 ns, 3.6621 ns/op
OverheadActual  12: 8192 op, 16900.00 ns, 2.0630 ns/op
OverheadActual  13: 8192 op, 28900.00 ns, 3.5278 ns/op
OverheadActual  14: 8192 op, 29800.00 ns, 3.6377 ns/op
OverheadActual  15: 8192 op, 34700.00 ns, 4.2358 ns/op
OverheadActual  16: 8192 op, 28900.00 ns, 3.5278 ns/op
OverheadActual  17: 8192 op, 17500.00 ns, 2.1362 ns/op
OverheadActual  18: 8192 op, 18800.00 ns, 2.2949 ns/op
OverheadActual  19: 8192 op, 18800.00 ns, 2.2949 ns/op
OverheadActual  20: 8192 op, 18700.00 ns, 2.2827 ns/op

WorkloadWarmup   1: 8192 op, 763210900.00 ns, 93.1654 us/op
WorkloadWarmup   2: 8192 op, 735257400.00 ns, 89.7531 us/op
WorkloadWarmup   3: 8192 op, 815710200.00 ns, 99.5740 us/op

WorkloadActual   1: 8192 op, 788076100.00 ns, 96.2007 us/op
WorkloadActual   2: 8192 op, 718329100.00 ns, 87.6867 us/op
WorkloadActual   3: 8192 op, 757403600.00 ns, 92.4565 us/op
WorkloadActual   4: 8192 op, 745209800.00 ns, 90.9680 us/op
WorkloadActual   5: 8192 op, 757954800.00 ns, 92.5238 us/op
WorkloadActual   6: 8192 op, 749176800.00 ns, 91.4522 us/op
WorkloadActual   7: 8192 op, 756050900.00 ns, 92.2914 us/op
WorkloadActual   8: 8192 op, 727133500.00 ns, 88.7614 us/op
WorkloadActual   9: 8192 op, 734657100.00 ns, 89.6798 us/op
WorkloadActual  10: 8192 op, 755427200.00 ns, 92.2152 us/op
WorkloadActual  11: 8192 op, 703357900.00 ns, 85.8591 us/op
WorkloadActual  12: 8192 op, 713831900.00 ns, 87.1377 us/op
WorkloadActual  13: 8192 op, 746358900.00 ns, 91.1083 us/op
WorkloadActual  14: 8192 op, 749382600.00 ns, 91.4774 us/op
WorkloadActual  15: 8192 op, 737735400.00 ns, 90.0556 us/op

WorkloadResult   1: 8192 op, 788054850.00 ns, 96.1981 us/op
WorkloadResult   2: 8192 op, 718307850.00 ns, 87.6841 us/op
WorkloadResult   3: 8192 op, 757382350.00 ns, 92.4539 us/op
WorkloadResult   4: 8192 op, 745188550.00 ns, 90.9654 us/op
WorkloadResult   5: 8192 op, 757933550.00 ns, 92.5212 us/op
WorkloadResult   6: 8192 op, 749155550.00 ns, 91.4497 us/op
WorkloadResult   7: 8192 op, 756029650.00 ns, 92.2888 us/op
WorkloadResult   8: 8192 op, 727112250.00 ns, 88.7588 us/op
WorkloadResult   9: 8192 op, 734635850.00 ns, 89.6772 us/op
WorkloadResult  10: 8192 op, 755405950.00 ns, 92.2126 us/op
WorkloadResult  11: 8192 op, 703336650.00 ns, 85.8565 us/op
WorkloadResult  12: 8192 op, 713810650.00 ns, 87.1351 us/op
WorkloadResult  13: 8192 op, 746337650.00 ns, 91.1057 us/op
WorkloadResult  14: 8192 op, 749361350.00 ns, 91.4748 us/op
WorkloadResult  15: 8192 op, 737714150.00 ns, 90.0530 us/op
// GC:  148 8 0 1866530816 8192
// Threading:  0 0 8192


Mean = 90.656 μs, StdErr = 0.667 μs (0.74%), N = 15, StdDev = 2.582 μs
Min = 85.857 μs, Q1 = 89.218 μs, Median = 91.106 μs, Q3 = 92.251 μs, Max = 96.198 μs
IQR = 3.033 μs, LowerFence = 84.669 μs, UpperFence = 96.800 μs
ConfidenceInterval = [87.896 μs; 93.415 μs] (CI 99.9%), Margin = 2.760 μs (3.04% of Mean)
Skewness = 0.01, Kurtosis = 2.64, MValue = 2.22

// ** Remained 26 (92.9%) benchmark(s) to run. Estimated finish 2026-09-09 16:55 (0h 8m from now) **
Setup power plan (GUID: 8c5e7fda-e8bf-4a96-9a85-a6e23a8c635c FriendlyName: High performance)
// **************************
// Benchmark: CardBattleEngineBenchmark.EngineIterateActions: Job-ERIHKH(Toolchain=InProcessNoEmitToolchain, IterationCount=15, LaunchCount=1, WarmupCount=3) [EntityCount=1, MaxDepth=3]
// *** Execute ***
// Launch: 1 / 1

// Benchmark Process Environment Information:
// BenchmarkDotNet v0.15.8
// Runtime=.NET 8.0.28 (8.0.28, 8.0.2826.26413), X64 RyuJIT x86-64-v3
// GC=Concurrent Workstation
// HardwareIntrinsics=AVX2+BMI1+BMI2+F16C+FMA+LZCNT+MOVBE,AVX,SSE3+SSSE3+SSE4.1+SSE4.2+POPCNT,X86Base+SSE+SSE2,AES+PCLMUL,AvxVnni,SERIALIZE VectorSize=256
// Job: Job-ERIHKH(Toolchain=InProcessNoEmitToolchain, IterationCount=15, LaunchCount=1, WarmupCount=3)

OverheadJitting  1: 1 op, 400.00 ns, 400.0000 ns/op
WorkloadJitting  1: 1 op, 164200.00 ns, 164.2000 us/op

OverheadJitting  2: 16 op, 400.00 ns, 25.0000 ns/op
WorkloadJitting  2: 16 op, 1566700.00 ns, 97.9188 us/op

WorkloadPilot    1: 16 op, 1938100.00 ns, 121.1313 us/op
WorkloadPilot    2: 32 op, 5062100.00 ns, 158.1906 us/op
WorkloadPilot    3: 64 op, 7217900.00 ns, 112.7797 us/op
WorkloadPilot    4: 128 op, 16332700.00 ns, 127.5992 us/op
WorkloadPilot    5: 256 op, 32676300.00 ns, 127.6418 us/op
WorkloadPilot    6: 512 op, 60709300.00 ns, 118.5729 us/op
WorkloadPilot    7: 1024 op, 129826200.00 ns, 126.7834 us/op
WorkloadPilot    8: 2048 op, 263453900.00 ns, 128.6396 us/op
WorkloadPilot    9: 4096 op, 547882500.00 ns, 133.7604 us/op

OverheadWarmup   1: 4096 op, 12900.00 ns, 3.1494 ns/op
OverheadWarmup   2: 4096 op, 12100.00 ns, 2.9541 ns/op
OverheadWarmup   3: 4096 op, 11700.00 ns, 2.8564 ns/op
OverheadWarmup   4: 4096 op, 11800.00 ns, 2.8809 ns/op
OverheadWarmup   5: 4096 op, 11400.00 ns, 2.7832 ns/op
OverheadWarmup   6: 4096 op, 11500.00 ns, 2.8076 ns/op
OverheadWarmup   7: 4096 op, 11100.00 ns, 2.7100 ns/op

OverheadActual   1: 4096 op, 11100.00 ns, 2.7100 ns/op
OverheadActual   2: 4096 op, 12300.00 ns, 3.0029 ns/op
OverheadActual   3: 4096 op, 9500.00 ns, 2.3193 ns/op
OverheadActual   4: 4096 op, 8700.00 ns, 2.1240 ns/op
OverheadActual   5: 4096 op, 8600.00 ns, 2.0996 ns/op
OverheadActual   6: 4096 op, 8500.00 ns, 2.0752 ns/op
OverheadActual   7: 4096 op, 10700.00 ns, 2.6123 ns/op
OverheadActual   8: 4096 op, 10600.00 ns, 2.5879 ns/op
OverheadActual   9: 4096 op, 10600.00 ns, 2.5879 ns/op
OverheadActual  10: 4096 op, 10600.00 ns, 2.5879 ns/op
OverheadActual  11: 4096 op, 10900.00 ns, 2.6611 ns/op
OverheadActual  12: 4096 op, 11000.00 ns, 2.6855 ns/op
OverheadActual  13: 4096 op, 11200.00 ns, 2.7344 ns/op
OverheadActual  14: 4096 op, 11400.00 ns, 2.7832 ns/op
OverheadActual  15: 4096 op, 11300.00 ns, 2.7588 ns/op
OverheadActual  16: 4096 op, 11800.00 ns, 2.8809 ns/op
OverheadActual  17: 4096 op, 11500.00 ns, 2.8076 ns/op
OverheadActual  18: 4096 op, 11400.00 ns, 2.7832 ns/op
OverheadActual  19: 4096 op, 11800.00 ns, 2.8809 ns/op
OverheadActual  20: 4096 op, 8700.00 ns, 2.1240 ns/op

WorkloadWarmup   1: 4096 op, 536619900.00 ns, 131.0107 us/op
WorkloadWarmup   2: 4096 op, 526327900.00 ns, 128.4980 us/op
WorkloadWarmup   3: 4096 op, 519827400.00 ns, 126.9110 us/op

WorkloadActual   1: 4096 op, 585212500.00 ns, 142.8741 us/op
WorkloadActual   2: 4096 op, 587897100.00 ns, 143.5296 us/op
WorkloadActual   3: 4096 op, 558818000.00 ns, 136.4302 us/op
WorkloadActual   4: 4096 op, 554269500.00 ns, 135.3197 us/op
WorkloadActual   5: 4096 op, 570696100.00 ns, 139.3301 us/op
WorkloadActual   6: 4096 op, 550707500.00 ns, 134.4501 us/op
WorkloadActual   7: 4096 op, 539111300.00 ns, 131.6190 us/op
WorkloadActual   8: 4096 op, 540752800.00 ns, 132.0197 us/op
WorkloadActual   9: 4096 op, 539628400.00 ns, 131.7452 us/op
WorkloadActual  10: 4096 op, 525336400.00 ns, 128.2560 us/op
WorkloadActual  11: 4096 op, 529828500.00 ns, 129.3527 us/op
WorkloadActual  12: 4096 op, 542177100.00 ns, 132.3675 us/op
WorkloadActual  13: 4096 op, 544858100.00 ns, 133.0220 us/op
WorkloadActual  14: 4096 op, 529720200.00 ns, 129.3262 us/op
WorkloadActual  15: 4096 op, 535975300.00 ns, 130.8533 us/op

WorkloadResult   1: 4096 op, 558807050.00 ns, 136.4275 us/op
WorkloadResult   2: 4096 op, 554258550.00 ns, 135.3170 us/op
WorkloadResult   3: 4096 op, 570685150.00 ns, 139.3274 us/op
WorkloadResult   4: 4096 op, 550696550.00 ns, 134.4474 us/op
WorkloadResult   5: 4096 op, 539100350.00 ns, 131.6163 us/op
WorkloadResult   6: 4096 op, 540741850.00 ns, 132.0171 us/op
WorkloadResult   7: 4096 op, 539617450.00 ns, 131.7425 us/op
WorkloadResult   8: 4096 op, 525325450.00 ns, 128.2533 us/op
WorkloadResult   9: 4096 op, 529817550.00 ns, 129.3500 us/op
WorkloadResult  10: 4096 op, 542166150.00 ns, 132.3648 us/op
WorkloadResult  11: 4096 op, 544847150.00 ns, 133.0193 us/op
WorkloadResult  12: 4096 op, 529709250.00 ns, 129.3235 us/op
WorkloadResult  13: 4096 op, 535964350.00 ns, 130.8507 us/op
// GC:  108 7 0 1360822272 4096
// Threading:  0 0 4096


Mean = 132.620 μs, StdErr = 0.863 μs (0.65%), N = 13, StdDev = 3.112 μs
Min = 128.253 μs, Q1 = 130.851 μs, Median = 132.017 μs, Q3 = 134.447 μs, Max = 139.327 μs
IQR = 3.597 μs, LowerFence = 125.456 μs, UpperFence = 139.842 μs
ConfidenceInterval = [128.893 μs; 136.347 μs] (CI 99.9%), Margin = 3.727 μs (2.81% of Mean)
Skewness = 0.56, Kurtosis = 2.38, MValue = 2

// ** Remained 25 (89.3%) benchmark(s) to run. Estimated finish 2026-09-09 16:54 (0h 6m from now) **
Setup power plan (GUID: 8c5e7fda-e8bf-4a96-9a85-a6e23a8c635c FriendlyName: High performance)
// **************************
// Benchmark: CardBattleEngineBenchmark.EngineIterateActions: Job-ERIHKH(Toolchain=InProcessNoEmitToolchain, IterationCount=15, LaunchCount=1, WarmupCount=3) [EntityCount=1, MaxDepth=4]
// *** Execute ***
// Launch: 1 / 1

// Benchmark Process Environment Information:
// BenchmarkDotNet v0.15.8
// Runtime=.NET 8.0.28 (8.0.28, 8.0.2826.26413), X64 RyuJIT x86-64-v3
// GC=Concurrent Workstation
// HardwareIntrinsics=AVX2+BMI1+BMI2+F16C+FMA+LZCNT+MOVBE,AVX,SSE3+SSSE3+SSE4.1+SSE4.2+POPCNT,X86Base+SSE+SSE2,AES+PCLMUL,AvxVnni,SERIALIZE VectorSize=256
// Job: Job-ERIHKH(Toolchain=InProcessNoEmitToolchain, IterationCount=15, LaunchCount=1, WarmupCount=3)

OverheadJitting  1: 1 op, 500.00 ns, 500.0000 ns/op
WorkloadJitting  1: 1 op, 150400.00 ns, 150.4000 us/op

OverheadJitting  2: 16 op, 500.00 ns, 31.2500 ns/op
WorkloadJitting  2: 16 op, 1702700.00 ns, 106.4188 us/op

WorkloadPilot    1: 16 op, 1928100.00 ns, 120.5063 us/op
WorkloadPilot    2: 32 op, 5568700.00 ns, 174.0219 us/op
WorkloadPilot    3: 64 op, 6911300.00 ns, 107.9891 us/op
WorkloadPilot    4: 128 op, 14765800.00 ns, 115.3578 us/op
WorkloadPilot    5: 256 op, 31270400.00 ns, 122.1500 us/op
WorkloadPilot    6: 512 op, 67743200.00 ns, 132.3109 us/op
WorkloadPilot    7: 1024 op, 146817200.00 ns, 143.3762 us/op
WorkloadPilot    8: 2048 op, 296092000.00 ns, 144.5762 us/op
WorkloadPilot    9: 4096 op, 574153200.00 ns, 140.1741 us/op

OverheadWarmup   1: 4096 op, 9200.00 ns, 2.2461 ns/op
OverheadWarmup   2: 4096 op, 10200.00 ns, 2.4902 ns/op
OverheadWarmup   3: 4096 op, 12200.00 ns, 2.9785 ns/op
OverheadWarmup   4: 4096 op, 8800.00 ns, 2.1484 ns/op
OverheadWarmup   5: 4096 op, 13100.00 ns, 3.1982 ns/op
OverheadWarmup   6: 4096 op, 9200.00 ns, 2.2461 ns/op

OverheadActual   1: 4096 op, 9200.00 ns, 2.2461 ns/op
OverheadActual   2: 4096 op, 9400.00 ns, 2.2949 ns/op
OverheadActual   3: 4096 op, 9900.00 ns, 2.4170 ns/op
OverheadActual   4: 4096 op, 9600.00 ns, 2.3438 ns/op
OverheadActual   5: 4096 op, 9300.00 ns, 2.2705 ns/op
OverheadActual   6: 4096 op, 9500.00 ns, 2.3193 ns/op
OverheadActual   7: 4096 op, 9400.00 ns, 2.2949 ns/op
OverheadActual   8: 4096 op, 9100.00 ns, 2.2217 ns/op
OverheadActual   9: 4096 op, 9900.00 ns, 2.4170 ns/op
OverheadActual  10: 4096 op, 14200.00 ns, 3.4668 ns/op
OverheadActual  11: 4096 op, 9400.00 ns, 2.2949 ns/op
OverheadActual  12: 4096 op, 9500.00 ns, 2.3193 ns/op
OverheadActual  13: 4096 op, 10900.00 ns, 2.6611 ns/op
OverheadActual  14: 4096 op, 9700.00 ns, 2.3682 ns/op
OverheadActual  15: 4096 op, 9600.00 ns, 2.3438 ns/op

WorkloadWarmup   1: 4096 op, 565574100.00 ns, 138.0796 us/op
WorkloadWarmup   2: 4096 op, 546977100.00 ns, 133.5393 us/op
WorkloadWarmup   3: 4096 op, 576512200.00 ns, 140.7500 us/op

WorkloadActual   1: 4096 op, 532975500.00 ns, 130.1210 us/op
WorkloadActual   2: 4096 op, 546934500.00 ns, 133.5289 us/op
WorkloadActual   3: 4096 op, 579010900.00 ns, 141.3601 us/op
WorkloadActual   4: 4096 op, 604553700.00 ns, 147.5961 us/op
WorkloadActual   5: 4096 op, 548808100.00 ns, 133.9864 us/op
WorkloadActual   6: 4096 op, 523314000.00 ns, 127.7622 us/op
WorkloadActual   7: 4096 op, 566163900.00 ns, 138.2236 us/op
WorkloadActual   8: 4096 op, 562365600.00 ns, 137.2963 us/op
WorkloadActual   9: 4096 op, 550699000.00 ns, 134.4480 us/op
WorkloadActual  10: 4096 op, 559924800.00 ns, 136.7004 us/op
WorkloadActual  11: 4096 op, 570869300.00 ns, 139.3724 us/op
WorkloadActual  12: 4096 op, 543353200.00 ns, 132.6546 us/op
WorkloadActual  13: 4096 op, 588116300.00 ns, 143.5831 us/op
WorkloadActual  14: 4096 op, 561856100.00 ns, 137.1719 us/op
WorkloadActual  15: 4096 op, 541636500.00 ns, 132.2355 us/op

WorkloadResult   1: 4096 op, 532966000.00 ns, 130.1187 us/op
WorkloadResult   2: 4096 op, 546925000.00 ns, 133.5266 us/op
WorkloadResult   3: 4096 op, 579001400.00 ns, 141.3578 us/op
WorkloadResult   4: 4096 op, 548798600.00 ns, 133.9840 us/op
WorkloadResult   5: 4096 op, 523304500.00 ns, 127.7599 us/op
WorkloadResult   6: 4096 op, 566154400.00 ns, 138.2213 us/op
WorkloadResult   7: 4096 op, 562356100.00 ns, 137.2940 us/op
WorkloadResult   8: 4096 op, 550689500.00 ns, 134.4457 us/op
WorkloadResult   9: 4096 op, 559915300.00 ns, 136.6981 us/op
WorkloadResult  10: 4096 op, 570859800.00 ns, 139.3701 us/op
WorkloadResult  11: 4096 op, 543343700.00 ns, 132.6523 us/op
WorkloadResult  12: 4096 op, 588106800.00 ns, 143.5808 us/op
WorkloadResult  13: 4096 op, 561846600.00 ns, 137.1696 us/op
WorkloadResult  14: 4096 op, 541627000.00 ns, 132.2332 us/op
// GC:  110 8 0 1389429360 4096
// Threading:  0 0 4096


Mean = 135.601 μs, StdErr = 1.158 μs (0.85%), N = 14, StdDev = 4.335 μs
Min = 127.760 μs, Q1 = 132.871 μs, Median = 135.572 μs, Q3 = 137.989 μs, Max = 143.581 μs
IQR = 5.119 μs, LowerFence = 125.193 μs, UpperFence = 145.667 μs
ConfidenceInterval = [130.711 μs; 140.490 μs] (CI 99.9%), Margin = 4.890 μs (3.61% of Mean)
Skewness = 0.05, Kurtosis = 2.09, MValue = 2

// ** Remained 24 (85.7%) benchmark(s) to run. Estimated finish 2026-09-09 16:53 (0h 6m from now) **
Setup power plan (GUID: 8c5e7fda-e8bf-4a96-9a85-a6e23a8c635c FriendlyName: High performance)
// **************************
// Benchmark: CardBattleEngineBenchmark.EngineIterateActions: Job-ERIHKH(Toolchain=InProcessNoEmitToolchain, IterationCount=15, LaunchCount=1, WarmupCount=3) [EntityCount=2, MaxDepth=1]
// *** Execute ***
// Launch: 1 / 1

// Benchmark Process Environment Information:
// BenchmarkDotNet v0.15.8
// Runtime=.NET 8.0.28 (8.0.28, 8.0.2826.26413), X64 RyuJIT x86-64-v3
// GC=Concurrent Workstation
// HardwareIntrinsics=AVX2+BMI1+BMI2+F16C+FMA+LZCNT+MOVBE,AVX,SSE3+SSSE3+SSE4.1+SSE4.2+POPCNT,X86Base+SSE+SSE2,AES+PCLMUL,AvxVnni,SERIALIZE VectorSize=256
// Job: Job-ERIHKH(Toolchain=InProcessNoEmitToolchain, IterationCount=15, LaunchCount=1, WarmupCount=3)

OverheadJitting  1: 1 op, 400.00 ns, 400.0000 ns/op
WorkloadJitting  1: 1 op, 189600.00 ns, 189.6000 us/op

OverheadJitting  2: 16 op, 400.00 ns, 25.0000 ns/op
WorkloadJitting  2: 16 op, 2484800.00 ns, 155.3000 us/op

WorkloadPilot    1: 16 op, 3456300.00 ns, 216.0188 us/op
WorkloadPilot    2: 32 op, 7479900.00 ns, 233.7469 us/op
WorkloadPilot    3: 64 op, 12226100.00 ns, 191.0328 us/op
WorkloadPilot    4: 128 op, 24257500.00 ns, 189.5117 us/op
WorkloadPilot    5: 256 op, 49168200.00 ns, 192.0633 us/op
WorkloadPilot    6: 512 op, 99901100.00 ns, 195.1193 us/op
WorkloadPilot    7: 1024 op, 197541000.00 ns, 192.9111 us/op
WorkloadPilot    8: 2048 op, 440340200.00 ns, 215.0099 us/op
WorkloadPilot    9: 4096 op, 851539400.00 ns, 207.8954 us/op

OverheadWarmup   1: 4096 op, 9000.00 ns, 2.1973 ns/op
OverheadWarmup   2: 4096 op, 9700.00 ns, 2.3682 ns/op
OverheadWarmup   3: 4096 op, 12800.00 ns, 3.1250 ns/op
OverheadWarmup   4: 4096 op, 9000.00 ns, 2.1973 ns/op
OverheadWarmup   5: 4096 op, 12000.00 ns, 2.9297 ns/op
OverheadWarmup   6: 4096 op, 11900.00 ns, 2.9053 ns/op

OverheadActual   1: 4096 op, 9400.00 ns, 2.2949 ns/op
OverheadActual   2: 4096 op, 10700.00 ns, 2.6123 ns/op
OverheadActual   3: 4096 op, 9700.00 ns, 2.3682 ns/op
OverheadActual   4: 4096 op, 9300.00 ns, 2.2705 ns/op
OverheadActual   5: 4096 op, 13900.00 ns, 3.3936 ns/op
OverheadActual   6: 4096 op, 10200.00 ns, 2.4902 ns/op
OverheadActual   7: 4096 op, 9700.00 ns, 2.3682 ns/op
OverheadActual   8: 4096 op, 9700.00 ns, 2.3682 ns/op
OverheadActual   9: 4096 op, 14700.00 ns, 3.5889 ns/op
OverheadActual  10: 4096 op, 10900.00 ns, 2.6611 ns/op
OverheadActual  11: 4096 op, 10700.00 ns, 2.6123 ns/op
OverheadActual  12: 4096 op, 10300.00 ns, 2.5146 ns/op
OverheadActual  13: 4096 op, 9800.00 ns, 2.3926 ns/op
OverheadActual  14: 4096 op, 10800.00 ns, 2.6367 ns/op
OverheadActual  15: 4096 op, 10900.00 ns, 2.6611 ns/op
OverheadActual  16: 4096 op, 10500.00 ns, 2.5635 ns/op
OverheadActual  17: 4096 op, 9600.00 ns, 2.3438 ns/op
OverheadActual  18: 4096 op, 11200.00 ns, 2.7344 ns/op
OverheadActual  19: 4096 op, 13400.00 ns, 3.2715 ns/op
OverheadActual  20: 4096 op, 11400.00 ns, 2.7832 ns/op

WorkloadWarmup   1: 4096 op, 799415100.00 ns, 195.1697 us/op
WorkloadWarmup   2: 4096 op, 778081700.00 ns, 189.9614 us/op
WorkloadWarmup   3: 4096 op, 798281100.00 ns, 194.8928 us/op

WorkloadActual   1: 4096 op, 774389000.00 ns, 189.0598 us/op
WorkloadActual   2: 4096 op, 802604600.00 ns, 195.9484 us/op
WorkloadActual   3: 4096 op, 788665100.00 ns, 192.5452 us/op
WorkloadActual   4: 4096 op, 819163300.00 ns, 199.9910 us/op
WorkloadActual   5: 4096 op, 811746800.00 ns, 198.1804 us/op
WorkloadActual   6: 4096 op, 878866600.00 ns, 214.5670 us/op
WorkloadActual   7: 4096 op, 844599900.00 ns, 206.2011 us/op
WorkloadActual   8: 4096 op, 692865000.00 ns, 169.1565 us/op
WorkloadActual   9: 4096 op, 680315400.00 ns, 166.0926 us/op
WorkloadActual  10: 4096 op, 637006600.00 ns, 155.5192 us/op
WorkloadActual  11: 4096 op, 630194400.00 ns, 153.8561 us/op
WorkloadActual  12: 4096 op, 685543200.00 ns, 167.3689 us/op
WorkloadActual  13: 4096 op, 631110800.00 ns, 154.0798 us/op
WorkloadActual  14: 4096 op, 722460300.00 ns, 176.3819 us/op
WorkloadActual  15: 4096 op, 758662500.00 ns, 185.2203 us/op

WorkloadResult   1: 4096 op, 774378400.00 ns, 189.0572 us/op
WorkloadResult   2: 4096 op, 802594000.00 ns, 195.9458 us/op
WorkloadResult   3: 4096 op, 788654500.00 ns, 192.5426 us/op
WorkloadResult   4: 4096 op, 819152700.00 ns, 199.9885 us/op
WorkloadResult   5: 4096 op, 811736200.00 ns, 198.1778 us/op
WorkloadResult   6: 4096 op, 878856000.00 ns, 214.5645 us/op
WorkloadResult   7: 4096 op, 844589300.00 ns, 206.1986 us/op
WorkloadResult   8: 4096 op, 692854400.00 ns, 169.1539 us/op
WorkloadResult   9: 4096 op, 680304800.00 ns, 166.0900 us/op
WorkloadResult  10: 4096 op, 636996000.00 ns, 155.5166 us/op
WorkloadResult  11: 4096 op, 630183800.00 ns, 153.8535 us/op
WorkloadResult  12: 4096 op, 685532600.00 ns, 167.3664 us/op
WorkloadResult  13: 4096 op, 631100200.00 ns, 154.0772 us/op
WorkloadResult  14: 4096 op, 722449700.00 ns, 176.3793 us/op
WorkloadResult  15: 4096 op, 758651900.00 ns, 185.2177 us/op
// GC:  157 10 0 1980530976 4096
// Threading:  0 0 4096


Mean = 181.609 μs, StdErr = 5.133 μs (2.83%), N = 15, StdDev = 19.878 μs
Min = 153.853 μs, Q1 = 166.728 μs, Median = 185.218 μs, Q3 = 197.062 μs, Max = 214.564 μs
IQR = 30.334 μs, LowerFence = 121.228 μs, UpperFence = 242.562 μs
ConfidenceInterval = [160.358 μs; 202.860 μs] (CI 99.9%), Margin = 21.251 μs (11.70% of Mean)
Skewness = -0.02, Kurtosis = 1.52, MValue = 3.43

// ** Remained 23 (82.1%) benchmark(s) to run. Estimated finish 2026-09-09 16:53 (0h 6m from now) **
Setup power plan (GUID: 8c5e7fda-e8bf-4a96-9a85-a6e23a8c635c FriendlyName: High performance)
// **************************
// Benchmark: CardBattleEngineBenchmark.EngineIterateActions: Job-ERIHKH(Toolchain=InProcessNoEmitToolchain, IterationCount=15, LaunchCount=1, WarmupCount=3) [EntityCount=2, MaxDepth=2]
// *** Execute ***
// Launch: 1 / 1

// Benchmark Process Environment Information:
// BenchmarkDotNet v0.15.8
// Runtime=.NET 8.0.28 (8.0.28, 8.0.2826.26413), X64 RyuJIT x86-64-v3
// GC=Concurrent Workstation
// HardwareIntrinsics=AVX2+BMI1+BMI2+F16C+FMA+LZCNT+MOVBE,AVX,SSE3+SSSE3+SSE4.1+SSE4.2+POPCNT,X86Base+SSE+SSE2,AES+PCLMUL,AvxVnni,SERIALIZE VectorSize=256
// Job: Job-ERIHKH(Toolchain=InProcessNoEmitToolchain, IterationCount=15, LaunchCount=1, WarmupCount=3)

OverheadJitting  1: 1 op, 600.00 ns, 600.0000 ns/op
WorkloadJitting  1: 1 op, 478400.00 ns, 478.4000 us/op

OverheadJitting  2: 16 op, 700.00 ns, 43.7500 ns/op
WorkloadJitting  2: 16 op, 8211000.00 ns, 513.1875 us/op

WorkloadPilot    1: 16 op, 9315700.00 ns, 582.2313 us/op
WorkloadPilot    2: 32 op, 18965200.00 ns, 592.6625 us/op
WorkloadPilot    3: 64 op, 31080900.00 ns, 485.6391 us/op
WorkloadPilot    4: 128 op, 63224000.00 ns, 493.9375 us/op
WorkloadPilot    5: 256 op, 117204400.00 ns, 457.8297 us/op
WorkloadPilot    6: 512 op, 235556500.00 ns, 460.0713 us/op
WorkloadPilot    7: 1024 op, 498104300.00 ns, 486.4300 us/op
WorkloadPilot    8: 2048 op, 984906200.00 ns, 480.9112 us/op

OverheadWarmup   1: 2048 op, 4600.00 ns, 2.2461 ns/op
OverheadWarmup   2: 2048 op, 4800.00 ns, 2.3438 ns/op
OverheadWarmup   3: 2048 op, 4600.00 ns, 2.2461 ns/op
OverheadWarmup   4: 2048 op, 4500.00 ns, 2.1973 ns/op
OverheadWarmup   5: 2048 op, 4600.00 ns, 2.2461 ns/op
OverheadWarmup   6: 2048 op, 5700.00 ns, 2.7832 ns/op
OverheadWarmup   7: 2048 op, 4500.00 ns, 2.1973 ns/op

OverheadActual   1: 2048 op, 4700.00 ns, 2.2949 ns/op
OverheadActual   2: 2048 op, 5100.00 ns, 2.4902 ns/op
OverheadActual   3: 2048 op, 5100.00 ns, 2.4902 ns/op
OverheadActual   4: 2048 op, 5400.00 ns, 2.6367 ns/op
OverheadActual   5: 2048 op, 5300.00 ns, 2.5879 ns/op
OverheadActual   6: 2048 op, 6900.00 ns, 3.3691 ns/op
OverheadActual   7: 2048 op, 5500.00 ns, 2.6855 ns/op
OverheadActual   8: 2048 op, 5700.00 ns, 2.7832 ns/op
OverheadActual   9: 2048 op, 5500.00 ns, 2.6855 ns/op
OverheadActual  10: 2048 op, 5600.00 ns, 2.7344 ns/op
OverheadActual  11: 2048 op, 5700.00 ns, 2.7832 ns/op
OverheadActual  12: 2048 op, 5700.00 ns, 2.7832 ns/op
OverheadActual  13: 2048 op, 5800.00 ns, 2.8320 ns/op
OverheadActual  14: 2048 op, 6100.00 ns, 2.9785 ns/op
OverheadActual  15: 2048 op, 6000.00 ns, 2.9297 ns/op
OverheadActual  16: 2048 op, 6000.00 ns, 2.9297 ns/op
OverheadActual  17: 2048 op, 6000.00 ns, 2.9297 ns/op
OverheadActual  18: 2048 op, 6000.00 ns, 2.9297 ns/op
OverheadActual  19: 2048 op, 5900.00 ns, 2.8809 ns/op
OverheadActual  20: 2048 op, 5900.00 ns, 2.8809 ns/op

WorkloadWarmup   1: 2048 op, 938170500.00 ns, 458.0911 us/op
WorkloadWarmup   2: 2048 op, 969586800.00 ns, 473.4311 us/op
WorkloadWarmup   3: 2048 op, 902197600.00 ns, 440.5262 us/op

WorkloadActual   1: 2048 op, 928695600.00 ns, 453.4646 us/op
WorkloadActual   2: 2048 op, 979368900.00 ns, 478.2075 us/op
WorkloadActual   3: 2048 op, 934696500.00 ns, 456.3948 us/op
WorkloadActual   4: 2048 op, 962979200.00 ns, 470.2047 us/op
WorkloadActual   5: 2048 op, 944619700.00 ns, 461.2401 us/op
WorkloadActual   6: 2048 op, 957475100.00 ns, 467.5171 us/op
WorkloadActual   7: 2048 op, 982521400.00 ns, 479.7468 us/op
WorkloadActual   8: 2048 op, 919063800.00 ns, 448.7616 us/op
WorkloadActual   9: 2048 op, 948645300.00 ns, 463.2057 us/op
WorkloadActual  10: 2048 op, 910173800.00 ns, 444.4208 us/op
WorkloadActual  11: 2048 op, 953146500.00 ns, 465.4036 us/op
WorkloadActual  12: 2048 op, 951533500.00 ns, 464.6160 us/op
WorkloadActual  13: 2048 op, 943798700.00 ns, 460.8392 us/op
WorkloadActual  14: 2048 op, 913268400.00 ns, 445.9318 us/op
WorkloadActual  15: 2048 op, 943701500.00 ns, 460.7917 us/op

WorkloadResult   1: 2048 op, 928689900.00 ns, 453.4619 us/op
WorkloadResult   2: 2048 op, 979363200.00 ns, 478.2047 us/op
WorkloadResult   3: 2048 op, 934690800.00 ns, 456.3920 us/op
WorkloadResult   4: 2048 op, 962973500.00 ns, 470.2019 us/op
WorkloadResult   5: 2048 op, 944614000.00 ns, 461.2373 us/op
WorkloadResult   6: 2048 op, 957469400.00 ns, 467.5144 us/op
WorkloadResult   7: 2048 op, 982515700.00 ns, 479.7440 us/op
WorkloadResult   8: 2048 op, 919058100.00 ns, 448.7588 us/op
WorkloadResult   9: 2048 op, 948639600.00 ns, 463.2029 us/op
WorkloadResult  10: 2048 op, 910168100.00 ns, 444.4180 us/op
WorkloadResult  11: 2048 op, 953140800.00 ns, 465.4008 us/op
WorkloadResult  12: 2048 op, 951527800.00 ns, 464.6132 us/op
WorkloadResult  13: 2048 op, 943793000.00 ns, 460.8364 us/op
WorkloadResult  14: 2048 op, 913262700.00 ns, 445.9291 us/op
WorkloadResult  15: 2048 op, 943695800.00 ns, 460.7890 us/op
// GC:  195 20 0 2456125440 2048
// Threading:  0 0 2048


Mean = 461.380 μs, StdErr = 2.708 μs (0.59%), N = 15, StdDev = 10.487 μs
Min = 444.418 μs, Q1 = 454.927 μs, Median = 461.237 μs, Q3 = 466.458 μs, Max = 479.744 μs
IQR = 11.531 μs, LowerFence = 437.631 μs, UpperFence = 483.754 μs
ConfidenceInterval = [450.169 μs; 472.592 μs] (CI 99.9%), Margin = 11.211 μs (2.43% of Mean)
Skewness = 0.04, Kurtosis = 2.05, MValue = 2

// ** Remained 22 (78.6%) benchmark(s) to run. Estimated finish 2026-09-09 16:54 (0h 6m from now) **
Setup power plan (GUID: 8c5e7fda-e8bf-4a96-9a85-a6e23a8c635c FriendlyName: High performance)
// **************************
// Benchmark: CardBattleEngineBenchmark.EngineIterateActions: Job-ERIHKH(Toolchain=InProcessNoEmitToolchain, IterationCount=15, LaunchCount=1, WarmupCount=3) [EntityCount=2, MaxDepth=3]
// *** Execute ***
// Launch: 1 / 1

// Benchmark Process Environment Information:
// BenchmarkDotNet v0.15.8
// Runtime=.NET 8.0.28 (8.0.28, 8.0.2826.26413), X64 RyuJIT x86-64-v3
// GC=Concurrent Workstation
// HardwareIntrinsics=AVX2+BMI1+BMI2+F16C+FMA+LZCNT+MOVBE,AVX,SSE3+SSSE3+SSE4.1+SSE4.2+POPCNT,X86Base+SSE+SSE2,AES+PCLMUL,AvxVnni,SERIALIZE VectorSize=256
// Job: Job-ERIHKH(Toolchain=InProcessNoEmitToolchain, IterationCount=15, LaunchCount=1, WarmupCount=3)

OverheadJitting  1: 1 op, 300.00 ns, 300.0000 ns/op
WorkloadJitting  1: 1 op, 606100.00 ns, 606.1000 us/op

OverheadJitting  2: 16 op, 500.00 ns, 31.2500 ns/op
WorkloadJitting  2: 16 op, 13790000.00 ns, 861.8750 us/op

WorkloadPilot    1: 16 op, 13873800.00 ns, 867.1125 us/op
WorkloadPilot    2: 32 op, 22003600.00 ns, 687.6125 us/op
WorkloadPilot    3: 64 op, 43761900.00 ns, 683.7797 us/op
WorkloadPilot    4: 128 op, 83744200.00 ns, 654.2516 us/op
WorkloadPilot    5: 256 op, 177774100.00 ns, 694.4301 us/op
WorkloadPilot    6: 512 op, 386438700.00 ns, 754.7631 us/op
WorkloadPilot    7: 1024 op, 732656500.00 ns, 715.4849 us/op

OverheadWarmup   1: 1024 op, 3300.00 ns, 3.2227 ns/op
OverheadWarmup   2: 1024 op, 3000.00 ns, 2.9297 ns/op
OverheadWarmup   3: 1024 op, 3300.00 ns, 3.2227 ns/op
OverheadWarmup   4: 1024 op, 3300.00 ns, 3.2227 ns/op
OverheadWarmup   5: 1024 op, 3000.00 ns, 2.9297 ns/op
OverheadWarmup   6: 1024 op, 3000.00 ns, 2.9297 ns/op

OverheadActual   1: 1024 op, 3000.00 ns, 2.9297 ns/op
OverheadActual   2: 1024 op, 3200.00 ns, 3.1250 ns/op
OverheadActual   3: 1024 op, 2900.00 ns, 2.8320 ns/op
OverheadActual   4: 1024 op, 2900.00 ns, 2.8320 ns/op
OverheadActual   5: 1024 op, 2900.00 ns, 2.8320 ns/op
OverheadActual   6: 1024 op, 2900.00 ns, 2.8320 ns/op
OverheadActual   7: 1024 op, 2900.00 ns, 2.8320 ns/op
OverheadActual   8: 1024 op, 2900.00 ns, 2.8320 ns/op
OverheadActual   9: 1024 op, 2900.00 ns, 2.8320 ns/op
OverheadActual  10: 1024 op, 3000.00 ns, 2.9297 ns/op
OverheadActual  11: 1024 op, 2700.00 ns, 2.6367 ns/op
OverheadActual  12: 1024 op, 2900.00 ns, 2.8320 ns/op
OverheadActual  13: 1024 op, 2900.00 ns, 2.8320 ns/op
OverheadActual  14: 1024 op, 2900.00 ns, 2.8320 ns/op
OverheadActual  15: 1024 op, 2900.00 ns, 2.8320 ns/op

WorkloadWarmup   1: 1024 op, 710856800.00 ns, 694.1961 us/op
WorkloadWarmup   2: 1024 op, 702647000.00 ns, 686.1787 us/op
WorkloadWarmup   3: 1024 op, 747460900.00 ns, 729.9423 us/op

WorkloadActual   1: 1024 op, 707552200.00 ns, 690.9689 us/op
WorkloadActual   2: 1024 op, 722300000.00 ns, 705.3711 us/op
WorkloadActual   3: 1024 op, 735688200.00 ns, 718.4455 us/op
WorkloadActual   4: 1024 op, 693066200.00 ns, 676.8225 us/op
WorkloadActual   5: 1024 op, 689456000.00 ns, 673.2969 us/op
WorkloadActual   6: 1024 op, 730609000.00 ns, 713.4854 us/op
WorkloadActual   7: 1024 op, 712015300.00 ns, 695.3274 us/op
WorkloadActual   8: 1024 op, 694989700.00 ns, 678.7009 us/op
WorkloadActual   9: 1024 op, 713589800.00 ns, 696.8650 us/op
WorkloadActual  10: 1024 op, 720881300.00 ns, 703.9856 us/op
WorkloadActual  11: 1024 op, 713721600.00 ns, 696.9938 us/op
WorkloadActual  12: 1024 op, 724071200.00 ns, 707.1008 us/op
WorkloadActual  13: 1024 op, 708927800.00 ns, 692.3123 us/op
WorkloadActual  14: 1024 op, 702280100.00 ns, 685.8204 us/op
WorkloadActual  15: 1024 op, 730637600.00 ns, 713.5133 us/op

WorkloadResult   1: 1024 op, 707549300.00 ns, 690.9661 us/op
WorkloadResult   2: 1024 op, 722297100.00 ns, 705.3683 us/op
WorkloadResult   3: 1024 op, 735685300.00 ns, 718.4427 us/op
WorkloadResult   4: 1024 op, 693063300.00 ns, 676.8196 us/op
WorkloadResult   5: 1024 op, 689453100.00 ns, 673.2940 us/op
WorkloadResult   6: 1024 op, 730606100.00 ns, 713.4825 us/op
WorkloadResult   7: 1024 op, 712012400.00 ns, 695.3246 us/op
WorkloadResult   8: 1024 op, 694986800.00 ns, 678.6980 us/op
WorkloadResult   9: 1024 op, 713586900.00 ns, 696.8622 us/op
WorkloadResult  10: 1024 op, 720878400.00 ns, 703.9828 us/op
WorkloadResult  11: 1024 op, 713718700.00 ns, 696.9909 us/op
WorkloadResult  12: 1024 op, 724068300.00 ns, 707.0979 us/op
WorkloadResult  13: 1024 op, 708924900.00 ns, 692.3095 us/op
WorkloadResult  14: 1024 op, 702277200.00 ns, 685.8176 us/op
WorkloadResult  15: 1024 op, 730634700.00 ns, 713.5104 us/op
// GC:  147 18 0 1848861296 1024
// Threading:  0 0 1024


Mean = 696.598 μs, StdErr = 3.594 μs (0.52%), N = 15, StdDev = 13.920 μs
Min = 673.294 μs, Q1 = 688.392 μs, Median = 696.862 μs, Q3 = 706.233 μs, Max = 718.443 μs
IQR = 17.841 μs, LowerFence = 661.630 μs, UpperFence = 732.995 μs
ConfidenceInterval = [681.716 μs; 711.479 μs] (CI 99.9%), Margin = 14.882 μs (2.14% of Mean)
Skewness = -0.13, Kurtosis = 1.74, MValue = 2

// ** Remained 21 (75.0%) benchmark(s) to run. Estimated finish 2026-09-09 16:54 (0h 5m from now) **
Setup power plan (GUID: 8c5e7fda-e8bf-4a96-9a85-a6e23a8c635c FriendlyName: High performance)
// **************************
// Benchmark: CardBattleEngineBenchmark.EngineIterateActions: Job-ERIHKH(Toolchain=InProcessNoEmitToolchain, IterationCount=15, LaunchCount=1, WarmupCount=3) [EntityCount=2, MaxDepth=4]
// *** Execute ***
// Launch: 1 / 1

// Benchmark Process Environment Information:
// BenchmarkDotNet v0.15.8
// Runtime=.NET 8.0.28 (8.0.28, 8.0.2826.26413), X64 RyuJIT x86-64-v3
// GC=Concurrent Workstation
// HardwareIntrinsics=AVX2+BMI1+BMI2+F16C+FMA+LZCNT+MOVBE,AVX,SSE3+SSSE3+SSE4.1+SSE4.2+POPCNT,X86Base+SSE+SSE2,AES+PCLMUL,AvxVnni,SERIALIZE VectorSize=256
// Job: Job-ERIHKH(Toolchain=InProcessNoEmitToolchain, IterationCount=15, LaunchCount=1, WarmupCount=3)

OverheadJitting  1: 1 op, 400.00 ns, 400.0000 ns/op
WorkloadJitting  1: 1 op, 696400.00 ns, 696.4000 us/op

OverheadJitting  2: 16 op, 500.00 ns, 31.2500 ns/op
WorkloadJitting  2: 16 op, 15264700.00 ns, 954.0438 us/op

WorkloadPilot    1: 16 op, 14190800.00 ns, 886.9250 us/op
WorkloadPilot    2: 32 op, 26111800.00 ns, 815.9938 us/op
WorkloadPilot    3: 64 op, 53437600.00 ns, 834.9625 us/op
WorkloadPilot    4: 128 op, 103760400.00 ns, 810.6281 us/op
WorkloadPilot    5: 256 op, 211098000.00 ns, 824.6016 us/op
WorkloadPilot    6: 512 op, 428995500.00 ns, 837.8818 us/op
WorkloadPilot    7: 1024 op, 849682900.00 ns, 829.7685 us/op

OverheadWarmup   1: 1024 op, 2400.00 ns, 2.3438 ns/op
OverheadWarmup   2: 1024 op, 2400.00 ns, 2.3438 ns/op
OverheadWarmup   3: 1024 op, 2300.00 ns, 2.2461 ns/op
OverheadWarmup   4: 1024 op, 2700.00 ns, 2.6367 ns/op
OverheadWarmup   5: 1024 op, 2500.00 ns, 2.4414 ns/op

OverheadActual   1: 1024 op, 2400.00 ns, 2.3438 ns/op
OverheadActual   2: 1024 op, 2300.00 ns, 2.2461 ns/op
OverheadActual   3: 1024 op, 2500.00 ns, 2.4414 ns/op
OverheadActual   4: 1024 op, 2400.00 ns, 2.3438 ns/op
OverheadActual   5: 1024 op, 2500.00 ns, 2.4414 ns/op
OverheadActual   6: 1024 op, 15300.00 ns, 14.9414 ns/op
OverheadActual   7: 1024 op, 2500.00 ns, 2.4414 ns/op
OverheadActual   8: 1024 op, 2600.00 ns, 2.5391 ns/op
OverheadActual   9: 1024 op, 3200.00 ns, 3.1250 ns/op
OverheadActual  10: 1024 op, 3100.00 ns, 3.0273 ns/op
OverheadActual  11: 1024 op, 3200.00 ns, 3.1250 ns/op
OverheadActual  12: 1024 op, 3200.00 ns, 3.1250 ns/op
OverheadActual  13: 1024 op, 3100.00 ns, 3.0273 ns/op
OverheadActual  14: 1024 op, 3000.00 ns, 2.9297 ns/op
OverheadActual  15: 1024 op, 3100.00 ns, 3.0273 ns/op
OverheadActual  16: 1024 op, 3100.00 ns, 3.0273 ns/op
OverheadActual  17: 1024 op, 3100.00 ns, 3.0273 ns/op
OverheadActual  18: 1024 op, 3000.00 ns, 2.9297 ns/op
OverheadActual  19: 1024 op, 2900.00 ns, 2.8320 ns/op
OverheadActual  20: 1024 op, 3100.00 ns, 3.0273 ns/op

WorkloadWarmup   1: 1024 op, 864335200.00 ns, 844.0773 us/op
WorkloadWarmup   2: 1024 op, 907016000.00 ns, 885.7578 us/op
WorkloadWarmup   3: 1024 op, 813129500.00 ns, 794.0718 us/op

WorkloadActual   1: 1024 op, 963643000.00 ns, 941.0576 us/op
WorkloadActual   2: 1024 op, 955943400.00 ns, 933.5385 us/op
WorkloadActual   3: 1024 op, 930214800.00 ns, 908.4129 us/op
WorkloadActual   4: 1024 op, 952316800.00 ns, 929.9969 us/op
WorkloadActual   5: 1024 op, 941931100.00 ns, 919.8546 us/op
WorkloadActual   6: 1024 op, 923193500.00 ns, 901.5562 us/op
WorkloadActual   7: 1024 op, 896715900.00 ns, 875.6991 us/op
WorkloadActual   8: 1024 op, 930621200.00 ns, 908.8098 us/op
WorkloadActual   9: 1024 op, 933010200.00 ns, 911.1428 us/op
WorkloadActual  10: 1024 op, 896447000.00 ns, 875.4365 us/op
WorkloadActual  11: 1024 op, 851630100.00 ns, 831.6700 us/op
WorkloadActual  12: 1024 op, 902531200.00 ns, 881.3781 us/op
WorkloadActual  13: 1024 op, 879139000.00 ns, 858.5342 us/op
WorkloadActual  14: 1024 op, 834009500.00 ns, 814.4624 us/op
WorkloadActual  15: 1024 op, 868736200.00 ns, 848.3752 us/op

WorkloadResult   1: 1024 op, 963639950.00 ns, 941.0546 us/op
WorkloadResult   2: 1024 op, 955940350.00 ns, 933.5355 us/op
WorkloadResult   3: 1024 op, 930211750.00 ns, 908.4099 us/op
WorkloadResult   4: 1024 op, 952313750.00 ns, 929.9939 us/op
WorkloadResult   5: 1024 op, 941928050.00 ns, 919.8516 us/op
WorkloadResult   6: 1024 op, 923190450.00 ns, 901.5532 us/op
WorkloadResult   7: 1024 op, 896712850.00 ns, 875.6961 us/op
WorkloadResult   8: 1024 op, 930618150.00 ns, 908.8068 us/op
WorkloadResult   9: 1024 op, 933007150.00 ns, 911.1398 us/op
WorkloadResult  10: 1024 op, 896443950.00 ns, 875.4335 us/op
WorkloadResult  11: 1024 op, 851627050.00 ns, 831.6670 us/op
WorkloadResult  12: 1024 op, 902528150.00 ns, 881.3751 us/op
WorkloadResult  13: 1024 op, 879135950.00 ns, 858.5312 us/op
WorkloadResult  14: 1024 op, 834006450.00 ns, 814.4594 us/op
WorkloadResult  15: 1024 op, 868733150.00 ns, 848.3722 us/op
// GC:  176 22 0 2215624704 1024
// Threading:  0 0 1024


Mean = 889.325 μs, StdErr = 9.900 μs (1.11%), N = 15, StdDev = 38.343 μs
Min = 814.459 μs, Q1 = 866.982 μs, Median = 901.553 μs, Q3 = 915.496 μs, Max = 941.055 μs
IQR = 48.513 μs, LowerFence = 794.212 μs, UpperFence = 988.266 μs
ConfidenceInterval = [848.335 μs; 930.316 μs] (CI 99.9%), Margin = 40.991 μs (4.61% of Mean)
Skewness = -0.43, Kurtosis = 1.89, MValue = 2

// ** Remained 20 (71.4%) benchmark(s) to run. Estimated finish 2026-09-09 16:54 (0h 5m from now) **
Setup power plan (GUID: 8c5e7fda-e8bf-4a96-9a85-a6e23a8c635c FriendlyName: High performance)
// **************************
// Benchmark: CardBattleEngineBenchmark.EngineIterateActions: Job-ERIHKH(Toolchain=InProcessNoEmitToolchain, IterationCount=15, LaunchCount=1, WarmupCount=3) [EntityCount=3, MaxDepth=1]
// *** Execute ***
// Launch: 1 / 1

// Benchmark Process Environment Information:
// BenchmarkDotNet v0.15.8
// Runtime=.NET 8.0.28 (8.0.28, 8.0.2826.26413), X64 RyuJIT x86-64-v3
// GC=Concurrent Workstation
// HardwareIntrinsics=AVX2+BMI1+BMI2+F16C+FMA+LZCNT+MOVBE,AVX,SSE3+SSSE3+SSE4.1+SSE4.2+POPCNT,X86Base+SSE+SSE2,AES+PCLMUL,AvxVnni,SERIALIZE VectorSize=256
// Job: Job-ERIHKH(Toolchain=InProcessNoEmitToolchain, IterationCount=15, LaunchCount=1, WarmupCount=3)

OverheadJitting  1: 1 op, 400.00 ns, 400.0000 ns/op
WorkloadJitting  1: 1 op, 427400.00 ns, 427.4000 us/op

OverheadJitting  2: 16 op, 400.00 ns, 25.0000 ns/op
WorkloadJitting  2: 16 op, 9373000.00 ns, 585.8125 us/op

WorkloadPilot    1: 16 op, 9197500.00 ns, 574.8438 us/op
WorkloadPilot    2: 32 op, 14264600.00 ns, 445.7688 us/op
WorkloadPilot    3: 64 op, 32929700.00 ns, 514.5266 us/op
WorkloadPilot    4: 128 op, 59408400.00 ns, 464.1281 us/op
WorkloadPilot    5: 256 op, 107664000.00 ns, 420.5625 us/op
WorkloadPilot    6: 512 op, 217499900.00 ns, 424.8045 us/op
WorkloadPilot    7: 1024 op, 443158400.00 ns, 432.7719 us/op
WorkloadPilot    8: 2048 op, 899728700.00 ns, 439.3207 us/op

OverheadWarmup   1: 2048 op, 6600.00 ns, 3.2227 ns/op
OverheadWarmup   2: 2048 op, 6200.00 ns, 3.0273 ns/op
OverheadWarmup   3: 2048 op, 6300.00 ns, 3.0762 ns/op
OverheadWarmup   4: 2048 op, 4600.00 ns, 2.2461 ns/op
OverheadWarmup   5: 2048 op, 6100.00 ns, 2.9785 ns/op
OverheadWarmup   6: 2048 op, 6000.00 ns, 2.9297 ns/op

OverheadActual   1: 2048 op, 6300.00 ns, 3.0762 ns/op
OverheadActual   2: 2048 op, 6200.00 ns, 3.0273 ns/op
OverheadActual   3: 2048 op, 5900.00 ns, 2.8809 ns/op
OverheadActual   4: 2048 op, 5900.00 ns, 2.8809 ns/op
OverheadActual   5: 2048 op, 5800.00 ns, 2.8320 ns/op
OverheadActual   6: 2048 op, 5900.00 ns, 2.8809 ns/op
OverheadActual   7: 2048 op, 5900.00 ns, 2.8809 ns/op
OverheadActual   8: 2048 op, 5900.00 ns, 2.8809 ns/op
OverheadActual   9: 2048 op, 5900.00 ns, 2.8809 ns/op
OverheadActual  10: 2048 op, 5800.00 ns, 2.8320 ns/op
OverheadActual  11: 2048 op, 6000.00 ns, 2.9297 ns/op
OverheadActual  12: 2048 op, 6000.00 ns, 2.9297 ns/op
OverheadActual  13: 2048 op, 6000.00 ns, 2.9297 ns/op
OverheadActual  14: 2048 op, 5900.00 ns, 2.8809 ns/op
OverheadActual  15: 2048 op, 6100.00 ns, 2.9785 ns/op

WorkloadWarmup   1: 2048 op, 881735600.00 ns, 430.5350 us/op
WorkloadWarmup   2: 2048 op, 907123000.00 ns, 442.9312 us/op
WorkloadWarmup   3: 2048 op, 907563600.00 ns, 443.1463 us/op

WorkloadActual   1: 2048 op, 961638900.00 ns, 469.5502 us/op
WorkloadActual   2: 2048 op, 917246100.00 ns, 447.8741 us/op
WorkloadActual   3: 2048 op, 873629800.00 ns, 426.5771 us/op
WorkloadActual   4: 2048 op, 909543900.00 ns, 444.1132 us/op
WorkloadActual   5: 2048 op, 875268300.00 ns, 427.3771 us/op
WorkloadActual   6: 2048 op, 892354300.00 ns, 435.7199 us/op
WorkloadActual   7: 2048 op, 854876300.00 ns, 417.4201 us/op
WorkloadActual   8: 2048 op, 890575000.00 ns, 434.8511 us/op
WorkloadActual   9: 2048 op, 907386900.00 ns, 443.0600 us/op
WorkloadActual  10: 2048 op, 903348200.00 ns, 441.0880 us/op
WorkloadActual  11: 2048 op, 932186700.00 ns, 455.1693 us/op
WorkloadActual  12: 2048 op, 919531600.00 ns, 448.9900 us/op
WorkloadActual  13: 2048 op, 1011607000.00 ns, 493.9487 us/op
WorkloadActual  14: 2048 op, 944515400.00 ns, 461.1892 us/op
WorkloadActual  15: 2048 op, 909007300.00 ns, 443.8512 us/op

WorkloadResult   1: 2048 op, 961633000.00 ns, 469.5474 us/op
WorkloadResult   2: 2048 op, 917240200.00 ns, 447.8712 us/op
WorkloadResult   3: 2048 op, 873623900.00 ns, 426.5742 us/op
WorkloadResult   4: 2048 op, 909538000.00 ns, 444.1104 us/op
WorkloadResult   5: 2048 op, 875262400.00 ns, 427.3742 us/op
WorkloadResult   6: 2048 op, 892348400.00 ns, 435.7170 us/op
WorkloadResult   7: 2048 op, 854870400.00 ns, 417.4172 us/op
WorkloadResult   8: 2048 op, 890569100.00 ns, 434.8482 us/op
WorkloadResult   9: 2048 op, 907381000.00 ns, 443.0571 us/op
WorkloadResult  10: 2048 op, 903342300.00 ns, 441.0851 us/op
WorkloadResult  11: 2048 op, 932180800.00 ns, 455.1664 us/op
WorkloadResult  12: 2048 op, 919525700.00 ns, 448.9872 us/op
WorkloadResult  13: 2048 op, 944509500.00 ns, 461.1863 us/op
WorkloadResult  14: 2048 op, 909001400.00 ns, 443.8483 us/op
// GC:  188 17 0 2364276736 2048
// Threading:  0 0 2048


Mean = 442.628 μs, StdErr = 3.732 μs (0.84%), N = 14, StdDev = 13.963 μs
Min = 417.417 μs, Q1 = 435.065 μs, Median = 443.453 μs, Q3 = 448.708 μs, Max = 469.547 μs
IQR = 13.643 μs, LowerFence = 414.601 μs, UpperFence = 469.172 μs
ConfidenceInterval = [426.876 μs; 458.380 μs] (CI 99.9%), Margin = 15.752 μs (3.56% of Mean)
Skewness = 0.1, Kurtosis = 2.26, MValue = 2

// ** Remained 19 (67.9%) benchmark(s) to run. Estimated finish 2026-09-09 16:54 (0h 5m from now) **
Setup power plan (GUID: 8c5e7fda-e8bf-4a96-9a85-a6e23a8c635c FriendlyName: High performance)
// **************************
// Benchmark: CardBattleEngineBenchmark.EngineIterateActions: Job-ERIHKH(Toolchain=InProcessNoEmitToolchain, IterationCount=15, LaunchCount=1, WarmupCount=3) [EntityCount=3, MaxDepth=2]
// *** Execute ***
// Launch: 1 / 1

// Benchmark Process Environment Information:
// BenchmarkDotNet v0.15.8
// Runtime=.NET 8.0.28 (8.0.28, 8.0.2826.26413), X64 RyuJIT x86-64-v3
// GC=Concurrent Workstation
// HardwareIntrinsics=AVX2+BMI1+BMI2+F16C+FMA+LZCNT+MOVBE,AVX,SSE3+SSSE3+SSE4.1+SSE4.2+POPCNT,X86Base+SSE+SSE2,AES+PCLMUL,AvxVnni,SERIALIZE VectorSize=256
// Job: Job-ERIHKH(Toolchain=InProcessNoEmitToolchain, IterationCount=15, LaunchCount=1, WarmupCount=3)

OverheadJitting  1: 1 op, 400.00 ns, 400.0000 ns/op
WorkloadJitting  1: 1 op, 1366200.00 ns, 1.3662 ms/op

OverheadJitting  2: 16 op, 600.00 ns, 37.5000 ns/op
WorkloadJitting  2: 16 op, 28591500.00 ns, 1.7870 ms/op

WorkloadPilot    1: 16 op, 28322100.00 ns, 1.7701 ms/op
WorkloadPilot    2: 32 op, 54383600.00 ns, 1.6995 ms/op
WorkloadPilot    3: 64 op, 108146700.00 ns, 1.6898 ms/op
WorkloadPilot    4: 128 op, 217433600.00 ns, 1.6987 ms/op
WorkloadPilot    5: 256 op, 458377300.00 ns, 1.7905 ms/op
WorkloadPilot    6: 512 op, 921128400.00 ns, 1.7991 ms/op

OverheadWarmup   1: 512 op, 1800.00 ns, 3.5156 ns/op
OverheadWarmup   2: 512 op, 1800.00 ns, 3.5156 ns/op
OverheadWarmup   3: 512 op, 1500.00 ns, 2.9297 ns/op
OverheadWarmup   4: 512 op, 1400.00 ns, 2.7344 ns/op
OverheadWarmup   5: 512 op, 1500.00 ns, 2.9297 ns/op
OverheadWarmup   6: 512 op, 1400.00 ns, 2.7344 ns/op

OverheadActual   1: 512 op, 1400.00 ns, 2.7344 ns/op
OverheadActual   2: 512 op, 1500.00 ns, 2.9297 ns/op
OverheadActual   3: 512 op, 1400.00 ns, 2.7344 ns/op
OverheadActual   4: 512 op, 1800.00 ns, 3.5156 ns/op
OverheadActual   5: 512 op, 2400.00 ns, 4.6875 ns/op
OverheadActual   6: 512 op, 2100.00 ns, 4.1016 ns/op
OverheadActual   7: 512 op, 2200.00 ns, 4.2969 ns/op
OverheadActual   8: 512 op, 2100.00 ns, 4.1016 ns/op
OverheadActual   9: 512 op, 2100.00 ns, 4.1016 ns/op
OverheadActual  10: 512 op, 2000.00 ns, 3.9063 ns/op
OverheadActual  11: 512 op, 2000.00 ns, 3.9063 ns/op
OverheadActual  12: 512 op, 2000.00 ns, 3.9063 ns/op
OverheadActual  13: 512 op, 1900.00 ns, 3.7109 ns/op
OverheadActual  14: 512 op, 2100.00 ns, 4.1016 ns/op
OverheadActual  15: 512 op, 1900.00 ns, 3.7109 ns/op
OverheadActual  16: 512 op, 1800.00 ns, 3.5156 ns/op
OverheadActual  17: 512 op, 1800.00 ns, 3.5156 ns/op
OverheadActual  18: 512 op, 1800.00 ns, 3.5156 ns/op
OverheadActual  19: 512 op, 1800.00 ns, 3.5156 ns/op
OverheadActual  20: 512 op, 1700.00 ns, 3.3203 ns/op

WorkloadWarmup   1: 512 op, 898356500.00 ns, 1.7546 ms/op
WorkloadWarmup   2: 512 op, 880579200.00 ns, 1.7199 ms/op
WorkloadWarmup   3: 512 op, 889597600.00 ns, 1.7375 ms/op

WorkloadActual   1: 512 op, 877612000.00 ns, 1.7141 ms/op
WorkloadActual   2: 512 op, 889184100.00 ns, 1.7367 ms/op
WorkloadActual   3: 512 op, 844773500.00 ns, 1.6499 ms/op
WorkloadActual   4: 512 op, 876558200.00 ns, 1.7120 ms/op
WorkloadActual   5: 512 op, 854732300.00 ns, 1.6694 ms/op
WorkloadActual   6: 512 op, 893597800.00 ns, 1.7453 ms/op
WorkloadActual   7: 512 op, 903713500.00 ns, 1.7651 ms/op
WorkloadActual   8: 512 op, 879953000.00 ns, 1.7187 ms/op
WorkloadActual   9: 512 op, 882997100.00 ns, 1.7246 ms/op
WorkloadActual  10: 512 op, 860694400.00 ns, 1.6810 ms/op
WorkloadActual  11: 512 op, 911387700.00 ns, 1.7801 ms/op
WorkloadActual  12: 512 op, 890645800.00 ns, 1.7395 ms/op
WorkloadActual  13: 512 op, 897808600.00 ns, 1.7535 ms/op
WorkloadActual  14: 512 op, 931879800.00 ns, 1.8201 ms/op
WorkloadActual  15: 512 op, 917337200.00 ns, 1.7917 ms/op

WorkloadResult   1: 512 op, 877610100.00 ns, 1.7141 ms/op
WorkloadResult   2: 512 op, 889182200.00 ns, 1.7367 ms/op
WorkloadResult   3: 512 op, 844771600.00 ns, 1.6499 ms/op
WorkloadResult   4: 512 op, 876556300.00 ns, 1.7120 ms/op
WorkloadResult   5: 512 op, 854730400.00 ns, 1.6694 ms/op
WorkloadResult   6: 512 op, 893595900.00 ns, 1.7453 ms/op
WorkloadResult   7: 512 op, 903711600.00 ns, 1.7651 ms/op
WorkloadResult   8: 512 op, 879951100.00 ns, 1.7187 ms/op
WorkloadResult   9: 512 op, 882995200.00 ns, 1.7246 ms/op
WorkloadResult  10: 512 op, 860692500.00 ns, 1.6810 ms/op
WorkloadResult  11: 512 op, 911385800.00 ns, 1.7801 ms/op
WorkloadResult  12: 512 op, 890643900.00 ns, 1.7395 ms/op
WorkloadResult  13: 512 op, 897806700.00 ns, 1.7535 ms/op
WorkloadResult  14: 512 op, 931877900.00 ns, 1.8201 ms/op
WorkloadResult  15: 512 op, 917335300.00 ns, 1.7917 ms/op
// GC:  174 23 0 2190446592 512
// Threading:  0 0 512


Mean = 1.733 ms, StdErr = 0.012 ms (0.69%), N = 15, StdDev = 0.046 ms
Min = 1.650 ms, Q1 = 1.713 ms, Median = 1.737 ms, Q3 = 1.759 ms, Max = 1.820 ms
IQR = 0.046 ms, LowerFence = 1.644 ms, UpperFence = 1.829 ms
ConfidenceInterval = [1.684 ms; 1.783 ms] (CI 99.9%), Margin = 0.049 ms (2.84% of Mean)
Skewness = -0.01, Kurtosis = 2.19, MValue = 2

// ** Remained 18 (64.3%) benchmark(s) to run. Estimated finish 2026-09-09 16:54 (0h 5m from now) **
Setup power plan (GUID: 8c5e7fda-e8bf-4a96-9a85-a6e23a8c635c FriendlyName: High performance)
// **************************
// Benchmark: CardBattleEngineBenchmark.EngineIterateActions: Job-ERIHKH(Toolchain=InProcessNoEmitToolchain, IterationCount=15, LaunchCount=1, WarmupCount=3) [EntityCount=3, MaxDepth=3]
// *** Execute ***
// Launch: 1 / 1

// Benchmark Process Environment Information:
// BenchmarkDotNet v0.15.8
// Runtime=.NET 8.0.28 (8.0.28, 8.0.2826.26413), X64 RyuJIT x86-64-v3
// GC=Concurrent Workstation
// HardwareIntrinsics=AVX2+BMI1+BMI2+F16C+FMA+LZCNT+MOVBE,AVX,SSE3+SSSE3+SSE4.1+SSE4.2+POPCNT,X86Base+SSE+SSE2,AES+PCLMUL,AvxVnni,SERIALIZE VectorSize=256
// Job: Job-ERIHKH(Toolchain=InProcessNoEmitToolchain, IterationCount=15, LaunchCount=1, WarmupCount=3)

OverheadJitting  1: 1 op, 500.00 ns, 500.0000 ns/op
WorkloadJitting  1: 1 op, 3399000.00 ns, 3.3990 ms/op

OverheadJitting  2: 16 op, 600.00 ns, 37.5000 ns/op
WorkloadJitting  2: 16 op, 51504300.00 ns, 3.2190 ms/op

WorkloadPilot    1: 16 op, 34403400.00 ns, 2.1502 ms/op
WorkloadPilot    2: 32 op, 73476700.00 ns, 2.2961 ms/op
WorkloadPilot    3: 64 op, 139145600.00 ns, 2.1742 ms/op
WorkloadPilot    4: 128 op, 297085900.00 ns, 2.3210 ms/op
WorkloadPilot    5: 256 op, 707323800.00 ns, 2.7630 ms/op

OverheadWarmup   1: 256 op, 1700.00 ns, 6.6406 ns/op
OverheadWarmup   2: 256 op, 1500.00 ns, 5.8594 ns/op
OverheadWarmup   3: 256 op, 1400.00 ns, 5.4688 ns/op
OverheadWarmup   4: 256 op, 1100.00 ns, 4.2969 ns/op
OverheadWarmup   5: 256 op, 1200.00 ns, 4.6875 ns/op
OverheadWarmup   6: 256 op, 1000.00 ns, 3.9063 ns/op
OverheadWarmup   7: 256 op, 1000.00 ns, 3.9063 ns/op
OverheadWarmup   8: 256 op, 1000.00 ns, 3.9063 ns/op

OverheadActual   1: 256 op, 1000.00 ns, 3.9063 ns/op
OverheadActual   2: 256 op, 1000.00 ns, 3.9063 ns/op
OverheadActual   3: 256 op, 1100.00 ns, 4.2969 ns/op
OverheadActual   4: 256 op, 1100.00 ns, 4.2969 ns/op
OverheadActual   5: 256 op, 1200.00 ns, 4.6875 ns/op
OverheadActual   6: 256 op, 1300.00 ns, 5.0781 ns/op
OverheadActual   7: 256 op, 1000.00 ns, 3.9063 ns/op
OverheadActual   8: 256 op, 1200.00 ns, 4.6875 ns/op
OverheadActual   9: 256 op, 1200.00 ns, 4.6875 ns/op
OverheadActual  10: 256 op, 1300.00 ns, 5.0781 ns/op
OverheadActual  11: 256 op, 1000.00 ns, 3.9063 ns/op
OverheadActual  12: 256 op, 1000.00 ns, 3.9063 ns/op
OverheadActual  13: 256 op, 1300.00 ns, 5.0781 ns/op
OverheadActual  14: 256 op, 1400.00 ns, 5.4688 ns/op
OverheadActual  15: 256 op, 1200.00 ns, 4.6875 ns/op
OverheadActual  16: 256 op, 1100.00 ns, 4.2969 ns/op
OverheadActual  17: 256 op, 1300.00 ns, 5.0781 ns/op
OverheadActual  18: 256 op, 1200.00 ns, 4.6875 ns/op
OverheadActual  19: 256 op, 1100.00 ns, 4.2969 ns/op
OverheadActual  20: 256 op, 1100.00 ns, 4.2969 ns/op

WorkloadWarmup   1: 256 op, 634703000.00 ns, 2.4793 ms/op
WorkloadWarmup   2: 256 op, 589592400.00 ns, 2.3031 ms/op
WorkloadWarmup   3: 256 op, 613493200.00 ns, 2.3965 ms/op

WorkloadActual   1: 256 op, 602358900.00 ns, 2.3530 ms/op
WorkloadActual   2: 256 op, 600273400.00 ns, 2.3448 ms/op
WorkloadActual   3: 256 op, 672034700.00 ns, 2.6251 ms/op
WorkloadActual   4: 256 op, 805724300.00 ns, 3.1474 ms/op
WorkloadActual   5: 256 op, 768624700.00 ns, 3.0024 ms/op
WorkloadActual   6: 256 op, 683396600.00 ns, 2.6695 ms/op
WorkloadActual   7: 256 op, 590806100.00 ns, 2.3078 ms/op
WorkloadActual   8: 256 op, 613396500.00 ns, 2.3961 ms/op
WorkloadActual   9: 256 op, 596888200.00 ns, 2.3316 ms/op
WorkloadActual  10: 256 op, 805889600.00 ns, 3.1480 ms/op
WorkloadActual  11: 256 op, 812143400.00 ns, 3.1724 ms/op
WorkloadActual  12: 256 op, 783515000.00 ns, 3.0606 ms/op
WorkloadActual  13: 256 op, 755044700.00 ns, 2.9494 ms/op
WorkloadActual  14: 256 op, 823911200.00 ns, 3.2184 ms/op
WorkloadActual  15: 256 op, 703295500.00 ns, 2.7472 ms/op

WorkloadResult   1: 256 op, 602357750.00 ns, 2.3530 ms/op
WorkloadResult   2: 256 op, 600272250.00 ns, 2.3448 ms/op
WorkloadResult   3: 256 op, 672033550.00 ns, 2.6251 ms/op
WorkloadResult   4: 256 op, 805723150.00 ns, 3.1474 ms/op
WorkloadResult   5: 256 op, 768623550.00 ns, 3.0024 ms/op
WorkloadResult   6: 256 op, 683395450.00 ns, 2.6695 ms/op
WorkloadResult   7: 256 op, 590804950.00 ns, 2.3078 ms/op
WorkloadResult   8: 256 op, 613395350.00 ns, 2.3961 ms/op
WorkloadResult   9: 256 op, 596887050.00 ns, 2.3316 ms/op
WorkloadResult  10: 256 op, 805888450.00 ns, 3.1480 ms/op
WorkloadResult  11: 256 op, 812142250.00 ns, 3.1724 ms/op
WorkloadResult  12: 256 op, 783513850.00 ns, 3.0606 ms/op
WorkloadResult  13: 256 op, 755043550.00 ns, 2.9494 ms/op
WorkloadResult  14: 256 op, 823910050.00 ns, 3.2184 ms/op
WorkloadResult  15: 256 op, 703294350.00 ns, 2.7472 ms/op
// GC:  123 18 0 1554038784 256
// Threading:  0 0 256


Mean = 2.765 ms, StdErr = 0.091 ms (3.30%), N = 15, StdDev = 0.354 ms
Min = 2.308 ms, Q1 = 2.375 ms, Median = 2.747 ms, Q3 = 3.104 ms, Max = 3.218 ms
IQR = 0.729 ms, LowerFence = 1.280 ms, UpperFence = 4.198 ms
ConfidenceInterval = [2.387 ms; 3.143 ms] (CI 99.9%), Margin = 0.378 ms (13.67% of Mean)
Skewness = -0.08, Kurtosis = 1.21, MValue = 3.71

// ** Remained 17 (60.7%) benchmark(s) to run. Estimated finish 2026-09-09 16:54 (0h 4m from now) **
Setup power plan (GUID: 8c5e7fda-e8bf-4a96-9a85-a6e23a8c635c FriendlyName: High performance)
// **************************
// Benchmark: CardBattleEngineBenchmark.EngineIterateActions: Job-ERIHKH(Toolchain=InProcessNoEmitToolchain, IterationCount=15, LaunchCount=1, WarmupCount=3) [EntityCount=3, MaxDepth=4]
// *** Execute ***
// Launch: 1 / 1

// Benchmark Process Environment Information:
// BenchmarkDotNet v0.15.8
// Runtime=.NET 8.0.28 (8.0.28, 8.0.2826.26413), X64 RyuJIT x86-64-v3
// GC=Concurrent Workstation
// HardwareIntrinsics=AVX2+BMI1+BMI2+F16C+FMA+LZCNT+MOVBE,AVX,SSE3+SSSE3+SSE4.1+SSE4.2+POPCNT,X86Base+SSE+SSE2,AES+PCLMUL,AvxVnni,SERIALIZE VectorSize=256
// Job: Job-ERIHKH(Toolchain=InProcessNoEmitToolchain, IterationCount=15, LaunchCount=1, WarmupCount=3)

OverheadJitting  1: 1 op, 700.00 ns, 700.0000 ns/op
WorkloadJitting  1: 1 op, 3616700.00 ns, 3.6167 ms/op

OverheadJitting  2: 16 op, 1000.00 ns, 62.5000 ns/op
WorkloadJitting  2: 16 op, 65795000.00 ns, 4.1122 ms/op

WorkloadPilot    1: 16 op, 66330700.00 ns, 4.1457 ms/op
WorkloadPilot    2: 32 op, 149833000.00 ns, 4.6823 ms/op
WorkloadPilot    3: 64 op, 323129000.00 ns, 5.0489 ms/op
WorkloadPilot    4: 128 op, 654012700.00 ns, 5.1095 ms/op

OverheadWarmup   1: 128 op, 1200.00 ns, 9.3750 ns/op
OverheadWarmup   2: 128 op, 1000.00 ns, 7.8125 ns/op
OverheadWarmup   3: 128 op, 1000.00 ns, 7.8125 ns/op
OverheadWarmup   4: 128 op, 900.00 ns, 7.0313 ns/op
OverheadWarmup   5: 128 op, 1000.00 ns, 7.8125 ns/op
OverheadWarmup   6: 128 op, 1000.00 ns, 7.8125 ns/op

OverheadActual   1: 128 op, 900.00 ns, 7.0313 ns/op
OverheadActual   2: 128 op, 600.00 ns, 4.6875 ns/op
OverheadActual   3: 128 op, 700.00 ns, 5.4688 ns/op
OverheadActual   4: 128 op, 900.00 ns, 7.0313 ns/op
OverheadActual   5: 128 op, 700.00 ns, 5.4688 ns/op
OverheadActual   6: 128 op, 1300.00 ns, 10.1563 ns/op
OverheadActual   7: 128 op, 1000.00 ns, 7.8125 ns/op
OverheadActual   8: 128 op, 900.00 ns, 7.0313 ns/op
OverheadActual   9: 128 op, 700.00 ns, 5.4688 ns/op
OverheadActual  10: 128 op, 1000.00 ns, 7.8125 ns/op
OverheadActual  11: 128 op, 900.00 ns, 7.0313 ns/op
OverheadActual  12: 128 op, 900.00 ns, 7.0313 ns/op
OverheadActual  13: 128 op, 1000.00 ns, 7.8125 ns/op
OverheadActual  14: 128 op, 1000.00 ns, 7.8125 ns/op
OverheadActual  15: 128 op, 1000.00 ns, 7.8125 ns/op
OverheadActual  16: 128 op, 1000.00 ns, 7.8125 ns/op
OverheadActual  17: 128 op, 900.00 ns, 7.0313 ns/op
OverheadActual  18: 128 op, 900.00 ns, 7.0313 ns/op
OverheadActual  19: 128 op, 900.00 ns, 7.0313 ns/op
OverheadActual  20: 128 op, 800.00 ns, 6.2500 ns/op

WorkloadWarmup   1: 128 op, 505423000.00 ns, 3.9486 ms/op
WorkloadWarmup   2: 128 op, 522549800.00 ns, 4.0824 ms/op
WorkloadWarmup   3: 128 op, 531109200.00 ns, 4.1493 ms/op

WorkloadActual   1: 128 op, 629006100.00 ns, 4.9141 ms/op
WorkloadActual   2: 128 op, 510486600.00 ns, 3.9882 ms/op
WorkloadActual   3: 128 op, 397382700.00 ns, 3.1046 ms/op
WorkloadActual   4: 128 op, 411728400.00 ns, 3.2166 ms/op
WorkloadActual   5: 128 op, 457309100.00 ns, 3.5727 ms/op
WorkloadActual   6: 128 op, 405243300.00 ns, 3.1660 ms/op
WorkloadActual   7: 128 op, 583646100.00 ns, 4.5597 ms/op
WorkloadActual   8: 128 op, 514196800.00 ns, 4.0172 ms/op
WorkloadActual   9: 128 op, 553400600.00 ns, 4.3234 ms/op
WorkloadActual  10: 128 op, 503968400.00 ns, 3.9373 ms/op
WorkloadActual  11: 128 op, 451607500.00 ns, 3.5282 ms/op
WorkloadActual  12: 128 op, 465183900.00 ns, 3.6342 ms/op
WorkloadActual  13: 128 op, 501021800.00 ns, 3.9142 ms/op
WorkloadActual  14: 128 op, 602577300.00 ns, 4.7076 ms/op
WorkloadActual  15: 128 op, 472731800.00 ns, 3.6932 ms/op

WorkloadResult   1: 128 op, 629005200.00 ns, 4.9141 ms/op
WorkloadResult   2: 128 op, 510485700.00 ns, 3.9882 ms/op
WorkloadResult   3: 128 op, 397381800.00 ns, 3.1045 ms/op
WorkloadResult   4: 128 op, 411727500.00 ns, 3.2166 ms/op
WorkloadResult   5: 128 op, 457308200.00 ns, 3.5727 ms/op
WorkloadResult   6: 128 op, 405242400.00 ns, 3.1660 ms/op
WorkloadResult   7: 128 op, 583645200.00 ns, 4.5597 ms/op
WorkloadResult   8: 128 op, 514195900.00 ns, 4.0172 ms/op
WorkloadResult   9: 128 op, 553399700.00 ns, 4.3234 ms/op
WorkloadResult  10: 128 op, 503967500.00 ns, 3.9372 ms/op
WorkloadResult  11: 128 op, 451606600.00 ns, 3.5282 ms/op
WorkloadResult  12: 128 op, 465183000.00 ns, 3.6342 ms/op
WorkloadResult  13: 128 op, 501020900.00 ns, 3.9142 ms/op
WorkloadResult  14: 128 op, 602576400.00 ns, 4.7076 ms/op
WorkloadResult  15: 128 op, 472730900.00 ns, 3.6932 ms/op
// GC:  81 14 0 1021479200 128
// Threading:  0 0 128


Mean = 3.885 ms, StdErr = 0.143 ms (3.69%), N = 15, StdDev = 0.555 ms
Min = 3.105 ms, Q1 = 3.550 ms, Median = 3.914 ms, Q3 = 4.170 ms, Max = 4.914 ms
IQR = 0.620 ms, LowerFence = 2.621 ms, UpperFence = 5.100 ms
ConfidenceInterval = [3.292 ms; 4.478 ms] (CI 99.9%), Margin = 0.593 ms (15.27% of Mean)
Skewness = 0.31, Kurtosis = 1.89, MValue = 3

// ** Remained 16 (57.1%) benchmark(s) to run. Estimated finish 2026-09-09 16:54 (0h 4m from now) **
Setup power plan (GUID: 8c5e7fda-e8bf-4a96-9a85-a6e23a8c635c FriendlyName: High performance)
// **************************
// Benchmark: CardBattleEngineBenchmark.EngineIterateActions: Job-ERIHKH(Toolchain=InProcessNoEmitToolchain, IterationCount=15, LaunchCount=1, WarmupCount=3) [EntityCount=4, MaxDepth=1]
// *** Execute ***
// Launch: 1 / 1

// Benchmark Process Environment Information:
// BenchmarkDotNet v0.15.8
// Runtime=.NET 8.0.28 (8.0.28, 8.0.2826.26413), X64 RyuJIT x86-64-v3
// GC=Concurrent Workstation
// HardwareIntrinsics=AVX2+BMI1+BMI2+F16C+FMA+LZCNT+MOVBE,AVX,SSE3+SSSE3+SSE4.1+SSE4.2+POPCNT,X86Base+SSE+SSE2,AES+PCLMUL,AvxVnni,SERIALIZE VectorSize=256
// Job: Job-ERIHKH(Toolchain=InProcessNoEmitToolchain, IterationCount=15, LaunchCount=1, WarmupCount=3)

OverheadJitting  1: 1 op, 600.00 ns, 600.0000 ns/op
WorkloadJitting  1: 1 op, 1730800.00 ns, 1.7308 ms/op

OverheadJitting  2: 16 op, 1000.00 ns, 62.5000 ns/op
WorkloadJitting  2: 16 op, 17156900.00 ns, 1.0723 ms/op

WorkloadPilot    1: 16 op, 22411800.00 ns, 1.4007 ms/op
WorkloadPilot    2: 32 op, 47098700.00 ns, 1.4718 ms/op
WorkloadPilot    3: 64 op, 82409600.00 ns, 1.2877 ms/op
WorkloadPilot    4: 128 op, 168033100.00 ns, 1.3128 ms/op
WorkloadPilot    5: 256 op, 285960500.00 ns, 1.1170 ms/op
WorkloadPilot    6: 512 op, 578683900.00 ns, 1.1302 ms/op

OverheadWarmup   1: 512 op, 2100.00 ns, 4.1016 ns/op
OverheadWarmup   2: 512 op, 1900.00 ns, 3.7109 ns/op
OverheadWarmup   3: 512 op, 1800.00 ns, 3.5156 ns/op
OverheadWarmup   4: 512 op, 1600.00 ns, 3.1250 ns/op
OverheadWarmup   5: 512 op, 1700.00 ns, 3.3203 ns/op
OverheadWarmup   6: 512 op, 1800.00 ns, 3.5156 ns/op
OverheadWarmup   7: 512 op, 1600.00 ns, 3.1250 ns/op
OverheadWarmup   8: 512 op, 1700.00 ns, 3.3203 ns/op
OverheadWarmup   9: 512 op, 1800.00 ns, 3.5156 ns/op
OverheadWarmup  10: 512 op, 1700.00 ns, 3.3203 ns/op

OverheadActual   1: 512 op, 1900.00 ns, 3.7109 ns/op
OverheadActual   2: 512 op, 1800.00 ns, 3.5156 ns/op
OverheadActual   3: 512 op, 2000.00 ns, 3.9063 ns/op
OverheadActual   4: 512 op, 2000.00 ns, 3.9063 ns/op
OverheadActual   5: 512 op, 2100.00 ns, 4.1016 ns/op
OverheadActual   6: 512 op, 2100.00 ns, 4.1016 ns/op
OverheadActual   7: 512 op, 2300.00 ns, 4.4922 ns/op
OverheadActual   8: 512 op, 2300.00 ns, 4.4922 ns/op
OverheadActual   9: 512 op, 2300.00 ns, 4.4922 ns/op
OverheadActual  10: 512 op, 2500.00 ns, 4.8828 ns/op
OverheadActual  11: 512 op, 2500.00 ns, 4.8828 ns/op
OverheadActual  12: 512 op, 2400.00 ns, 4.6875 ns/op
OverheadActual  13: 512 op, 2500.00 ns, 4.8828 ns/op
OverheadActual  14: 512 op, 1700.00 ns, 3.3203 ns/op
OverheadActual  15: 512 op, 1800.00 ns, 3.5156 ns/op
OverheadActual  16: 512 op, 1800.00 ns, 3.5156 ns/op
OverheadActual  17: 512 op, 1800.00 ns, 3.5156 ns/op
OverheadActual  18: 512 op, 1600.00 ns, 3.1250 ns/op
OverheadActual  19: 512 op, 1600.00 ns, 3.1250 ns/op
OverheadActual  20: 512 op, 19800.00 ns, 38.6719 ns/op

WorkloadWarmup   1: 512 op, 580711300.00 ns, 1.1342 ms/op
WorkloadWarmup   2: 512 op, 489702000.00 ns, 956.4492 us/op
WorkloadWarmup   3: 512 op, 433308200.00 ns, 846.3051 us/op

WorkloadActual   1: 512 op, 470694200.00 ns, 919.3246 us/op
WorkloadActual   2: 512 op, 473684800.00 ns, 925.1656 us/op
WorkloadActual   3: 512 op, 535104400.00 ns, 1.0451 ms/op
WorkloadActual   4: 512 op, 510614300.00 ns, 997.2936 us/op
WorkloadActual   5: 512 op, 528593700.00 ns, 1.0324 ms/op
WorkloadActual   6: 512 op, 464084400.00 ns, 906.4148 us/op
WorkloadActual   7: 512 op, 534704300.00 ns, 1.0443 ms/op
WorkloadActual   8: 512 op, 504098100.00 ns, 984.5666 us/op
WorkloadActual   9: 512 op, 539544100.00 ns, 1.0538 ms/op
WorkloadActual  10: 512 op, 488004000.00 ns, 953.1328 us/op
WorkloadActual  11: 512 op, 451692600.00 ns, 882.2121 us/op
WorkloadActual  12: 512 op, 448016800.00 ns, 875.0328 us/op
WorkloadActual  13: 512 op, 473524400.00 ns, 924.8523 us/op
WorkloadActual  14: 512 op, 578285200.00 ns, 1.1295 ms/op
WorkloadActual  15: 512 op, 632391200.00 ns, 1.2351 ms/op

WorkloadResult   1: 512 op, 470692150.00 ns, 919.3206 us/op
WorkloadResult   2: 512 op, 473682750.00 ns, 925.1616 us/op
WorkloadResult   3: 512 op, 535102350.00 ns, 1.0451 ms/op
WorkloadResult   4: 512 op, 510612250.00 ns, 997.2896 us/op
WorkloadResult   5: 512 op, 528591650.00 ns, 1.0324 ms/op
WorkloadResult   6: 512 op, 464082350.00 ns, 906.4108 us/op
WorkloadResult   7: 512 op, 534702250.00 ns, 1.0443 ms/op
WorkloadResult   8: 512 op, 504096050.00 ns, 984.5626 us/op
WorkloadResult   9: 512 op, 539542050.00 ns, 1.0538 ms/op
WorkloadResult  10: 512 op, 488001950.00 ns, 953.1288 us/op
WorkloadResult  11: 512 op, 451690550.00 ns, 882.2081 us/op
WorkloadResult  12: 512 op, 448014750.00 ns, 875.0288 us/op
WorkloadResult  13: 512 op, 473522350.00 ns, 924.8483 us/op
WorkloadResult  14: 512 op, 578283150.00 ns, 1.1295 ms/op
// GC:  95 11 0 1192530544 512
// Threading:  0 0 512


Mean = 976.649 μs, StdErr = 20.371 μs (2.09%), N = 14, StdDev = 76.220 μs
Min = 875.029 μs, Q1 = 920.703 μs, Median = 968.846 μs, Q3 = 1,041.357 μs, Max = 1,129.459 μs
IQR = 120.654 μs, LowerFence = 739.721 μs, UpperFence = 1,222.338 μs
ConfidenceInterval = [890.667 μs; 1,062.630 μs] (CI 99.9%), Margin = 85.981 μs (8.80% of Mean)
Skewness = 0.34, Kurtosis = 1.84, MValue = 2

// ** Remained 15 (53.6%) benchmark(s) to run. Estimated finish 2026-09-09 16:53 (0h 4m from now) **
Setup power plan (GUID: 8c5e7fda-e8bf-4a96-9a85-a6e23a8c635c FriendlyName: High performance)
// **************************
// Benchmark: CardBattleEngineBenchmark.EngineIterateActions: Job-ERIHKH(Toolchain=InProcessNoEmitToolchain, IterationCount=15, LaunchCount=1, WarmupCount=3) [EntityCount=4, MaxDepth=2]
// *** Execute ***
// Launch: 1 / 1

// Benchmark Process Environment Information:
// BenchmarkDotNet v0.15.8
// Runtime=.NET 8.0.28 (8.0.28, 8.0.2826.26413), X64 RyuJIT x86-64-v3
// GC=Concurrent Workstation
// HardwareIntrinsics=AVX2+BMI1+BMI2+F16C+FMA+LZCNT+MOVBE,AVX,SSE3+SSSE3+SSE4.1+SSE4.2+POPCNT,X86Base+SSE+SSE2,AES+PCLMUL,AvxVnni,SERIALIZE VectorSize=256
// Job: Job-ERIHKH(Toolchain=InProcessNoEmitToolchain, IterationCount=15, LaunchCount=1, WarmupCount=3)

OverheadJitting  1: 1 op, 500.00 ns, 500.0000 ns/op
WorkloadJitting  1: 1 op, 3525600.00 ns, 3.5256 ms/op

OverheadJitting  2: 16 op, 500.00 ns, 31.2500 ns/op
WorkloadJitting  2: 16 op, 70792400.00 ns, 4.4245 ms/op

WorkloadPilot    1: 16 op, 72620000.00 ns, 4.5388 ms/op
WorkloadPilot    2: 32 op, 136903400.00 ns, 4.2782 ms/op
WorkloadPilot    3: 64 op, 314972500.00 ns, 4.9214 ms/op
WorkloadPilot    4: 128 op, 630429500.00 ns, 4.9252 ms/op

OverheadWarmup   1: 128 op, 800.00 ns, 6.2500 ns/op
OverheadWarmup   2: 128 op, 1100.00 ns, 8.5938 ns/op
OverheadWarmup   3: 128 op, 600.00 ns, 4.6875 ns/op
OverheadWarmup   4: 128 op, 600.00 ns, 4.6875 ns/op
OverheadWarmup   5: 128 op, 500.00 ns, 3.9063 ns/op

OverheadActual   1: 128 op, 700.00 ns, 5.4688 ns/op
OverheadActual   2: 128 op, 1000.00 ns, 7.8125 ns/op
OverheadActual   3: 128 op, 500.00 ns, 3.9063 ns/op
OverheadActual   4: 128 op, 600.00 ns, 4.6875 ns/op
OverheadActual   5: 128 op, 500.00 ns, 3.9063 ns/op
OverheadActual   6: 128 op, 500.00 ns, 3.9063 ns/op
OverheadActual   7: 128 op, 500.00 ns, 3.9063 ns/op
OverheadActual   8: 128 op, 500.00 ns, 3.9063 ns/op
OverheadActual   9: 128 op, 400.00 ns, 3.1250 ns/op
OverheadActual  10: 128 op, 600.00 ns, 4.6875 ns/op
OverheadActual  11: 128 op, 500.00 ns, 3.9063 ns/op
OverheadActual  12: 128 op, 700.00 ns, 5.4688 ns/op
OverheadActual  13: 128 op, 700.00 ns, 5.4688 ns/op
OverheadActual  14: 128 op, 600.00 ns, 4.6875 ns/op
OverheadActual  15: 128 op, 600.00 ns, 4.6875 ns/op
OverheadActual  16: 128 op, 600.00 ns, 4.6875 ns/op
OverheadActual  17: 128 op, 1000.00 ns, 7.8125 ns/op
OverheadActual  18: 128 op, 700.00 ns, 5.4688 ns/op
OverheadActual  19: 128 op, 800.00 ns, 6.2500 ns/op
OverheadActual  20: 128 op, 700.00 ns, 5.4688 ns/op

WorkloadWarmup   1: 128 op, 593971400.00 ns, 4.6404 ms/op
WorkloadWarmup   2: 128 op, 719082700.00 ns, 5.6178 ms/op
WorkloadWarmup   3: 128 op, 662415100.00 ns, 5.1751 ms/op

WorkloadActual   1: 128 op, 618435300.00 ns, 4.8315 ms/op
WorkloadActual   2: 128 op, 628363000.00 ns, 4.9091 ms/op
WorkloadActual   3: 128 op, 628146100.00 ns, 4.9074 ms/op
WorkloadActual   4: 128 op, 570629800.00 ns, 4.4580 ms/op
WorkloadActual   5: 128 op, 623058300.00 ns, 4.8676 ms/op
WorkloadActual   6: 128 op, 686648000.00 ns, 5.3644 ms/op
WorkloadActual   7: 128 op, 637610100.00 ns, 4.9813 ms/op
WorkloadActual   8: 128 op, 590324400.00 ns, 4.6119 ms/op
WorkloadActual   9: 128 op, 602387400.00 ns, 4.7062 ms/op
WorkloadActual  10: 128 op, 609866400.00 ns, 4.7646 ms/op
WorkloadActual  11: 128 op, 660909000.00 ns, 5.1634 ms/op
WorkloadActual  12: 128 op, 655597400.00 ns, 5.1219 ms/op
WorkloadActual  13: 128 op, 570007600.00 ns, 4.4532 ms/op
WorkloadActual  14: 128 op, 657436600.00 ns, 5.1362 ms/op
WorkloadActual  15: 128 op, 665134300.00 ns, 5.1964 ms/op

WorkloadResult   1: 128 op, 618434700.00 ns, 4.8315 ms/op
WorkloadResult   2: 128 op, 628362400.00 ns, 4.9091 ms/op
WorkloadResult   3: 128 op, 628145500.00 ns, 4.9074 ms/op
WorkloadResult   4: 128 op, 570629200.00 ns, 4.4580 ms/op
WorkloadResult   5: 128 op, 623057700.00 ns, 4.8676 ms/op
WorkloadResult   6: 128 op, 686647400.00 ns, 5.3644 ms/op
WorkloadResult   7: 128 op, 637609500.00 ns, 4.9813 ms/op
WorkloadResult   8: 128 op, 590323800.00 ns, 4.6119 ms/op
WorkloadResult   9: 128 op, 602386800.00 ns, 4.7061 ms/op
WorkloadResult  10: 128 op, 609865800.00 ns, 4.7646 ms/op
WorkloadResult  11: 128 op, 660908400.00 ns, 5.1633 ms/op
WorkloadResult  12: 128 op, 655596800.00 ns, 5.1219 ms/op
WorkloadResult  13: 128 op, 570007000.00 ns, 4.4532 ms/op
WorkloadResult  14: 128 op, 657436000.00 ns, 5.1362 ms/op
WorkloadResult  15: 128 op, 665133700.00 ns, 5.1964 ms/op
// GC:  120 22 0 1506860032 128
// Threading:  0 0 128


Mean = 4.898 ms, StdErr = 0.070 ms (1.43%), N = 15, StdDev = 0.270 ms
Min = 4.453 ms, Q1 = 4.735 ms, Median = 4.907 ms, Q3 = 5.129 ms, Max = 5.364 ms
IQR = 0.394 ms, LowerFence = 4.145 ms, UpperFence = 5.720 ms
ConfidenceInterval = [4.609 ms; 5.187 ms] (CI 99.9%), Margin = 0.289 ms (5.90% of Mean)
Skewness = -0.12, Kurtosis = 1.88, MValue = 3.43

// ** Remained 14 (50.0%) benchmark(s) to run. Estimated finish 2026-09-09 16:53 (0h 3m from now) **
Setup power plan (GUID: 8c5e7fda-e8bf-4a96-9a85-a6e23a8c635c FriendlyName: High performance)
// **************************
// Benchmark: CardBattleEngineBenchmark.EngineIterateActions: Job-ERIHKH(Toolchain=InProcessNoEmitToolchain, IterationCount=15, LaunchCount=1, WarmupCount=3) [EntityCount=4, MaxDepth=3]
// *** Execute ***
// Launch: 1 / 1

// Benchmark Process Environment Information:
// BenchmarkDotNet v0.15.8
// Runtime=.NET 8.0.28 (8.0.28, 8.0.2826.26413), X64 RyuJIT x86-64-v3
// GC=Concurrent Workstation
// HardwareIntrinsics=AVX2+BMI1+BMI2+F16C+FMA+LZCNT+MOVBE,AVX,SSE3+SSSE3+SSE4.1+SSE4.2+POPCNT,X86Base+SSE+SSE2,AES+PCLMUL,AvxVnni,SERIALIZE VectorSize=256
// Job: Job-ERIHKH(Toolchain=InProcessNoEmitToolchain, IterationCount=15, LaunchCount=1, WarmupCount=3)

OverheadJitting  1: 1 op, 600.00 ns, 600.0000 ns/op
WorkloadJitting  1: 1 op, 8913600.00 ns, 8.9136 ms/op

OverheadJitting  2: 16 op, 800.00 ns, 50.0000 ns/op
WorkloadJitting  2: 16 op, 119973500.00 ns, 7.4983 ms/op

WorkloadPilot    1: 16 op, 116339800.00 ns, 7.2712 ms/op
WorkloadPilot    2: 32 op, 229053000.00 ns, 7.1579 ms/op
WorkloadPilot    3: 64 op, 487421000.00 ns, 7.6160 ms/op
WorkloadPilot    4: 128 op, 1071778000.00 ns, 8.3733 ms/op

OverheadWarmup   1: 128 op, 900.00 ns, 7.0313 ns/op
OverheadWarmup   2: 128 op, 1000.00 ns, 7.8125 ns/op
OverheadWarmup   3: 128 op, 1700.00 ns, 13.2813 ns/op
OverheadWarmup   4: 128 op, 900.00 ns, 7.0313 ns/op
OverheadWarmup   5: 128 op, 700.00 ns, 5.4688 ns/op
OverheadWarmup   6: 128 op, 800.00 ns, 6.2500 ns/op
OverheadWarmup   7: 128 op, 900.00 ns, 7.0313 ns/op
OverheadWarmup   8: 128 op, 700.00 ns, 5.4688 ns/op

OverheadActual   1: 128 op, 600.00 ns, 4.6875 ns/op
OverheadActual   2: 128 op, 1200.00 ns, 9.3750 ns/op
OverheadActual   3: 128 op, 500.00 ns, 3.9063 ns/op
OverheadActual   4: 128 op, 600.00 ns, 4.6875 ns/op
OverheadActual   5: 128 op, 500.00 ns, 3.9063 ns/op
OverheadActual   6: 128 op, 900.00 ns, 7.0313 ns/op
OverheadActual   7: 128 op, 600.00 ns, 4.6875 ns/op
OverheadActual   8: 128 op, 500.00 ns, 3.9063 ns/op
OverheadActual   9: 128 op, 600.00 ns, 4.6875 ns/op
OverheadActual  10: 128 op, 600.00 ns, 4.6875 ns/op
OverheadActual  11: 128 op, 500.00 ns, 3.9063 ns/op
OverheadActual  12: 128 op, 600.00 ns, 4.6875 ns/op
OverheadActual  13: 128 op, 800.00 ns, 6.2500 ns/op
OverheadActual  14: 128 op, 600.00 ns, 4.6875 ns/op
OverheadActual  15: 128 op, 600.00 ns, 4.6875 ns/op
OverheadActual  16: 128 op, 600.00 ns, 4.6875 ns/op
OverheadActual  17: 128 op, 500.00 ns, 3.9063 ns/op
OverheadActual  18: 128 op, 500.00 ns, 3.9063 ns/op
OverheadActual  19: 128 op, 600.00 ns, 4.6875 ns/op
OverheadActual  20: 128 op, 600.00 ns, 4.6875 ns/op

WorkloadWarmup   1: 128 op, 950850700.00 ns, 7.4285 ms/op
WorkloadWarmup   2: 128 op, 992508500.00 ns, 7.7540 ms/op
WorkloadWarmup   3: 128 op, 957237500.00 ns, 7.4784 ms/op

WorkloadActual   1: 128 op, 955793500.00 ns, 7.4671 ms/op
WorkloadActual   2: 128 op, 1047156900.00 ns, 8.1809 ms/op
WorkloadActual   3: 128 op, 929844700.00 ns, 7.2644 ms/op
WorkloadActual   4: 128 op, 943080800.00 ns, 7.3678 ms/op
WorkloadActual   5: 128 op, 925886400.00 ns, 7.2335 ms/op
WorkloadActual   6: 128 op, 918645300.00 ns, 7.1769 ms/op
WorkloadActual   7: 128 op, 977944300.00 ns, 7.6402 ms/op
WorkloadActual   8: 128 op, 1015969300.00 ns, 7.9373 ms/op
WorkloadActual   9: 128 op, 1060005200.00 ns, 8.2813 ms/op
WorkloadActual  10: 128 op, 1004344100.00 ns, 7.8464 ms/op
WorkloadActual  11: 128 op, 1035586200.00 ns, 8.0905 ms/op
WorkloadActual  12: 128 op, 1027782000.00 ns, 8.0295 ms/op
WorkloadActual  13: 128 op, 968955700.00 ns, 7.5700 ms/op
WorkloadActual  14: 128 op, 1072953200.00 ns, 8.3824 ms/op
WorkloadActual  15: 128 op, 971997800.00 ns, 7.5937 ms/op

WorkloadResult   1: 128 op, 955792900.00 ns, 7.4671 ms/op
WorkloadResult   2: 128 op, 1047156300.00 ns, 8.1809 ms/op
WorkloadResult   3: 128 op, 929844100.00 ns, 7.2644 ms/op
WorkloadResult   4: 128 op, 943080200.00 ns, 7.3678 ms/op
WorkloadResult   5: 128 op, 925885800.00 ns, 7.2335 ms/op
WorkloadResult   6: 128 op, 918644700.00 ns, 7.1769 ms/op
WorkloadResult   7: 128 op, 977943700.00 ns, 7.6402 ms/op
WorkloadResult   8: 128 op, 1015968700.00 ns, 7.9373 ms/op
WorkloadResult   9: 128 op, 1060004600.00 ns, 8.2813 ms/op
WorkloadResult  10: 128 op, 1004343500.00 ns, 7.8464 ms/op
WorkloadResult  11: 128 op, 1035585600.00 ns, 8.0905 ms/op
WorkloadResult  12: 128 op, 1027781400.00 ns, 8.0295 ms/op
WorkloadResult  13: 128 op, 968955100.00 ns, 7.5700 ms/op
WorkloadResult  14: 128 op, 1072952600.00 ns, 8.3824 ms/op
WorkloadResult  15: 128 op, 971997200.00 ns, 7.5937 ms/op
// GC:  210 39 0 2643729408 128
// Threading:  0 0 128


Mean = 7.737 ms, StdErr = 0.103 ms (1.33%), N = 15, StdDev = 0.399 ms
Min = 7.177 ms, Q1 = 7.417 ms, Median = 7.640 ms, Q3 = 8.060 ms, Max = 8.382 ms
IQR = 0.643 ms, LowerFence = 6.454 ms, UpperFence = 9.024 ms
ConfidenceInterval = [7.311 ms; 8.164 ms] (CI 99.9%), Margin = 0.427 ms (5.51% of Mean)
Skewness = 0.11, Kurtosis = 1.48, MValue = 2

// ** Remained 13 (46.4%) benchmark(s) to run. Estimated finish 2026-09-09 16:54 (0h 3m from now) **
Setup power plan (GUID: 8c5e7fda-e8bf-4a96-9a85-a6e23a8c635c FriendlyName: High performance)
// **************************
// Benchmark: CardBattleEngineBenchmark.EngineIterateActions: Job-ERIHKH(Toolchain=InProcessNoEmitToolchain, IterationCount=15, LaunchCount=1, WarmupCount=3) [EntityCount=4, MaxDepth=4]
// *** Execute ***
// Launch: 1 / 1

// Benchmark Process Environment Information:
// BenchmarkDotNet v0.15.8
// Runtime=.NET 8.0.28 (8.0.28, 8.0.2826.26413), X64 RyuJIT x86-64-v3
// GC=Concurrent Workstation
// HardwareIntrinsics=AVX2+BMI1+BMI2+F16C+FMA+LZCNT+MOVBE,AVX,SSE3+SSSE3+SSE4.1+SSE4.2+POPCNT,X86Base+SSE+SSE2,AES+PCLMUL,AvxVnni,SERIALIZE VectorSize=256
// Job: Job-ERIHKH(Toolchain=InProcessNoEmitToolchain, IterationCount=15, LaunchCount=1, WarmupCount=3)

OverheadJitting  1: 1 op, 700.00 ns, 700.0000 ns/op
WorkloadJitting  1: 1 op, 9929900.00 ns, 9.9299 ms/op

OverheadJitting  2: 16 op, 600.00 ns, 37.5000 ns/op
WorkloadJitting  2: 16 op, 163460100.00 ns, 10.2163 ms/op

WorkloadPilot    1: 16 op, 154319000.00 ns, 9.6449 ms/op
WorkloadPilot    2: 32 op, 307669500.00 ns, 9.6147 ms/op
WorkloadPilot    3: 64 op, 598241800.00 ns, 9.3475 ms/op

OverheadWarmup   1: 64 op, 700.00 ns, 10.9375 ns/op
OverheadWarmup   2: 64 op, 600.00 ns, 9.3750 ns/op
OverheadWarmup   3: 64 op, 500.00 ns, 7.8125 ns/op
OverheadWarmup   4: 64 op, 400.00 ns, 6.2500 ns/op
OverheadWarmup   5: 64 op, 400.00 ns, 6.2500 ns/op
OverheadWarmup   6: 64 op, 400.00 ns, 6.2500 ns/op
OverheadWarmup   7: 64 op, 500.00 ns, 7.8125 ns/op
OverheadWarmup   8: 64 op, 400.00 ns, 6.2500 ns/op

OverheadActual   1: 64 op, 500.00 ns, 7.8125 ns/op
OverheadActual   2: 64 op, 500.00 ns, 7.8125 ns/op
OverheadActual   3: 64 op, 500.00 ns, 7.8125 ns/op
OverheadActual   4: 64 op, 500.00 ns, 7.8125 ns/op
OverheadActual   5: 64 op, 500.00 ns, 7.8125 ns/op
OverheadActual   6: 64 op, 400.00 ns, 6.2500 ns/op
OverheadActual   7: 64 op, 400.00 ns, 6.2500 ns/op
OverheadActual   8: 64 op, 400.00 ns, 6.2500 ns/op
OverheadActual   9: 64 op, 500.00 ns, 7.8125 ns/op
OverheadActual  10: 64 op, 500.00 ns, 7.8125 ns/op
OverheadActual  11: 64 op, 500.00 ns, 7.8125 ns/op
OverheadActual  12: 64 op, 600.00 ns, 9.3750 ns/op
OverheadActual  13: 64 op, 700.00 ns, 10.9375 ns/op
OverheadActual  14: 64 op, 500.00 ns, 7.8125 ns/op
OverheadActual  15: 64 op, 500.00 ns, 7.8125 ns/op
OverheadActual  16: 64 op, 500.00 ns, 7.8125 ns/op
OverheadActual  17: 64 op, 500.00 ns, 7.8125 ns/op
OverheadActual  18: 64 op, 600.00 ns, 9.3750 ns/op
OverheadActual  19: 64 op, 500.00 ns, 7.8125 ns/op
OverheadActual  20: 64 op, 600.00 ns, 9.3750 ns/op

WorkloadWarmup   1: 64 op, 602579200.00 ns, 9.4153 ms/op
WorkloadWarmup   2: 64 op, 599409600.00 ns, 9.3658 ms/op
WorkloadWarmup   3: 64 op, 612967500.00 ns, 9.5776 ms/op

WorkloadActual   1: 64 op, 671444200.00 ns, 10.4913 ms/op
WorkloadActual   2: 64 op, 664907100.00 ns, 10.3892 ms/op
WorkloadActual   3: 64 op, 717739700.00 ns, 11.2147 ms/op
WorkloadActual   4: 64 op, 703054000.00 ns, 10.9852 ms/op
WorkloadActual   5: 64 op, 754478500.00 ns, 11.7887 ms/op
WorkloadActual   6: 64 op, 848608300.00 ns, 13.2595 ms/op
WorkloadActual   7: 64 op, 858802400.00 ns, 13.4188 ms/op
WorkloadActual   8: 64 op, 812467000.00 ns, 12.6948 ms/op
WorkloadActual   9: 64 op, 732037100.00 ns, 11.4381 ms/op
WorkloadActual  10: 64 op, 731306500.00 ns, 11.4267 ms/op
WorkloadActual  11: 64 op, 758569600.00 ns, 11.8527 ms/op
WorkloadActual  12: 64 op, 717322500.00 ns, 11.2082 ms/op
WorkloadActual  13: 64 op, 715060100.00 ns, 11.1728 ms/op
WorkloadActual  14: 64 op, 741150100.00 ns, 11.5805 ms/op
WorkloadActual  15: 64 op, 679649400.00 ns, 10.6195 ms/op

WorkloadResult   1: 64 op, 671443700.00 ns, 10.4913 ms/op
WorkloadResult   2: 64 op, 664906600.00 ns, 10.3892 ms/op
WorkloadResult   3: 64 op, 717739200.00 ns, 11.2147 ms/op
WorkloadResult   4: 64 op, 703053500.00 ns, 10.9852 ms/op
WorkloadResult   5: 64 op, 754478000.00 ns, 11.7887 ms/op
WorkloadResult   6: 64 op, 812466500.00 ns, 12.6948 ms/op
WorkloadResult   7: 64 op, 732036600.00 ns, 11.4381 ms/op
WorkloadResult   8: 64 op, 731306000.00 ns, 11.4267 ms/op
WorkloadResult   9: 64 op, 758569100.00 ns, 11.8526 ms/op
WorkloadResult  10: 64 op, 717322000.00 ns, 11.2082 ms/op
WorkloadResult  11: 64 op, 715059600.00 ns, 11.1728 ms/op
WorkloadResult  12: 64 op, 741149600.00 ns, 11.5805 ms/op
WorkloadResult  13: 64 op, 679648900.00 ns, 10.6195 ms/op
// GC:  134 28 0 1684692480 64
// Threading:  0 0 64


Mean = 11.297 ms, StdErr = 0.173 ms (1.53%), N = 13, StdDev = 0.625 ms
Min = 10.389 ms, Q1 = 10.985 ms, Median = 11.215 ms, Q3 = 11.580 ms, Max = 12.695 ms
IQR = 0.595 ms, LowerFence = 10.092 ms, UpperFence = 12.473 ms
ConfidenceInterval = [10.549 ms; 12.045 ms] (CI 99.9%), Margin = 0.748 ms (6.62% of Mean)
Skewness = 0.45, Kurtosis = 2.68, MValue = 2.67

// ** Remained 12 (42.9%) benchmark(s) to run. Estimated finish 2026-09-09 16:54 (0h 3m from now) **
Setup power plan (GUID: 8c5e7fda-e8bf-4a96-9a85-a6e23a8c635c FriendlyName: High performance)
// **************************
// Benchmark: CardBattleEngineBenchmark.EngineIterateActions: Job-ERIHKH(Toolchain=InProcessNoEmitToolchain, IterationCount=15, LaunchCount=1, WarmupCount=3) [EntityCount=5, MaxDepth=1]
// *** Execute ***
// Launch: 1 / 1

// Benchmark Process Environment Information:
// BenchmarkDotNet v0.15.8
// Runtime=.NET 8.0.28 (8.0.28, 8.0.2826.26413), X64 RyuJIT x86-64-v3
// GC=Concurrent Workstation
// HardwareIntrinsics=AVX2+BMI1+BMI2+F16C+FMA+LZCNT+MOVBE,AVX,SSE3+SSSE3+SSE4.1+SSE4.2+POPCNT,X86Base+SSE+SSE2,AES+PCLMUL,AvxVnni,SERIALIZE VectorSize=256
// Job: Job-ERIHKH(Toolchain=InProcessNoEmitToolchain, IterationCount=15, LaunchCount=1, WarmupCount=3)

OverheadJitting  1: 1 op, 600.00 ns, 600.0000 ns/op
WorkloadJitting  1: 1 op, 1393900.00 ns, 1.3939 ms/op

OverheadJitting  2: 16 op, 400.00 ns, 25.0000 ns/op
WorkloadJitting  2: 16 op, 26751500.00 ns, 1.6720 ms/op

WorkloadPilot    1: 16 op, 27434800.00 ns, 1.7147 ms/op
WorkloadPilot    2: 32 op, 52287500.00 ns, 1.6340 ms/op
WorkloadPilot    3: 64 op, 107603900.00 ns, 1.6813 ms/op
WorkloadPilot    4: 128 op, 255797700.00 ns, 1.9984 ms/op
WorkloadPilot    5: 256 op, 460335300.00 ns, 1.7982 ms/op
WorkloadPilot    6: 512 op, 934747600.00 ns, 1.8257 ms/op

OverheadWarmup   1: 512 op, 1800.00 ns, 3.5156 ns/op
OverheadWarmup   2: 512 op, 1600.00 ns, 3.1250 ns/op
OverheadWarmup   3: 512 op, 1400.00 ns, 2.7344 ns/op
OverheadWarmup   4: 512 op, 1500.00 ns, 2.9297 ns/op
OverheadWarmup   5: 512 op, 1800.00 ns, 3.5156 ns/op
OverheadWarmup   6: 512 op, 1500.00 ns, 2.9297 ns/op
OverheadWarmup   7: 512 op, 1500.00 ns, 2.9297 ns/op
OverheadWarmup   8: 512 op, 1400.00 ns, 2.7344 ns/op

OverheadActual   1: 512 op, 1300.00 ns, 2.5391 ns/op
OverheadActual   2: 512 op, 1500.00 ns, 2.9297 ns/op
OverheadActual   3: 512 op, 1700.00 ns, 3.3203 ns/op
OverheadActual   4: 512 op, 1700.00 ns, 3.3203 ns/op
OverheadActual   5: 512 op, 1700.00 ns, 3.3203 ns/op
OverheadActual   6: 512 op, 1700.00 ns, 3.3203 ns/op
OverheadActual   7: 512 op, 1400.00 ns, 2.7344 ns/op
OverheadActual   8: 512 op, 1600.00 ns, 3.1250 ns/op
OverheadActual   9: 512 op, 1700.00 ns, 3.3203 ns/op
OverheadActual  10: 512 op, 1800.00 ns, 3.5156 ns/op
OverheadActual  11: 512 op, 1900.00 ns, 3.7109 ns/op
OverheadActual  12: 512 op, 2300.00 ns, 4.4922 ns/op
OverheadActual  13: 512 op, 2100.00 ns, 4.1016 ns/op
OverheadActual  14: 512 op, 2300.00 ns, 4.4922 ns/op
OverheadActual  15: 512 op, 2200.00 ns, 4.2969 ns/op
OverheadActual  16: 512 op, 2100.00 ns, 4.1016 ns/op
OverheadActual  17: 512 op, 2100.00 ns, 4.1016 ns/op
OverheadActual  18: 512 op, 2100.00 ns, 4.1016 ns/op
OverheadActual  19: 512 op, 2100.00 ns, 4.1016 ns/op
OverheadActual  20: 512 op, 2200.00 ns, 4.2969 ns/op

WorkloadWarmup   1: 512 op, 878888400.00 ns, 1.7166 ms/op
WorkloadWarmup   2: 512 op, 873756800.00 ns, 1.7066 ms/op
WorkloadWarmup   3: 512 op, 898296200.00 ns, 1.7545 ms/op

WorkloadActual   1: 512 op, 835117700.00 ns, 1.6311 ms/op
WorkloadActual   2: 512 op, 843662400.00 ns, 1.6478 ms/op
WorkloadActual   3: 512 op, 875416400.00 ns, 1.7098 ms/op
WorkloadActual   4: 512 op, 884308000.00 ns, 1.7272 ms/op
WorkloadActual   5: 512 op, 867606500.00 ns, 1.6945 ms/op
WorkloadActual   6: 512 op, 915770900.00 ns, 1.7886 ms/op
WorkloadActual   7: 512 op, 865851800.00 ns, 1.6911 ms/op
WorkloadActual   8: 512 op, 826206700.00 ns, 1.6137 ms/op
WorkloadActual   9: 512 op, 908365100.00 ns, 1.7742 ms/op
WorkloadActual  10: 512 op, 869558200.00 ns, 1.6984 ms/op
WorkloadActual  11: 512 op, 879262500.00 ns, 1.7173 ms/op
WorkloadActual  12: 512 op, 848974800.00 ns, 1.6582 ms/op
WorkloadActual  13: 512 op, 860525000.00 ns, 1.6807 ms/op
WorkloadActual  14: 512 op, 869101700.00 ns, 1.6975 ms/op
WorkloadActual  15: 512 op, 823258900.00 ns, 1.6079 ms/op

WorkloadResult   1: 512 op, 835115850.00 ns, 1.6311 ms/op
WorkloadResult   2: 512 op, 843660550.00 ns, 1.6478 ms/op
WorkloadResult   3: 512 op, 875414550.00 ns, 1.7098 ms/op
WorkloadResult   4: 512 op, 884306150.00 ns, 1.7272 ms/op
WorkloadResult   5: 512 op, 867604650.00 ns, 1.6945 ms/op
WorkloadResult   6: 512 op, 915769050.00 ns, 1.7886 ms/op
WorkloadResult   7: 512 op, 865849950.00 ns, 1.6911 ms/op
WorkloadResult   8: 512 op, 826204850.00 ns, 1.6137 ms/op
WorkloadResult   9: 512 op, 908363250.00 ns, 1.7741 ms/op
WorkloadResult  10: 512 op, 869556350.00 ns, 1.6984 ms/op
WorkloadResult  11: 512 op, 879260650.00 ns, 1.7173 ms/op
WorkloadResult  12: 512 op, 848972950.00 ns, 1.6582 ms/op
WorkloadResult  13: 512 op, 860523150.00 ns, 1.6807 ms/op
WorkloadResult  14: 512 op, 869099850.00 ns, 1.6975 ms/op
WorkloadResult  15: 512 op, 823257050.00 ns, 1.6079 ms/op
// GC:  165 24 0 2074718208 512
// Threading:  0 0 512


Mean = 1.689 ms, StdErr = 0.014 ms (0.80%), N = 15, StdDev = 0.052 ms
Min = 1.608 ms, Q1 = 1.653 ms, Median = 1.695 ms, Q3 = 1.714 ms, Max = 1.789 ms
IQR = 0.061 ms, LowerFence = 1.562 ms, UpperFence = 1.804 ms
ConfidenceInterval = [1.633 ms; 1.745 ms] (CI 99.9%), Margin = 0.056 ms (3.31% of Mean)
Skewness = 0.19, Kurtosis = 2.17, MValue = 2

// ** Remained 11 (39.3%) benchmark(s) to run. Estimated finish 2026-09-09 16:54 (0h 3m from now) **
Setup power plan (GUID: 8c5e7fda-e8bf-4a96-9a85-a6e23a8c635c FriendlyName: High performance)
// **************************
// Benchmark: CardBattleEngineBenchmark.EngineIterateActions: Job-ERIHKH(Toolchain=InProcessNoEmitToolchain, IterationCount=15, LaunchCount=1, WarmupCount=3) [EntityCount=5, MaxDepth=2]
// *** Execute ***
// Launch: 1 / 1

// Benchmark Process Environment Information:
// BenchmarkDotNet v0.15.8
// Runtime=.NET 8.0.28 (8.0.28, 8.0.2826.26413), X64 RyuJIT x86-64-v3
// GC=Concurrent Workstation
// HardwareIntrinsics=AVX2+BMI1+BMI2+F16C+FMA+LZCNT+MOVBE,AVX,SSE3+SSSE3+SSE4.1+SSE4.2+POPCNT,X86Base+SSE+SSE2,AES+PCLMUL,AvxVnni,SERIALIZE VectorSize=256
// Job: Job-ERIHKH(Toolchain=InProcessNoEmitToolchain, IterationCount=15, LaunchCount=1, WarmupCount=3)

OverheadJitting  1: 1 op, 600.00 ns, 600.0000 ns/op
WorkloadJitting  1: 1 op, 11101900.00 ns, 11.1019 ms/op

OverheadJitting  2: 16 op, 800.00 ns, 50.0000 ns/op
WorkloadJitting  2: 16 op, 189873800.00 ns, 11.8671 ms/op

WorkloadPilot    1: 16 op, 193781600.00 ns, 12.1114 ms/op
WorkloadPilot    2: 32 op, 365562300.00 ns, 11.4238 ms/op
WorkloadPilot    3: 64 op, 747164100.00 ns, 11.6744 ms/op

OverheadWarmup   1: 64 op, 700.00 ns, 10.9375 ns/op
OverheadWarmup   2: 64 op, 600.00 ns, 9.3750 ns/op
OverheadWarmup   3: 64 op, 600.00 ns, 9.3750 ns/op
OverheadWarmup   4: 64 op, 600.00 ns, 9.3750 ns/op
OverheadWarmup   5: 64 op, 500.00 ns, 7.8125 ns/op
OverheadWarmup   6: 64 op, 500.00 ns, 7.8125 ns/op

OverheadActual   1: 64 op, 500.00 ns, 7.8125 ns/op
OverheadActual   2: 64 op, 600.00 ns, 9.3750 ns/op
OverheadActual   3: 64 op, 600.00 ns, 9.3750 ns/op
OverheadActual   4: 64 op, 600.00 ns, 9.3750 ns/op
OverheadActual   5: 64 op, 400.00 ns, 6.2500 ns/op
OverheadActual   6: 64 op, 300.00 ns, 4.6875 ns/op
OverheadActual   7: 64 op, 300.00 ns, 4.6875 ns/op
OverheadActual   8: 64 op, 500.00 ns, 7.8125 ns/op
OverheadActual   9: 64 op, 300.00 ns, 4.6875 ns/op
OverheadActual  10: 64 op, 400.00 ns, 6.2500 ns/op
OverheadActual  11: 64 op, 500.00 ns, 7.8125 ns/op
OverheadActual  12: 64 op, 400.00 ns, 6.2500 ns/op
OverheadActual  13: 64 op, 400.00 ns, 6.2500 ns/op
OverheadActual  14: 64 op, 400.00 ns, 6.2500 ns/op
OverheadActual  15: 64 op, 600.00 ns, 9.3750 ns/op
OverheadActual  16: 64 op, 600.00 ns, 9.3750 ns/op
OverheadActual  17: 64 op, 400.00 ns, 6.2500 ns/op
OverheadActual  18: 64 op, 400.00 ns, 6.2500 ns/op
OverheadActual  19: 64 op, 400.00 ns, 6.2500 ns/op
OverheadActual  20: 64 op, 500.00 ns, 7.8125 ns/op

WorkloadWarmup   1: 64 op, 731186600.00 ns, 11.4248 ms/op
WorkloadWarmup   2: 64 op, 732146000.00 ns, 11.4398 ms/op
WorkloadWarmup   3: 64 op, 738612300.00 ns, 11.5408 ms/op

WorkloadActual   1: 64 op, 780329300.00 ns, 12.1926 ms/op
WorkloadActual   2: 64 op, 694556900.00 ns, 10.8525 ms/op
WorkloadActual   3: 64 op, 700661400.00 ns, 10.9478 ms/op
WorkloadActual   4: 64 op, 701354200.00 ns, 10.9587 ms/op
WorkloadActual   5: 64 op, 767821400.00 ns, 11.9972 ms/op
WorkloadActual   6: 64 op, 719454900.00 ns, 11.2415 ms/op
WorkloadActual   7: 64 op, 754756400.00 ns, 11.7931 ms/op
WorkloadActual   8: 64 op, 733757300.00 ns, 11.4650 ms/op
WorkloadActual   9: 64 op, 787078100.00 ns, 12.2981 ms/op
WorkloadActual  10: 64 op, 709249500.00 ns, 11.0820 ms/op
WorkloadActual  11: 64 op, 738342200.00 ns, 11.5366 ms/op
WorkloadActual  12: 64 op, 759257300.00 ns, 11.8634 ms/op
WorkloadActual  13: 64 op, 723381400.00 ns, 11.3028 ms/op
WorkloadActual  14: 64 op, 723685200.00 ns, 11.3076 ms/op
WorkloadActual  15: 64 op, 704145000.00 ns, 11.0023 ms/op

WorkloadResult   1: 64 op, 780328900.00 ns, 12.1926 ms/op
WorkloadResult   2: 64 op, 694556500.00 ns, 10.8524 ms/op
WorkloadResult   3: 64 op, 700661000.00 ns, 10.9478 ms/op
WorkloadResult   4: 64 op, 701353800.00 ns, 10.9587 ms/op
WorkloadResult   5: 64 op, 767821000.00 ns, 11.9972 ms/op
WorkloadResult   6: 64 op, 719454500.00 ns, 11.2415 ms/op
WorkloadResult   7: 64 op, 754756000.00 ns, 11.7931 ms/op
WorkloadResult   8: 64 op, 733756900.00 ns, 11.4650 ms/op
WorkloadResult   9: 64 op, 787077700.00 ns, 12.2981 ms/op
WorkloadResult  10: 64 op, 709249100.00 ns, 11.0820 ms/op
WorkloadResult  11: 64 op, 738341800.00 ns, 11.5366 ms/op
WorkloadResult  12: 64 op, 759256900.00 ns, 11.8634 ms/op
WorkloadResult  13: 64 op, 723381000.00 ns, 11.3028 ms/op
WorkloadResult  14: 64 op, 723684800.00 ns, 11.3076 ms/op
WorkloadResult  15: 64 op, 704144600.00 ns, 11.0023 ms/op
// GC:  139 23 0 1752005632 64
// Threading:  0 0 64


Mean = 11.456 ms, StdErr = 0.122 ms (1.07%), N = 15, StdDev = 0.473 ms
Min = 10.852 ms, Q1 = 11.042 ms, Median = 11.308 ms, Q3 = 11.828 ms, Max = 12.298 ms
IQR = 0.786 ms, LowerFence = 9.863 ms, UpperFence = 13.007 ms
ConfidenceInterval = [10.950 ms; 11.962 ms] (CI 99.9%), Margin = 0.506 ms (4.42% of Mean)
Skewness = 0.39, Kurtosis = 1.66, MValue = 2

// ** Remained 10 (35.7%) benchmark(s) to run. Estimated finish 2026-09-09 16:54 (0h 2m from now) **
Setup power plan (GUID: 8c5e7fda-e8bf-4a96-9a85-a6e23a8c635c FriendlyName: High performance)
// **************************
// Benchmark: CardBattleEngineBenchmark.EngineIterateActions: Job-ERIHKH(Toolchain=InProcessNoEmitToolchain, IterationCount=15, LaunchCount=1, WarmupCount=3) [EntityCount=5, MaxDepth=3]
// *** Execute ***
// Launch: 1 / 1

// Benchmark Process Environment Information:
// BenchmarkDotNet v0.15.8
// Runtime=.NET 8.0.28 (8.0.28, 8.0.2826.26413), X64 RyuJIT x86-64-v3
// GC=Concurrent Workstation
// HardwareIntrinsics=AVX2+BMI1+BMI2+F16C+FMA+LZCNT+MOVBE,AVX,SSE3+SSSE3+SSE4.1+SSE4.2+POPCNT,X86Base+SSE+SSE2,AES+PCLMUL,AvxVnni,SERIALIZE VectorSize=256
// Job: Job-ERIHKH(Toolchain=InProcessNoEmitToolchain, IterationCount=15, LaunchCount=1, WarmupCount=3)

OverheadJitting  1: 1 op, 400.00 ns, 400.0000 ns/op
WorkloadJitting  1: 1 op, 26288100.00 ns, 26.2881 ms/op

OverheadJitting  2: 16 op, 400.00 ns, 25.0000 ns/op
WorkloadJitting  2: 16 op, 452963400.00 ns, 28.3102 ms/op

WorkloadPilot    1: 16 op, 471553400.00 ns, 29.4721 ms/op
WorkloadPilot    2: 32 op, 870123100.00 ns, 27.1913 ms/op

OverheadWarmup   1: 32 op, 500.00 ns, 15.6250 ns/op
OverheadWarmup   2: 32 op, 1200.00 ns, 37.5000 ns/op
OverheadWarmup   3: 32 op, 700.00 ns, 21.8750 ns/op
OverheadWarmup   4: 32 op, 400.00 ns, 12.5000 ns/op
OverheadWarmup   5: 32 op, 500.00 ns, 15.6250 ns/op
OverheadWarmup   6: 32 op, 400.00 ns, 12.5000 ns/op

OverheadActual   1: 32 op, 400.00 ns, 12.5000 ns/op
OverheadActual   2: 32 op, 400.00 ns, 12.5000 ns/op
OverheadActual   3: 32 op, 400.00 ns, 12.5000 ns/op
OverheadActual   4: 32 op, 400.00 ns, 12.5000 ns/op
OverheadActual   5: 32 op, 400.00 ns, 12.5000 ns/op
OverheadActual   6: 32 op, 400.00 ns, 12.5000 ns/op
OverheadActual   7: 32 op, 500.00 ns, 15.6250 ns/op
OverheadActual   8: 32 op, 500.00 ns, 15.6250 ns/op
OverheadActual   9: 32 op, 500.00 ns, 15.6250 ns/op
OverheadActual  10: 32 op, 400.00 ns, 12.5000 ns/op
OverheadActual  11: 32 op, 400.00 ns, 12.5000 ns/op
OverheadActual  12: 32 op, 500.00 ns, 15.6250 ns/op
OverheadActual  13: 32 op, 400.00 ns, 12.5000 ns/op
OverheadActual  14: 32 op, 400.00 ns, 12.5000 ns/op
OverheadActual  15: 32 op, 400.00 ns, 12.5000 ns/op
OverheadActual  16: 32 op, 400.00 ns, 12.5000 ns/op
OverheadActual  17: 32 op, 400.00 ns, 12.5000 ns/op

WorkloadWarmup   1: 32 op, 989031900.00 ns, 30.9072 ms/op
WorkloadWarmup   2: 32 op, 957393300.00 ns, 29.9185 ms/op
WorkloadWarmup   3: 32 op, 1004805700.00 ns, 31.4002 ms/op

WorkloadActual   1: 32 op, 970027200.00 ns, 30.3134 ms/op
WorkloadActual   2: 32 op, 1025674400.00 ns, 32.0523 ms/op
WorkloadActual   3: 32 op, 1016960200.00 ns, 31.7800 ms/op
WorkloadActual   4: 32 op, 1080593700.00 ns, 33.7686 ms/op
WorkloadActual   5: 32 op, 963347800.00 ns, 30.1046 ms/op
WorkloadActual   6: 32 op, 926027100.00 ns, 28.9383 ms/op
WorkloadActual   7: 32 op, 932526400.00 ns, 29.1415 ms/op
WorkloadActual   8: 32 op, 991194300.00 ns, 30.9748 ms/op
WorkloadActual   9: 32 op, 990164200.00 ns, 30.9426 ms/op
WorkloadActual  10: 32 op, 995488500.00 ns, 31.1090 ms/op
WorkloadActual  11: 32 op, 927593600.00 ns, 28.9873 ms/op
WorkloadActual  12: 32 op, 980161700.00 ns, 30.6301 ms/op
WorkloadActual  13: 32 op, 926491300.00 ns, 28.9529 ms/op
WorkloadActual  14: 32 op, 965595200.00 ns, 30.1749 ms/op
WorkloadActual  15: 32 op, 931824800.00 ns, 29.1195 ms/op

WorkloadResult   1: 32 op, 970026800.00 ns, 30.3133 ms/op
WorkloadResult   2: 32 op, 1025674000.00 ns, 32.0523 ms/op
WorkloadResult   3: 32 op, 1016959800.00 ns, 31.7800 ms/op
WorkloadResult   4: 32 op, 1080593300.00 ns, 33.7685 ms/op
WorkloadResult   5: 32 op, 963347400.00 ns, 30.1046 ms/op
WorkloadResult   6: 32 op, 926026700.00 ns, 28.9383 ms/op
WorkloadResult   7: 32 op, 932526000.00 ns, 29.1414 ms/op
WorkloadResult   8: 32 op, 991193900.00 ns, 30.9748 ms/op
WorkloadResult   9: 32 op, 990163800.00 ns, 30.9426 ms/op
WorkloadResult  10: 32 op, 995488100.00 ns, 31.1090 ms/op
WorkloadResult  11: 32 op, 927593200.00 ns, 28.9873 ms/op
WorkloadResult  12: 32 op, 980161300.00 ns, 30.6300 ms/op
WorkloadResult  13: 32 op, 926490900.00 ns, 28.9528 ms/op
WorkloadResult  14: 32 op, 965594800.00 ns, 30.1748 ms/op
WorkloadResult  15: 32 op, 931824400.00 ns, 29.1195 ms/op
// GC:  176 34 0 2218424064 32
// Threading:  0 0 32


Mean = 30.466 ms, StdErr = 0.357 ms (1.17%), N = 15, StdDev = 1.381 ms
Min = 28.938 ms, Q1 = 29.130 ms, Median = 30.313 ms, Q3 = 31.042 ms, Max = 33.769 ms
IQR = 1.911 ms, LowerFence = 26.263 ms, UpperFence = 33.909 ms
ConfidenceInterval = [28.990 ms; 31.942 ms] (CI 99.9%), Margin = 1.476 ms (4.85% of Mean)
Skewness = 0.7, Kurtosis = 2.76, MValue = 2.25

// ** Remained 9 (32.1%) benchmark(s) to run. Estimated finish 2026-09-09 16:54 (0h 2m from now) **
Setup power plan (GUID: 8c5e7fda-e8bf-4a96-9a85-a6e23a8c635c FriendlyName: High performance)
// **************************
// Benchmark: CardBattleEngineBenchmark.EngineIterateActions: Job-ERIHKH(Toolchain=InProcessNoEmitToolchain, IterationCount=15, LaunchCount=1, WarmupCount=3) [EntityCount=5, MaxDepth=4]
// *** Execute ***
// Launch: 1 / 1

// Benchmark Process Environment Information:
// BenchmarkDotNet v0.15.8
// Runtime=.NET 8.0.28 (8.0.28, 8.0.2826.26413), X64 RyuJIT x86-64-v3
// GC=Concurrent Workstation
// HardwareIntrinsics=AVX2+BMI1+BMI2+F16C+FMA+LZCNT+MOVBE,AVX,SSE3+SSSE3+SSE4.1+SSE4.2+POPCNT,X86Base+SSE+SSE2,AES+PCLMUL,AvxVnni,SERIALIZE VectorSize=256
// Job: Job-ERIHKH(Toolchain=InProcessNoEmitToolchain, IterationCount=15, LaunchCount=1, WarmupCount=3)

OverheadJitting  1: 1 op, 500.00 ns, 500.0000 ns/op
WorkloadJitting  1: 1 op, 46004300.00 ns, 46.0043 ms/op

WorkloadPilot    1: 2 op, 88871000.00 ns, 44.4355 ms/op
WorkloadPilot    2: 3 op, 129399700.00 ns, 43.1332 ms/op
WorkloadPilot    3: 4 op, 180108400.00 ns, 45.0271 ms/op
WorkloadPilot    4: 5 op, 202269900.00 ns, 40.4540 ms/op
WorkloadPilot    5: 6 op, 272888000.00 ns, 45.4813 ms/op
WorkloadPilot    6: 7 op, 358682200.00 ns, 51.2403 ms/op
WorkloadPilot    7: 8 op, 364893700.00 ns, 45.6117 ms/op
WorkloadPilot    8: 9 op, 428767500.00 ns, 47.6408 ms/op
WorkloadPilot    9: 10 op, 500084700.00 ns, 50.0085 ms/op

WorkloadWarmup   1: 10 op, 527555600.00 ns, 52.7556 ms/op
WorkloadWarmup   2: 10 op, 616518700.00 ns, 61.6519 ms/op
WorkloadWarmup   3: 10 op, 585047300.00 ns, 58.5047 ms/op

WorkloadActual   1: 10 op, 561111700.00 ns, 56.1112 ms/op
WorkloadActual   2: 10 op, 527689700.00 ns, 52.7690 ms/op
WorkloadActual   3: 10 op, 503393100.00 ns, 50.3393 ms/op
WorkloadActual   4: 10 op, 612665500.00 ns, 61.2666 ms/op
WorkloadActual   5: 10 op, 514173100.00 ns, 51.4173 ms/op
WorkloadActual   6: 10 op, 552674100.00 ns, 55.2674 ms/op
WorkloadActual   7: 10 op, 577231400.00 ns, 57.7231 ms/op
WorkloadActual   8: 10 op, 552477200.00 ns, 55.2477 ms/op
WorkloadActual   9: 10 op, 510141700.00 ns, 51.0142 ms/op
WorkloadActual  10: 10 op, 475106200.00 ns, 47.5106 ms/op
WorkloadActual  11: 10 op, 503132100.00 ns, 50.3132 ms/op
WorkloadActual  12: 10 op, 455603500.00 ns, 45.5604 ms/op
WorkloadActual  13: 10 op, 498562000.00 ns, 49.8562 ms/op
WorkloadActual  14: 10 op, 489909500.00 ns, 48.9910 ms/op
WorkloadActual  15: 10 op, 511527300.00 ns, 51.1527 ms/op

WorkloadResult   1: 10 op, 561111700.00 ns, 56.1112 ms/op
WorkloadResult   2: 10 op, 527689700.00 ns, 52.7690 ms/op
WorkloadResult   3: 10 op, 503393100.00 ns, 50.3393 ms/op
WorkloadResult   4: 10 op, 612665500.00 ns, 61.2666 ms/op
WorkloadResult   5: 10 op, 514173100.00 ns, 51.4173 ms/op
WorkloadResult   6: 10 op, 552674100.00 ns, 55.2674 ms/op
WorkloadResult   7: 10 op, 577231400.00 ns, 57.7231 ms/op
WorkloadResult   8: 10 op, 552477200.00 ns, 55.2477 ms/op
WorkloadResult   9: 10 op, 510141700.00 ns, 51.0142 ms/op
WorkloadResult  10: 10 op, 475106200.00 ns, 47.5106 ms/op
WorkloadResult  11: 10 op, 503132100.00 ns, 50.3132 ms/op
WorkloadResult  12: 10 op, 455603500.00 ns, 45.5604 ms/op
WorkloadResult  13: 10 op, 498562000.00 ns, 49.8562 ms/op
WorkloadResult  14: 10 op, 489909500.00 ns, 48.9910 ms/op
WorkloadResult  15: 10 op, 511527300.00 ns, 51.1527 ms/op
// GC:  80 18 0 1015382800 10
// Threading:  0 0 10


Mean = 52.303 ms, StdErr = 1.067 ms (2.04%), N = 15, StdDev = 4.131 ms
Min = 45.560 ms, Q1 = 50.085 ms, Median = 51.153 ms, Q3 = 55.258 ms, Max = 61.267 ms
IQR = 5.173 ms, LowerFence = 42.325 ms, UpperFence = 63.017 ms
ConfidenceInterval = [47.887 ms; 56.719 ms] (CI 99.9%), Margin = 4.416 ms (8.44% of Mean)
Skewness = 0.47, Kurtosis = 2.4, MValue = 2

// ** Remained 8 (28.6%) benchmark(s) to run. Estimated finish 2026-09-09 16:54 (0h 2m from now) **
Setup power plan (GUID: 8c5e7fda-e8bf-4a96-9a85-a6e23a8c635c FriendlyName: High performance)
// **************************
// Benchmark: CardBattleEngineBenchmark.EngineIterateActions: Job-ERIHKH(Toolchain=InProcessNoEmitToolchain, IterationCount=15, LaunchCount=1, WarmupCount=3) [EntityCount=6, MaxDepth=1]
// *** Execute ***
// Launch: 1 / 1

// Benchmark Process Environment Information:
// BenchmarkDotNet v0.15.8
// Runtime=.NET 8.0.28 (8.0.28, 8.0.2826.26413), X64 RyuJIT x86-64-v3
// GC=Concurrent Workstation
// HardwareIntrinsics=AVX2+BMI1+BMI2+F16C+FMA+LZCNT+MOVBE,AVX,SSE3+SSSE3+SSE4.1+SSE4.2+POPCNT,X86Base+SSE+SSE2,AES+PCLMUL,AvxVnni,SERIALIZE VectorSize=256
// Job: Job-ERIHKH(Toolchain=InProcessNoEmitToolchain, IterationCount=15, LaunchCount=1, WarmupCount=3)

OverheadJitting  1: 1 op, 600.00 ns, 600.0000 ns/op
WorkloadJitting  1: 1 op, 2616800.00 ns, 2.6168 ms/op

OverheadJitting  2: 16 op, 700.00 ns, 43.7500 ns/op
WorkloadJitting  2: 16 op, 55414700.00 ns, 3.4634 ms/op

WorkloadPilot    1: 16 op, 64547200.00 ns, 4.0342 ms/op
WorkloadPilot    2: 32 op, 108111200.00 ns, 3.3785 ms/op
WorkloadPilot    3: 64 op, 218251100.00 ns, 3.4102 ms/op
WorkloadPilot    4: 128 op, 361708100.00 ns, 2.8258 ms/op
WorkloadPilot    5: 256 op, 825536200.00 ns, 3.2248 ms/op

OverheadWarmup   1: 256 op, 1700.00 ns, 6.6406 ns/op
OverheadWarmup   2: 256 op, 1400.00 ns, 5.4688 ns/op
OverheadWarmup   3: 256 op, 1100.00 ns, 4.2969 ns/op
OverheadWarmup   4: 256 op, 1200.00 ns, 4.6875 ns/op
OverheadWarmup   5: 256 op, 1500.00 ns, 5.8594 ns/op
OverheadWarmup   6: 256 op, 1100.00 ns, 4.2969 ns/op
OverheadWarmup   7: 256 op, 1100.00 ns, 4.2969 ns/op
OverheadWarmup   8: 256 op, 1000.00 ns, 3.9063 ns/op

OverheadActual   1: 256 op, 1100.00 ns, 4.2969 ns/op
OverheadActual   2: 256 op, 1200.00 ns, 4.6875 ns/op
OverheadActual   3: 256 op, 1400.00 ns, 5.4688 ns/op
OverheadActual   4: 256 op, 1700.00 ns, 6.6406 ns/op
OverheadActual   5: 256 op, 1400.00 ns, 5.4688 ns/op
OverheadActual   6: 256 op, 1300.00 ns, 5.0781 ns/op
OverheadActual   7: 256 op, 1200.00 ns, 4.6875 ns/op
OverheadActual   8: 256 op, 1400.00 ns, 5.4688 ns/op
OverheadActual   9: 256 op, 1600.00 ns, 6.2500 ns/op
OverheadActual  10: 256 op, 1700.00 ns, 6.6406 ns/op
OverheadActual  11: 256 op, 1600.00 ns, 6.2500 ns/op
OverheadActual  12: 256 op, 1400.00 ns, 5.4688 ns/op
OverheadActual  13: 256 op, 1400.00 ns, 5.4688 ns/op
OverheadActual  14: 256 op, 1300.00 ns, 5.0781 ns/op
OverheadActual  15: 256 op, 1700.00 ns, 6.6406 ns/op
OverheadActual  16: 256 op, 1400.00 ns, 5.4688 ns/op
OverheadActual  17: 256 op, 1600.00 ns, 6.2500 ns/op
OverheadActual  18: 256 op, 1400.00 ns, 5.4688 ns/op
OverheadActual  19: 256 op, 1300.00 ns, 5.0781 ns/op
OverheadActual  20: 256 op, 1600.00 ns, 6.2500 ns/op

WorkloadWarmup   1: 256 op, 760520400.00 ns, 2.9708 ms/op
WorkloadWarmup   2: 256 op, 726881900.00 ns, 2.8394 ms/op
WorkloadWarmup   3: 256 op, 643729000.00 ns, 2.5146 ms/op

WorkloadActual   1: 256 op, 790907300.00 ns, 3.0895 ms/op
WorkloadActual   2: 256 op, 774308600.00 ns, 3.0246 ms/op
WorkloadActual   3: 256 op, 835142200.00 ns, 3.2623 ms/op
WorkloadActual   4: 256 op, 866527200.00 ns, 3.3849 ms/op
WorkloadActual   5: 256 op, 708889500.00 ns, 2.7691 ms/op
WorkloadActual   6: 256 op, 706014200.00 ns, 2.7579 ms/op
WorkloadActual   7: 256 op, 687297800.00 ns, 2.6848 ms/op
WorkloadActual   8: 256 op, 659863300.00 ns, 2.5776 ms/op
WorkloadActual   9: 256 op, 703307500.00 ns, 2.7473 ms/op
WorkloadActual  10: 256 op, 671235400.00 ns, 2.6220 ms/op
WorkloadActual  11: 256 op, 692839300.00 ns, 2.7064 ms/op
WorkloadActual  12: 256 op, 677671800.00 ns, 2.6472 ms/op
WorkloadActual  13: 256 op, 699515900.00 ns, 2.7325 ms/op
WorkloadActual  14: 256 op, 727705500.00 ns, 2.8426 ms/op
WorkloadActual  15: 256 op, 775177100.00 ns, 3.0280 ms/op

WorkloadResult   1: 256 op, 790905900.00 ns, 3.0895 ms/op
WorkloadResult   2: 256 op, 774307200.00 ns, 3.0246 ms/op
WorkloadResult   3: 256 op, 835140800.00 ns, 3.2623 ms/op
WorkloadResult   4: 256 op, 866525800.00 ns, 3.3849 ms/op
WorkloadResult   5: 256 op, 708888100.00 ns, 2.7691 ms/op
WorkloadResult   6: 256 op, 706012800.00 ns, 2.7579 ms/op
WorkloadResult   7: 256 op, 687296400.00 ns, 2.6848 ms/op
WorkloadResult   8: 256 op, 659861900.00 ns, 2.5776 ms/op
WorkloadResult   9: 256 op, 703306100.00 ns, 2.7473 ms/op
WorkloadResult  10: 256 op, 671234000.00 ns, 2.6220 ms/op
WorkloadResult  11: 256 op, 692837900.00 ns, 2.7064 ms/op
WorkloadResult  12: 256 op, 677670400.00 ns, 2.6472 ms/op
WorkloadResult  13: 256 op, 699514500.00 ns, 2.7325 ms/op
WorkloadResult  14: 256 op, 727704100.00 ns, 2.8426 ms/op
WorkloadResult  15: 256 op, 775175700.00 ns, 3.0280 ms/op
// GC:  131 23 0 1650704384 256
// Threading:  0 0 256


Mean = 2.858 ms, StdErr = 0.063 ms (2.20%), N = 15, StdDev = 0.243 ms
Min = 2.578 ms, Q1 = 2.696 ms, Median = 2.758 ms, Q3 = 3.026 ms, Max = 3.385 ms
IQR = 0.331 ms, LowerFence = 2.199 ms, UpperFence = 3.522 ms
ConfidenceInterval = [2.598 ms; 3.119 ms] (CI 99.9%), Margin = 0.260 ms (9.10% of Mean)
Skewness = 0.81, Kurtosis = 2.3, MValue = 2.67

// ** Remained 7 (25.0%) benchmark(s) to run. Estimated finish 2026-09-09 16:54 (0h 1m from now) **
Setup power plan (GUID: 8c5e7fda-e8bf-4a96-9a85-a6e23a8c635c FriendlyName: High performance)
// **************************
// Benchmark: CardBattleEngineBenchmark.EngineIterateActions: Job-ERIHKH(Toolchain=InProcessNoEmitToolchain, IterationCount=15, LaunchCount=1, WarmupCount=3) [EntityCount=6, MaxDepth=2]
// *** Execute ***
// Launch: 1 / 1

// Benchmark Process Environment Information:
// BenchmarkDotNet v0.15.8
// Runtime=.NET 8.0.28 (8.0.28, 8.0.2826.26413), X64 RyuJIT x86-64-v3
// GC=Concurrent Workstation
// HardwareIntrinsics=AVX2+BMI1+BMI2+F16C+FMA+LZCNT+MOVBE,AVX,SSE3+SSSE3+SSE4.1+SSE4.2+POPCNT,X86Base+SSE+SSE2,AES+PCLMUL,AvxVnni,SERIALIZE VectorSize=256
// Job: Job-ERIHKH(Toolchain=InProcessNoEmitToolchain, IterationCount=15, LaunchCount=1, WarmupCount=3)

OverheadJitting  1: 1 op, 600.00 ns, 600.0000 ns/op
WorkloadJitting  1: 1 op, 27696900.00 ns, 27.6969 ms/op

OverheadJitting  2: 16 op, 600.00 ns, 37.5000 ns/op
WorkloadJitting  2: 16 op, 404881500.00 ns, 25.3051 ms/op

WorkloadPilot    1: 16 op, 411370700.00 ns, 25.7107 ms/op
WorkloadPilot    2: 32 op, 824396000.00 ns, 25.7624 ms/op

OverheadWarmup   1: 32 op, 800.00 ns, 25.0000 ns/op
OverheadWarmup   2: 32 op, 400.00 ns, 12.5000 ns/op
OverheadWarmup   3: 32 op, 500.00 ns, 15.6250 ns/op
OverheadWarmup   4: 32 op, 500.00 ns, 15.6250 ns/op
OverheadWarmup   5: 32 op, 800.00 ns, 25.0000 ns/op
OverheadWarmup   6: 32 op, 400.00 ns, 12.5000 ns/op

OverheadActual   1: 32 op, 400.00 ns, 12.5000 ns/op
OverheadActual   2: 32 op, 400.00 ns, 12.5000 ns/op
OverheadActual   3: 32 op, 300.00 ns, 9.3750 ns/op
OverheadActual   4: 32 op, 500.00 ns, 15.6250 ns/op
OverheadActual   5: 32 op, 400.00 ns, 12.5000 ns/op
OverheadActual   6: 32 op, 300.00 ns, 9.3750 ns/op
OverheadActual   7: 32 op, 400.00 ns, 12.5000 ns/op
OverheadActual   8: 32 op, 300.00 ns, 9.3750 ns/op
OverheadActual   9: 32 op, 500.00 ns, 15.6250 ns/op
OverheadActual  10: 32 op, 400.00 ns, 12.5000 ns/op
OverheadActual  11: 32 op, 500.00 ns, 15.6250 ns/op
OverheadActual  12: 32 op, 600.00 ns, 18.7500 ns/op
OverheadActual  13: 32 op, 500.00 ns, 15.6250 ns/op
OverheadActual  14: 32 op, 400.00 ns, 12.5000 ns/op
OverheadActual  15: 32 op, 500.00 ns, 15.6250 ns/op
OverheadActual  16: 32 op, 600.00 ns, 18.7500 ns/op
OverheadActual  17: 32 op, 500.00 ns, 15.6250 ns/op
OverheadActual  18: 32 op, 500.00 ns, 15.6250 ns/op
OverheadActual  19: 32 op, 500.00 ns, 15.6250 ns/op
OverheadActual  20: 32 op, 500.00 ns, 15.6250 ns/op

WorkloadWarmup   1: 32 op, 822077000.00 ns, 25.6899 ms/op
WorkloadWarmup   2: 32 op, 811221000.00 ns, 25.3507 ms/op
WorkloadWarmup   3: 32 op, 793564200.00 ns, 24.7989 ms/op

WorkloadActual   1: 32 op, 865998000.00 ns, 27.0624 ms/op
WorkloadActual   2: 32 op, 808013500.00 ns, 25.2504 ms/op
WorkloadActual   3: 32 op, 813350000.00 ns, 25.4172 ms/op
WorkloadActual   4: 32 op, 800673700.00 ns, 25.0211 ms/op
WorkloadActual   5: 32 op, 877725800.00 ns, 27.4289 ms/op
WorkloadActual   6: 32 op, 785998400.00 ns, 24.5625 ms/op
WorkloadActual   7: 32 op, 874996700.00 ns, 27.3436 ms/op
WorkloadActual   8: 32 op, 850767500.00 ns, 26.5865 ms/op
WorkloadActual   9: 32 op, 829525700.00 ns, 25.9227 ms/op
WorkloadActual  10: 32 op, 816431300.00 ns, 25.5135 ms/op
WorkloadActual  11: 32 op, 845339000.00 ns, 26.4168 ms/op
WorkloadActual  12: 32 op, 841395200.00 ns, 26.2936 ms/op
WorkloadActual  13: 32 op, 843347600.00 ns, 26.3546 ms/op
WorkloadActual  14: 32 op, 845394700.00 ns, 26.4186 ms/op
WorkloadActual  15: 32 op, 829732500.00 ns, 25.9291 ms/op

WorkloadResult   1: 32 op, 865997500.00 ns, 27.0624 ms/op
WorkloadResult   2: 32 op, 808013000.00 ns, 25.2504 ms/op
WorkloadResult   3: 32 op, 813349500.00 ns, 25.4172 ms/op
WorkloadResult   4: 32 op, 800673200.00 ns, 25.0210 ms/op
WorkloadResult   5: 32 op, 877725300.00 ns, 27.4289 ms/op
WorkloadResult   6: 32 op, 785997900.00 ns, 24.5624 ms/op
WorkloadResult   7: 32 op, 874996200.00 ns, 27.3436 ms/op
WorkloadResult   8: 32 op, 850767000.00 ns, 26.5865 ms/op
WorkloadResult   9: 32 op, 829525200.00 ns, 25.9227 ms/op
WorkloadResult  10: 32 op, 816430800.00 ns, 25.5135 ms/op
WorkloadResult  11: 32 op, 845338500.00 ns, 26.4168 ms/op
WorkloadResult  12: 32 op, 841394700.00 ns, 26.2936 ms/op
WorkloadResult  13: 32 op, 843347100.00 ns, 26.3546 ms/op
WorkloadResult  14: 32 op, 845394200.00 ns, 26.4186 ms/op
WorkloadResult  15: 32 op, 829732000.00 ns, 25.9291 ms/op
// GC:  158 26 0 1987085824 32
// Threading:  0 0 32


Mean = 26.101 ms, StdErr = 0.217 ms (0.83%), N = 15, StdDev = 0.841 ms
Min = 24.562 ms, Q1 = 25.465 ms, Median = 26.294 ms, Q3 = 26.503 ms, Max = 27.429 ms
IQR = 1.037 ms, LowerFence = 23.910 ms, UpperFence = 28.058 ms
ConfidenceInterval = [25.202 ms; 27.000 ms] (CI 99.9%), Margin = 0.899 ms (3.44% of Mean)
Skewness = -0.08, Kurtosis = 1.9, MValue = 2

// ** Remained 6 (21.4%) benchmark(s) to run. Estimated finish 2026-09-09 16:54 (0h 1m from now) **
Setup power plan (GUID: 8c5e7fda-e8bf-4a96-9a85-a6e23a8c635c FriendlyName: High performance)
// **************************
// Benchmark: CardBattleEngineBenchmark.EngineIterateActions: Job-ERIHKH(Toolchain=InProcessNoEmitToolchain, IterationCount=15, LaunchCount=1, WarmupCount=3) [EntityCount=6, MaxDepth=3]
// *** Execute ***
// Launch: 1 / 1

// Benchmark Process Environment Information:
// BenchmarkDotNet v0.15.8
// Runtime=.NET 8.0.28 (8.0.28, 8.0.2826.26413), X64 RyuJIT x86-64-v3
// GC=Concurrent Workstation
// HardwareIntrinsics=AVX2+BMI1+BMI2+F16C+FMA+LZCNT+MOVBE,AVX,SSE3+SSSE3+SSE4.1+SSE4.2+POPCNT,X86Base+SSE+SSE2,AES+PCLMUL,AvxVnni,SERIALIZE VectorSize=256
// Job: Job-ERIHKH(Toolchain=InProcessNoEmitToolchain, IterationCount=15, LaunchCount=1, WarmupCount=3)

OverheadJitting  1: 1 op, 500.00 ns, 500.0000 ns/op
WorkloadJitting  1: 1 op, 66172800.00 ns, 66.1728 ms/op

WorkloadPilot    1: 2 op, 159454600.00 ns, 79.7273 ms/op
WorkloadPilot    2: 3 op, 194463900.00 ns, 64.8213 ms/op
WorkloadPilot    3: 4 op, 261681600.00 ns, 65.4204 ms/op
WorkloadPilot    4: 5 op, 322506000.00 ns, 64.5012 ms/op
WorkloadPilot    5: 6 op, 424965600.00 ns, 70.8276 ms/op
WorkloadPilot    6: 7 op, 476271400.00 ns, 68.0388 ms/op
WorkloadPilot    7: 8 op, 676824100.00 ns, 84.6030 ms/op

WorkloadWarmup   1: 8 op, 574780500.00 ns, 71.8476 ms/op
WorkloadWarmup   2: 8 op, 540040900.00 ns, 67.5051 ms/op
WorkloadWarmup   3: 8 op, 563612000.00 ns, 70.4515 ms/op

WorkloadActual   1: 8 op, 529502900.00 ns, 66.1879 ms/op
WorkloadActual   2: 8 op, 552779300.00 ns, 69.0974 ms/op
WorkloadActual   3: 8 op, 518633800.00 ns, 64.8292 ms/op
WorkloadActual   4: 8 op, 606631300.00 ns, 75.8289 ms/op
WorkloadActual   5: 8 op, 537916900.00 ns, 67.2396 ms/op
WorkloadActual   6: 8 op, 578677800.00 ns, 72.3347 ms/op
WorkloadActual   7: 8 op, 539901800.00 ns, 67.4877 ms/op
WorkloadActual   8: 8 op, 542475100.00 ns, 67.8094 ms/op
WorkloadActual   9: 8 op, 575642600.00 ns, 71.9553 ms/op
WorkloadActual  10: 8 op, 522739800.00 ns, 65.3425 ms/op
WorkloadActual  11: 8 op, 601977900.00 ns, 75.2472 ms/op
WorkloadActual  12: 8 op, 798880200.00 ns, 99.8600 ms/op
WorkloadActual  13: 8 op, 756681300.00 ns, 94.5852 ms/op
WorkloadActual  14: 8 op, 786141400.00 ns, 98.2677 ms/op
WorkloadActual  15: 8 op, 714881800.00 ns, 89.3602 ms/op

WorkloadResult   1: 8 op, 529502900.00 ns, 66.1879 ms/op
WorkloadResult   2: 8 op, 552779300.00 ns, 69.0974 ms/op
WorkloadResult   3: 8 op, 518633800.00 ns, 64.8292 ms/op
WorkloadResult   4: 8 op, 606631300.00 ns, 75.8289 ms/op
WorkloadResult   5: 8 op, 537916900.00 ns, 67.2396 ms/op
WorkloadResult   6: 8 op, 578677800.00 ns, 72.3347 ms/op
WorkloadResult   7: 8 op, 539901800.00 ns, 67.4877 ms/op
WorkloadResult   8: 8 op, 542475100.00 ns, 67.8094 ms/op
WorkloadResult   9: 8 op, 575642600.00 ns, 71.9553 ms/op
WorkloadResult  10: 8 op, 522739800.00 ns, 65.3425 ms/op
WorkloadResult  11: 8 op, 601977900.00 ns, 75.2472 ms/op
WorkloadResult  12: 8 op, 798880200.00 ns, 99.8600 ms/op
WorkloadResult  13: 8 op, 756681300.00 ns, 94.5852 ms/op
WorkloadResult  14: 8 op, 786141400.00 ns, 98.2677 ms/op
WorkloadResult  15: 8 op, 714881800.00 ns, 89.3602 ms/op
// GC:  102 24 0 1290279280 8
// Threading:  0 0 8


Mean = 76.362 ms, StdErr = 3.248 ms (4.25%), N = 15, StdDev = 12.581 ms
Min = 64.829 ms, Q1 = 67.364 ms, Median = 71.955 ms, Q3 = 82.595 ms, Max = 99.860 ms
IQR = 15.231 ms, LowerFence = 44.517 ms, UpperFence = 105.441 ms
ConfidenceInterval = [62.912 ms; 89.812 ms] (CI 99.9%), Margin = 13.450 ms (17.61% of Mean)
Skewness = 0.84, Kurtosis = 1.97, MValue = 2.73

// ** Remained 5 (17.9%) benchmark(s) to run. Estimated finish 2026-09-09 16:54 (0h 1m from now) **
Setup power plan (GUID: 8c5e7fda-e8bf-4a96-9a85-a6e23a8c635c FriendlyName: High performance)
// **************************
// Benchmark: CardBattleEngineBenchmark.EngineIterateActions: Job-ERIHKH(Toolchain=InProcessNoEmitToolchain, IterationCount=15, LaunchCount=1, WarmupCount=3) [EntityCount=6, MaxDepth=4]
// *** Execute ***
// Launch: 1 / 1

// Benchmark Process Environment Information:
// BenchmarkDotNet v0.15.8
// Runtime=.NET 8.0.28 (8.0.28, 8.0.2826.26413), X64 RyuJIT x86-64-v3
// GC=Concurrent Workstation
// HardwareIntrinsics=AVX2+BMI1+BMI2+F16C+FMA+LZCNT+MOVBE,AVX,SSE3+SSSE3+SSE4.1+SSE4.2+POPCNT,X86Base+SSE+SSE2,AES+PCLMUL,AvxVnni,SERIALIZE VectorSize=256
// Job: Job-ERIHKH(Toolchain=InProcessNoEmitToolchain, IterationCount=15, LaunchCount=1, WarmupCount=3)

OverheadJitting  1: 1 op, 500.00 ns, 500.0000 ns/op
WorkloadJitting  1: 1 op, 102643500.00 ns, 102.6435 ms/op

WorkloadPilot    1: 2 op, 198130600.00 ns, 99.0653 ms/op
WorkloadPilot    2: 3 op, 314809000.00 ns, 104.9363 ms/op
WorkloadPilot    3: 4 op, 442992900.00 ns, 110.7482 ms/op
WorkloadPilot    4: 5 op, 508224100.00 ns, 101.6448 ms/op

WorkloadWarmup   1: 5 op, 584170800.00 ns, 116.8342 ms/op
WorkloadWarmup   2: 5 op, 507750400.00 ns, 101.5501 ms/op
WorkloadWarmup   3: 5 op, 514070900.00 ns, 102.8142 ms/op

WorkloadActual   1: 5 op, 484584200.00 ns, 96.9168 ms/op
WorkloadActual   2: 5 op, 539897500.00 ns, 107.9795 ms/op
WorkloadActual   3: 5 op, 501641600.00 ns, 100.3283 ms/op
WorkloadActual   4: 5 op, 560906100.00 ns, 112.1812 ms/op
WorkloadActual   5: 5 op, 580387700.00 ns, 116.0775 ms/op
WorkloadActual   6: 5 op, 541897600.00 ns, 108.3795 ms/op
WorkloadActual   7: 5 op, 513401200.00 ns, 102.6802 ms/op
WorkloadActual   8: 5 op, 542045000.00 ns, 108.4090 ms/op
WorkloadActual   9: 5 op, 518827500.00 ns, 103.7655 ms/op
WorkloadActual  10: 5 op, 540604000.00 ns, 108.1208 ms/op
WorkloadActual  11: 5 op, 497016100.00 ns, 99.4032 ms/op
WorkloadActual  12: 5 op, 495460700.00 ns, 99.0921 ms/op
WorkloadActual  13: 5 op, 491178200.00 ns, 98.2356 ms/op
WorkloadActual  14: 5 op, 489299300.00 ns, 97.8599 ms/op
WorkloadActual  15: 5 op, 498666800.00 ns, 99.7334 ms/op

WorkloadResult   1: 5 op, 484584200.00 ns, 96.9168 ms/op
WorkloadResult   2: 5 op, 539897500.00 ns, 107.9795 ms/op
WorkloadResult   3: 5 op, 501641600.00 ns, 100.3283 ms/op
WorkloadResult   4: 5 op, 560906100.00 ns, 112.1812 ms/op
WorkloadResult   5: 5 op, 580387700.00 ns, 116.0775 ms/op
WorkloadResult   6: 5 op, 541897600.00 ns, 108.3795 ms/op
WorkloadResult   7: 5 op, 513401200.00 ns, 102.6802 ms/op
WorkloadResult   8: 5 op, 542045000.00 ns, 108.4090 ms/op
WorkloadResult   9: 5 op, 518827500.00 ns, 103.7655 ms/op
WorkloadResult  10: 5 op, 540604000.00 ns, 108.1208 ms/op
WorkloadResult  11: 5 op, 497016100.00 ns, 99.4032 ms/op
WorkloadResult  12: 5 op, 495460700.00 ns, 99.0921 ms/op
WorkloadResult  13: 5 op, 491178200.00 ns, 98.2356 ms/op
WorkloadResult  14: 5 op, 489299300.00 ns, 97.8599 ms/op
WorkloadResult  15: 5 op, 498666800.00 ns, 99.7334 ms/op
// GC:  96 27 0 1207332920 5
// Threading:  0 0 5


Mean = 103.944 ms, StdErr = 1.518 ms (1.46%), N = 15, StdDev = 5.880 ms
Min = 96.917 ms, Q1 = 99.248 ms, Median = 102.680 ms, Q3 = 108.250 ms, Max = 116.078 ms
IQR = 9.002 ms, LowerFence = 85.744 ms, UpperFence = 121.754 ms
ConfidenceInterval = [97.658 ms; 110.230 ms] (CI 99.9%), Margin = 6.286 ms (6.05% of Mean)
Skewness = 0.51, Kurtosis = 1.89, MValue = 3

// ** Remained 4 (14.3%) benchmark(s) to run. Estimated finish 2026-09-09 16:53 (0h 1m from now) **
Setup power plan (GUID: 8c5e7fda-e8bf-4a96-9a85-a6e23a8c635c FriendlyName: High performance)
// **************************
// Benchmark: CardBattleEngineBenchmark.EngineIterateActions: Job-ERIHKH(Toolchain=InProcessNoEmitToolchain, IterationCount=15, LaunchCount=1, WarmupCount=3) [EntityCount=7, MaxDepth=1]
// *** Execute ***
// Launch: 1 / 1

// Benchmark Process Environment Information:
// BenchmarkDotNet v0.15.8
// Runtime=.NET 8.0.28 (8.0.28, 8.0.2826.26413), X64 RyuJIT x86-64-v3
// GC=Concurrent Workstation
// HardwareIntrinsics=AVX2+BMI1+BMI2+F16C+FMA+LZCNT+MOVBE,AVX,SSE3+SSSE3+SSE4.1+SSE4.2+POPCNT,X86Base+SSE+SSE2,AES+PCLMUL,AvxVnni,SERIALIZE VectorSize=256
// Job: Job-ERIHKH(Toolchain=InProcessNoEmitToolchain, IterationCount=15, LaunchCount=1, WarmupCount=3)

OverheadJitting  1: 1 op, 600.00 ns, 600.0000 ns/op
WorkloadJitting  1: 1 op, 2674700.00 ns, 2.6747 ms/op

OverheadJitting  2: 16 op, 700.00 ns, 43.7500 ns/op
WorkloadJitting  2: 16 op, 49458800.00 ns, 3.0912 ms/op

WorkloadPilot    1: 16 op, 47401900.00 ns, 2.9626 ms/op
WorkloadPilot    2: 32 op, 92563400.00 ns, 2.8926 ms/op
WorkloadPilot    3: 64 op, 190416500.00 ns, 2.9753 ms/op
WorkloadPilot    4: 128 op, 370256800.00 ns, 2.8926 ms/op
WorkloadPilot    5: 256 op, 795209200.00 ns, 3.1063 ms/op

OverheadWarmup   1: 256 op, 1100.00 ns, 4.2969 ns/op
OverheadWarmup   2: 256 op, 1200.00 ns, 4.6875 ns/op
OverheadWarmup   3: 256 op, 1000.00 ns, 3.9063 ns/op
OverheadWarmup   4: 256 op, 900.00 ns, 3.5156 ns/op
OverheadWarmup   5: 256 op, 800.00 ns, 3.1250 ns/op
OverheadWarmup   6: 256 op, 1500.00 ns, 5.8594 ns/op
OverheadWarmup   7: 256 op, 1500.00 ns, 5.8594 ns/op

OverheadActual   1: 256 op, 1600.00 ns, 6.2500 ns/op
OverheadActual   2: 256 op, 1800.00 ns, 7.0313 ns/op
OverheadActual   3: 256 op, 1800.00 ns, 7.0313 ns/op
OverheadActual   4: 256 op, 1900.00 ns, 7.4219 ns/op
OverheadActual   5: 256 op, 1800.00 ns, 7.0313 ns/op
OverheadActual   6: 256 op, 1700.00 ns, 6.6406 ns/op
OverheadActual   7: 256 op, 1000.00 ns, 3.9063 ns/op
OverheadActual   8: 256 op, 900.00 ns, 3.5156 ns/op
OverheadActual   9: 256 op, 1600.00 ns, 6.2500 ns/op
OverheadActual  10: 256 op, 1400.00 ns, 5.4688 ns/op
OverheadActual  11: 256 op, 1300.00 ns, 5.0781 ns/op
OverheadActual  12: 256 op, 1300.00 ns, 5.0781 ns/op
OverheadActual  13: 256 op, 1200.00 ns, 4.6875 ns/op
OverheadActual  14: 256 op, 1300.00 ns, 5.0781 ns/op
OverheadActual  15: 256 op, 1400.00 ns, 5.4688 ns/op
OverheadActual  16: 256 op, 1300.00 ns, 5.0781 ns/op
OverheadActual  17: 256 op, 1100.00 ns, 4.2969 ns/op
OverheadActual  18: 256 op, 1200.00 ns, 4.6875 ns/op
OverheadActual  19: 256 op, 1300.00 ns, 5.0781 ns/op
OverheadActual  20: 256 op, 1400.00 ns, 5.4688 ns/op

WorkloadWarmup   1: 256 op, 735452200.00 ns, 2.8729 ms/op
WorkloadWarmup   2: 256 op, 717945800.00 ns, 2.8045 ms/op
WorkloadWarmup   3: 256 op, 726202000.00 ns, 2.8367 ms/op

WorkloadActual   1: 256 op, 748200300.00 ns, 2.9227 ms/op
WorkloadActual   2: 256 op, 767486300.00 ns, 2.9980 ms/op
WorkloadActual   3: 256 op, 811942200.00 ns, 3.1716 ms/op
WorkloadActual   4: 256 op, 778649500.00 ns, 3.0416 ms/op
WorkloadActual   5: 256 op, 781131600.00 ns, 3.0513 ms/op
WorkloadActual   6: 256 op, 722508900.00 ns, 2.8223 ms/op
WorkloadActual   7: 256 op, 747514700.00 ns, 2.9200 ms/op
WorkloadActual   8: 256 op, 760240800.00 ns, 2.9697 ms/op
WorkloadActual   9: 256 op, 799299200.00 ns, 3.1223 ms/op
WorkloadActual  10: 256 op, 728179400.00 ns, 2.8445 ms/op
WorkloadActual  11: 256 op, 720195800.00 ns, 2.8133 ms/op
WorkloadActual  12: 256 op, 744789700.00 ns, 2.9093 ms/op
WorkloadActual  13: 256 op, 805231000.00 ns, 3.1454 ms/op
WorkloadActual  14: 256 op, 736631400.00 ns, 2.8775 ms/op
WorkloadActual  15: 256 op, 749308500.00 ns, 2.9270 ms/op

WorkloadResult   1: 256 op, 748198950.00 ns, 2.9227 ms/op
WorkloadResult   2: 256 op, 767484950.00 ns, 2.9980 ms/op
WorkloadResult   3: 256 op, 811940850.00 ns, 3.1716 ms/op
WorkloadResult   4: 256 op, 778648150.00 ns, 3.0416 ms/op
WorkloadResult   5: 256 op, 781130250.00 ns, 3.0513 ms/op
WorkloadResult   6: 256 op, 722507550.00 ns, 2.8223 ms/op
WorkloadResult   7: 256 op, 747513350.00 ns, 2.9200 ms/op
WorkloadResult   8: 256 op, 760239450.00 ns, 2.9697 ms/op
WorkloadResult   9: 256 op, 799297850.00 ns, 3.1223 ms/op
WorkloadResult  10: 256 op, 728178050.00 ns, 2.8444 ms/op
WorkloadResult  11: 256 op, 720194450.00 ns, 2.8133 ms/op
WorkloadResult  12: 256 op, 744788350.00 ns, 2.9093 ms/op
WorkloadResult  13: 256 op, 805229650.00 ns, 3.1454 ms/op
WorkloadResult  14: 256 op, 736630050.00 ns, 2.8775 ms/op
WorkloadResult  15: 256 op, 749307150.00 ns, 2.9270 ms/op
// GC:  140 25 0 1768821360 256
// Threading:  0 0 256


Mean = 2.969 ms, StdErr = 0.030 ms (1.01%), N = 15, StdDev = 0.116 ms
Min = 2.813 ms, Q1 = 2.893 ms, Median = 2.927 ms, Q3 = 3.046 ms, Max = 3.172 ms
IQR = 0.153 ms, LowerFence = 2.664 ms, UpperFence = 3.276 ms
ConfidenceInterval = [2.845 ms; 3.093 ms] (CI 99.9%), Margin = 0.124 ms (4.17% of Mean)
Skewness = 0.35, Kurtosis = 1.72, MValue = 2

// ** Remained 3 (10.7%) benchmark(s) to run. Estimated finish 2026-09-09 16:53 (0h 0m from now) **
Setup power plan (GUID: 8c5e7fda-e8bf-4a96-9a85-a6e23a8c635c FriendlyName: High performance)
// **************************
// Benchmark: CardBattleEngineBenchmark.EngineIterateActions: Job-ERIHKH(Toolchain=InProcessNoEmitToolchain, IterationCount=15, LaunchCount=1, WarmupCount=3) [EntityCount=7, MaxDepth=2]
// *** Execute ***
// Launch: 1 / 1

// Benchmark Process Environment Information:
// BenchmarkDotNet v0.15.8
// Runtime=.NET 8.0.28 (8.0.28, 8.0.2826.26413), X64 RyuJIT x86-64-v3
// GC=Concurrent Workstation
// HardwareIntrinsics=AVX2+BMI1+BMI2+F16C+FMA+LZCNT+MOVBE,AVX,SSE3+SSSE3+SSE4.1+SSE4.2+POPCNT,X86Base+SSE+SSE2,AES+PCLMUL,AvxVnni,SERIALIZE VectorSize=256
// Job: Job-ERIHKH(Toolchain=InProcessNoEmitToolchain, IterationCount=15, LaunchCount=1, WarmupCount=3)

OverheadJitting  1: 1 op, 400.00 ns, 400.0000 ns/op
WorkloadJitting  1: 1 op, 33774200.00 ns, 33.7742 ms/op

WorkloadPilot    1: 2 op, 62606400.00 ns, 31.3032 ms/op
WorkloadPilot    2: 3 op, 98849100.00 ns, 32.9497 ms/op
WorkloadPilot    3: 4 op, 174542500.00 ns, 43.6356 ms/op
WorkloadPilot    4: 5 op, 185555100.00 ns, 37.1110 ms/op
WorkloadPilot    5: 6 op, 203829200.00 ns, 33.9715 ms/op
WorkloadPilot    6: 7 op, 238094400.00 ns, 34.0135 ms/op
WorkloadPilot    7: 8 op, 348263000.00 ns, 43.5329 ms/op
WorkloadPilot    8: 9 op, 312014700.00 ns, 34.6683 ms/op
WorkloadPilot    9: 10 op, 314385100.00 ns, 31.4385 ms/op
WorkloadPilot   10: 11 op, 453989200.00 ns, 41.2717 ms/op
WorkloadPilot   11: 12 op, 410413800.00 ns, 34.2012 ms/op
WorkloadPilot   12: 13 op, 413249800.00 ns, 31.7884 ms/op
WorkloadPilot   13: 14 op, 492820100.00 ns, 35.2014 ms/op
WorkloadPilot   14: 15 op, 538224300.00 ns, 35.8816 ms/op

WorkloadWarmup   1: 15 op, 515926000.00 ns, 34.3951 ms/op
WorkloadWarmup   2: 15 op, 585158900.00 ns, 39.0106 ms/op
WorkloadWarmup   3: 15 op, 505620400.00 ns, 33.7080 ms/op

WorkloadActual   1: 15 op, 510646400.00 ns, 34.0431 ms/op
WorkloadActual   2: 15 op, 531277900.00 ns, 35.4185 ms/op
WorkloadActual   3: 15 op, 557764400.00 ns, 37.1843 ms/op
WorkloadActual   4: 15 op, 501925200.00 ns, 33.4617 ms/op
WorkloadActual   5: 15 op, 504334800.00 ns, 33.6223 ms/op
WorkloadActual   6: 15 op, 502800200.00 ns, 33.5200 ms/op
WorkloadActual   7: 15 op, 496279600.00 ns, 33.0853 ms/op
WorkloadActual   8: 15 op, 524313600.00 ns, 34.9542 ms/op
WorkloadActual   9: 15 op, 541197600.00 ns, 36.0798 ms/op
WorkloadActual  10: 15 op, 518450300.00 ns, 34.5634 ms/op
WorkloadActual  11: 15 op, 501218900.00 ns, 33.4146 ms/op
WorkloadActual  12: 15 op, 467783800.00 ns, 31.1856 ms/op
WorkloadActual  13: 15 op, 560779400.00 ns, 37.3853 ms/op
WorkloadActual  14: 15 op, 523447000.00 ns, 34.8965 ms/op
WorkloadActual  15: 15 op, 572576400.00 ns, 38.1718 ms/op

WorkloadResult   1: 15 op, 510646400.00 ns, 34.0431 ms/op
WorkloadResult   2: 15 op, 531277900.00 ns, 35.4185 ms/op
WorkloadResult   3: 15 op, 557764400.00 ns, 37.1843 ms/op
WorkloadResult   4: 15 op, 501925200.00 ns, 33.4617 ms/op
WorkloadResult   5: 15 op, 504334800.00 ns, 33.6223 ms/op
WorkloadResult   6: 15 op, 502800200.00 ns, 33.5200 ms/op
WorkloadResult   7: 15 op, 496279600.00 ns, 33.0853 ms/op
WorkloadResult   8: 15 op, 524313600.00 ns, 34.9542 ms/op
WorkloadResult   9: 15 op, 541197600.00 ns, 36.0798 ms/op
WorkloadResult  10: 15 op, 518450300.00 ns, 34.5634 ms/op
WorkloadResult  11: 15 op, 501218900.00 ns, 33.4146 ms/op
WorkloadResult  12: 15 op, 467783800.00 ns, 31.1856 ms/op
WorkloadResult  13: 15 op, 560779400.00 ns, 37.3853 ms/op
WorkloadResult  14: 15 op, 523447000.00 ns, 34.8965 ms/op
WorkloadResult  15: 15 op, 572576400.00 ns, 38.1718 ms/op
// GC:  97 18 0 1217921880 15
// Threading:  0 0 15


Mean = 34.732 ms, StdErr = 0.483 ms (1.39%), N = 15, StdDev = 1.873 ms
Min = 31.186 ms, Q1 = 33.491 ms, Median = 34.563 ms, Q3 = 35.749 ms, Max = 38.172 ms
IQR = 2.258 ms, LowerFence = 30.103 ms, UpperFence = 39.137 ms
ConfidenceInterval = [32.731 ms; 36.734 ms] (CI 99.9%), Margin = 2.002 ms (5.76% of Mean)
Skewness = 0.2, Kurtosis = 2.19, MValue = 2.22

// ** Remained 2 (7.1%) benchmark(s) to run. Estimated finish 2026-09-09 16:53 (0h 0m from now) **
Setup power plan (GUID: 8c5e7fda-e8bf-4a96-9a85-a6e23a8c635c FriendlyName: High performance)
// **************************
// Benchmark: CardBattleEngineBenchmark.EngineIterateActions: Job-ERIHKH(Toolchain=InProcessNoEmitToolchain, IterationCount=15, LaunchCount=1, WarmupCount=3) [EntityCount=7, MaxDepth=3]
// *** Execute ***
// Launch: 1 / 1

// Benchmark Process Environment Information:
// BenchmarkDotNet v0.15.8
// Runtime=.NET 8.0.28 (8.0.28, 8.0.2826.26413), X64 RyuJIT x86-64-v3
// GC=Concurrent Workstation
// HardwareIntrinsics=AVX2+BMI1+BMI2+F16C+FMA+LZCNT+MOVBE,AVX,SSE3+SSSE3+SSE4.1+SSE4.2+POPCNT,X86Base+SSE+SSE2,AES+PCLMUL,AvxVnni,SERIALIZE VectorSize=256
// Job: Job-ERIHKH(Toolchain=InProcessNoEmitToolchain, IterationCount=15, LaunchCount=1, WarmupCount=3)

OverheadJitting  1: 1 op, 600.00 ns, 600.0000 ns/op
WorkloadJitting  1: 1 op, 87349200.00 ns, 87.3492 ms/op

WorkloadPilot    1: 2 op, 207586600.00 ns, 103.7933 ms/op
WorkloadPilot    2: 3 op, 325749000.00 ns, 108.5830 ms/op
WorkloadPilot    3: 4 op, 406256500.00 ns, 101.5641 ms/op
WorkloadPilot    4: 5 op, 484624500.00 ns, 96.9249 ms/op
WorkloadPilot    5: 6 op, 610912600.00 ns, 101.8188 ms/op

WorkloadWarmup   1: 6 op, 672728800.00 ns, 112.1215 ms/op
WorkloadWarmup   2: 6 op, 565103700.00 ns, 94.1840 ms/op
WorkloadWarmup   3: 6 op, 618871000.00 ns, 103.1452 ms/op

WorkloadActual   1: 6 op, 590037500.00 ns, 98.3396 ms/op
WorkloadActual   2: 6 op, 581985900.00 ns, 96.9977 ms/op
WorkloadActual   3: 6 op, 590177500.00 ns, 98.3629 ms/op
WorkloadActual   4: 6 op, 587665900.00 ns, 97.9443 ms/op
WorkloadActual   5: 6 op, 587177900.00 ns, 97.8630 ms/op
WorkloadActual   6: 6 op, 575582000.00 ns, 95.9303 ms/op
WorkloadActual   7: 6 op, 574156300.00 ns, 95.6927 ms/op
WorkloadActual   8: 6 op, 607840300.00 ns, 101.3067 ms/op
WorkloadActual   9: 6 op, 598766100.00 ns, 99.7944 ms/op
WorkloadActual  10: 6 op, 608911300.00 ns, 101.4852 ms/op
WorkloadActual  11: 6 op, 588007900.00 ns, 98.0013 ms/op
WorkloadActual  12: 6 op, 595863500.00 ns, 99.3106 ms/op
WorkloadActual  13: 6 op, 636726000.00 ns, 106.1210 ms/op
WorkloadActual  14: 6 op, 576096600.00 ns, 96.0161 ms/op
WorkloadActual  15: 6 op, 647923400.00 ns, 107.9872 ms/op

WorkloadResult   1: 6 op, 590037500.00 ns, 98.3396 ms/op
WorkloadResult   2: 6 op, 581985900.00 ns, 96.9977 ms/op
WorkloadResult   3: 6 op, 590177500.00 ns, 98.3629 ms/op
WorkloadResult   4: 6 op, 587665900.00 ns, 97.9443 ms/op
WorkloadResult   5: 6 op, 587177900.00 ns, 97.8630 ms/op
WorkloadResult   6: 6 op, 575582000.00 ns, 95.9303 ms/op
WorkloadResult   7: 6 op, 574156300.00 ns, 95.6927 ms/op
WorkloadResult   8: 6 op, 607840300.00 ns, 101.3067 ms/op
WorkloadResult   9: 6 op, 598766100.00 ns, 99.7944 ms/op
WorkloadResult  10: 6 op, 608911300.00 ns, 101.4852 ms/op
WorkloadResult  11: 6 op, 588007900.00 ns, 98.0013 ms/op
WorkloadResult  12: 6 op, 595863500.00 ns, 99.3106 ms/op
WorkloadResult  13: 6 op, 576096600.00 ns, 96.0161 ms/op
// GC:  117 33 0 1477976592 6
// Threading:  0 0 6


Mean = 98.234 ms, StdErr = 0.520 ms (0.53%), N = 13, StdDev = 1.874 ms
Min = 95.693 ms, Q1 = 96.998 ms, Median = 98.001 ms, Q3 = 99.311 ms, Max = 101.485 ms
IQR = 2.313 ms, LowerFence = 93.528 ms, UpperFence = 102.780 ms
ConfidenceInterval = [95.991 ms; 100.478 ms] (CI 99.9%), Margin = 2.244 ms (2.28% of Mean)
Skewness = 0.31, Kurtosis = 1.9, MValue = 2

// ** Remained 1 (3.6%) benchmark(s) to run. Estimated finish 2026-09-09 16:53 (0h 0m from now) **
Setup power plan (GUID: 8c5e7fda-e8bf-4a96-9a85-a6e23a8c635c FriendlyName: High performance)
// **************************
// Benchmark: CardBattleEngineBenchmark.EngineIterateActions: Job-ERIHKH(Toolchain=InProcessNoEmitToolchain, IterationCount=15, LaunchCount=1, WarmupCount=3) [EntityCount=7, MaxDepth=4]
// *** Execute ***
// Launch: 1 / 1

// Benchmark Process Environment Information:
// BenchmarkDotNet v0.15.8
// Runtime=.NET 8.0.28 (8.0.28, 8.0.2826.26413), X64 RyuJIT x86-64-v3
// GC=Concurrent Workstation
// HardwareIntrinsics=AVX2+BMI1+BMI2+F16C+FMA+LZCNT+MOVBE,AVX,SSE3+SSSE3+SSE4.1+SSE4.2+POPCNT,X86Base+SSE+SSE2,AES+PCLMUL,AvxVnni,SERIALIZE VectorSize=256
// Job: Job-ERIHKH(Toolchain=InProcessNoEmitToolchain, IterationCount=15, LaunchCount=1, WarmupCount=3)

OverheadJitting  1: 1 op, 500.00 ns, 500.0000 ns/op
WorkloadJitting  1: 1 op, 145090400.00 ns, 145.0904 ms/op

WorkloadPilot    1: 2 op, 338388500.00 ns, 169.1943 ms/op
WorkloadPilot    2: 3 op, 491011000.00 ns, 163.6703 ms/op
WorkloadPilot    3: 4 op, 622728800.00 ns, 155.6822 ms/op

WorkloadWarmup   1: 4 op, 623825300.00 ns, 155.9563 ms/op
WorkloadWarmup   2: 4 op, 682125400.00 ns, 170.5314 ms/op
WorkloadWarmup   3: 4 op, 650987400.00 ns, 162.7469 ms/op

WorkloadActual   1: 4 op, 659326200.00 ns, 164.8316 ms/op
WorkloadActual   2: 4 op, 668275800.00 ns, 167.0690 ms/op
WorkloadActual   3: 4 op, 649951000.00 ns, 162.4878 ms/op
WorkloadActual   4: 4 op, 670819800.00 ns, 167.7050 ms/op
WorkloadActual   5: 4 op, 721194300.00 ns, 180.2986 ms/op
WorkloadActual   6: 4 op, 636891600.00 ns, 159.2229 ms/op
WorkloadActual   7: 4 op, 648417800.00 ns, 162.1045 ms/op
WorkloadActual   8: 4 op, 671205500.00 ns, 167.8014 ms/op
WorkloadActual   9: 4 op, 670807900.00 ns, 167.7020 ms/op
WorkloadActual  10: 4 op, 642278300.00 ns, 160.5696 ms/op
WorkloadActual  11: 4 op, 655147500.00 ns, 163.7869 ms/op
WorkloadActual  12: 4 op, 620174200.00 ns, 155.0436 ms/op
WorkloadActual  13: 4 op, 643135800.00 ns, 160.7840 ms/op
WorkloadActual  14: 4 op, 627734300.00 ns, 156.9336 ms/op
WorkloadActual  15: 4 op, 639603900.00 ns, 159.9010 ms/op

WorkloadResult   1: 4 op, 659326200.00 ns, 164.8316 ms/op
WorkloadResult   2: 4 op, 668275800.00 ns, 167.0690 ms/op
WorkloadResult   3: 4 op, 649951000.00 ns, 162.4878 ms/op
WorkloadResult   4: 4 op, 670819800.00 ns, 167.7050 ms/op
WorkloadResult   5: 4 op, 636891600.00 ns, 159.2229 ms/op
WorkloadResult   6: 4 op, 648417800.00 ns, 162.1045 ms/op
WorkloadResult   7: 4 op, 671205500.00 ns, 167.8014 ms/op
WorkloadResult   8: 4 op, 670807900.00 ns, 167.7020 ms/op
WorkloadResult   9: 4 op, 642278300.00 ns, 160.5696 ms/op
WorkloadResult  10: 4 op, 655147500.00 ns, 163.7869 ms/op
WorkloadResult  11: 4 op, 620174200.00 ns, 155.0436 ms/op
WorkloadResult  12: 4 op, 643135800.00 ns, 160.7840 ms/op
WorkloadResult  13: 4 op, 627734300.00 ns, 156.9336 ms/op
WorkloadResult  14: 4 op, 639603900.00 ns, 159.9010 ms/op
// GC:  127 36 0 1598406336 4
// Threading:  0 0 4


Mean = 162.567 ms, StdErr = 1.102 ms (0.68%), N = 14, StdDev = 4.124 ms
Min = 155.044 ms, Q1 = 160.068 ms, Median = 162.296 ms, Q3 = 166.510 ms, Max = 167.801 ms
IQR = 6.441 ms, LowerFence = 150.406 ms, UpperFence = 176.172 ms
ConfidenceInterval = [157.915 ms; 167.219 ms] (CI 99.9%), Margin = 4.652 ms (2.86% of Mean)
Skewness = -0.16, Kurtosis = 1.73, MValue = 2

// ** Remained 0 (0.0%) benchmark(s) to run. Estimated finish 2026-09-09 16:53 (0h 0m from now) **
Successfully reverted power plan (GUID: 381b4222-f694-41f0-9685-ff5bb260df2e FriendlyName: Balanced)
// ***** BenchmarkRunner: Finish  *****

// * Export *
  BenchmarkDotNet.Artifacts\results\MyBenchmarks.CardBattleEngineBenchmark-report.csv
  BenchmarkDotNet.Artifacts\results\MyBenchmarks.CardBattleEngineBenchmark-report-github.md
  BenchmarkDotNet.Artifacts\results\MyBenchmarks.CardBattleEngineBenchmark-report.html

// * Detailed results *
CardBattleEngineBenchmark.EngineIterateActions: Job-ERIHKH(Toolchain=InProcessNoEmitToolchain, IterationCount=15, LaunchCount=1, WarmupCount=3) [EntityCount=1, MaxDepth=1]
Runtime = ; GC = 
Mean = 57.567 μs, StdErr = 0.335 μs (0.58%), N = 13, StdDev = 1.208 μs
Min = 55.000 μs, Q1 = 56.584 μs, Median = 57.521 μs, Q3 = 58.622 μs, Max = 59.091 μs
IQR = 2.038 μs, LowerFence = 53.526 μs, UpperFence = 61.680 μs
ConfidenceInterval = [56.120 μs; 59.014 μs] (CI 99.9%), Margin = 1.447 μs (2.51% of Mean)
Skewness = -0.44, Kurtosis = 2.16, MValue = 2
-------------------- Histogram --------------------
[54.326 μs ; 56.410 μs) | @
[56.410 μs ; 57.759 μs) | @@@@@@@
[57.759 μs ; 59.456 μs) | @@@@@
---------------------------------------------------

CardBattleEngineBenchmark.EngineIterateActions: Job-ERIHKH(Toolchain=InProcessNoEmitToolchain, IterationCount=15, LaunchCount=1, WarmupCount=3) [EntityCount=1, MaxDepth=2]
Runtime = ; GC = 
Mean = 90.656 μs, StdErr = 0.667 μs (0.74%), N = 15, StdDev = 2.582 μs
Min = 85.857 μs, Q1 = 89.218 μs, Median = 91.106 μs, Q3 = 92.251 μs, Max = 96.198 μs
IQR = 3.033 μs, LowerFence = 84.669 μs, UpperFence = 96.800 μs
ConfidenceInterval = [87.896 μs; 93.415 μs] (CI 99.9%), Margin = 2.760 μs (3.04% of Mean)
Skewness = 0.01, Kurtosis = 2.64, MValue = 2.22
-------------------- Histogram --------------------
[84.483 μs ; 87.032 μs) | @
[87.032 μs ; 89.913 μs) | @@@@
[89.913 μs ; 92.661 μs) | @@@@@@@@@
[92.661 μs ; 94.824 μs) | 
[94.824 μs ; 97.572 μs) | @
---------------------------------------------------

CardBattleEngineBenchmark.EngineIterateActions: Job-ERIHKH(Toolchain=InProcessNoEmitToolchain, IterationCount=15, LaunchCount=1, WarmupCount=3) [EntityCount=1, MaxDepth=3]
Runtime = ; GC = 
Mean = 132.620 μs, StdErr = 0.863 μs (0.65%), N = 13, StdDev = 3.112 μs
Min = 128.253 μs, Q1 = 130.851 μs, Median = 132.017 μs, Q3 = 134.447 μs, Max = 139.327 μs
IQR = 3.597 μs, LowerFence = 125.456 μs, UpperFence = 139.842 μs
ConfidenceInterval = [128.893 μs; 136.347 μs] (CI 99.9%), Margin = 3.727 μs (2.81% of Mean)
Skewness = 0.56, Kurtosis = 2.38, MValue = 2
-------------------- Histogram --------------------
[126.516 μs ; 129.107 μs) | @
[129.107 μs ; 132.581 μs) | @@@@@@@
[132.581 μs ; 136.461 μs) | @@@@
[136.461 μs ; 141.065 μs) | @
---------------------------------------------------

CardBattleEngineBenchmark.EngineIterateActions: Job-ERIHKH(Toolchain=InProcessNoEmitToolchain, IterationCount=15, LaunchCount=1, WarmupCount=3) [EntityCount=1, MaxDepth=4]
Runtime = ; GC = 
Mean = 135.601 μs, StdErr = 1.158 μs (0.85%), N = 14, StdDev = 4.335 μs
Min = 127.760 μs, Q1 = 132.871 μs, Median = 135.572 μs, Q3 = 137.989 μs, Max = 143.581 μs
IQR = 5.119 μs, LowerFence = 125.193 μs, UpperFence = 145.667 μs
ConfidenceInterval = [130.711 μs; 140.490 μs] (CI 99.9%), Margin = 4.890 μs (3.61% of Mean)
Skewness = 0.05, Kurtosis = 2.09, MValue = 2
-------------------- Histogram --------------------
[127.636 μs ; 132.613 μs) | @@@
[132.613 μs ; 137.334 μs) | @@@@@@@
[137.334 μs ; 142.150 μs) | @@@
[142.150 μs ; 145.941 μs) | @
---------------------------------------------------

CardBattleEngineBenchmark.EngineIterateActions: Job-ERIHKH(Toolchain=InProcessNoEmitToolchain, IterationCount=15, LaunchCount=1, WarmupCount=3) [EntityCount=2, MaxDepth=1]
Runtime = ; GC = 
Mean = 181.609 μs, StdErr = 5.133 μs (2.83%), N = 15, StdDev = 19.878 μs
Min = 153.853 μs, Q1 = 166.728 μs, Median = 185.218 μs, Q3 = 197.062 μs, Max = 214.564 μs
IQR = 30.334 μs, LowerFence = 121.228 μs, UpperFence = 242.562 μs
ConfidenceInterval = [160.358 μs; 202.860 μs] (CI 99.9%), Margin = 21.251 μs (11.70% of Mean)
Skewness = -0.02, Kurtosis = 1.52, MValue = 3.43
-------------------- Histogram --------------------
[150.925 μs ; 172.083 μs) | @@@@@@
[172.083 μs ; 185.129 μs) | @
[185.129 μs ; 206.287 μs) | @@@@@@@
[206.287 μs ; 225.143 μs) | @
---------------------------------------------------

CardBattleEngineBenchmark.EngineIterateActions: Job-ERIHKH(Toolchain=InProcessNoEmitToolchain, IterationCount=15, LaunchCount=1, WarmupCount=3) [EntityCount=2, MaxDepth=2]
Runtime = ; GC = 
Mean = 461.380 μs, StdErr = 2.708 μs (0.59%), N = 15, StdDev = 10.487 μs
Min = 444.418 μs, Q1 = 454.927 μs, Median = 461.237 μs, Q3 = 466.458 μs, Max = 479.744 μs
IQR = 11.531 μs, LowerFence = 437.631 μs, UpperFence = 483.754 μs
ConfidenceInterval = [450.169 μs; 472.592 μs] (CI 99.9%), Margin = 11.211 μs (2.43% of Mean)
Skewness = 0.04, Kurtosis = 2.05, MValue = 2
-------------------- Histogram --------------------
[443.359 μs ; 454.521 μs) | @@@@
[454.521 μs ; 471.077 μs) | @@@@@@@@@
[471.077 μs ; 485.325 μs) | @@
---------------------------------------------------

CardBattleEngineBenchmark.EngineIterateActions: Job-ERIHKH(Toolchain=InProcessNoEmitToolchain, IterationCount=15, LaunchCount=1, WarmupCount=3) [EntityCount=2, MaxDepth=3]
Runtime = ; GC = 
Mean = 696.598 μs, StdErr = 3.594 μs (0.52%), N = 15, StdDev = 13.920 μs
Min = 673.294 μs, Q1 = 688.392 μs, Median = 696.862 μs, Q3 = 706.233 μs, Max = 718.443 μs
IQR = 17.841 μs, LowerFence = 661.630 μs, UpperFence = 732.995 μs
ConfidenceInterval = [681.716 μs; 711.479 μs] (CI 99.9%), Margin = 14.882 μs (2.14% of Mean)
Skewness = -0.13, Kurtosis = 1.74, MValue = 2
-------------------- Histogram --------------------
[672.148 μs ; 686.964 μs) | @@@@
[686.964 μs ; 705.575 μs) | @@@@@@@
[705.575 μs ; 720.179 μs) | @@@@
---------------------------------------------------

CardBattleEngineBenchmark.EngineIterateActions: Job-ERIHKH(Toolchain=InProcessNoEmitToolchain, IterationCount=15, LaunchCount=1, WarmupCount=3) [EntityCount=2, MaxDepth=4]
Runtime = ; GC = 
Mean = 889.325 μs, StdErr = 9.900 μs (1.11%), N = 15, StdDev = 38.343 μs
Min = 814.459 μs, Q1 = 866.982 μs, Median = 901.553 μs, Q3 = 915.496 μs, Max = 941.055 μs
IQR = 48.513 μs, LowerFence = 794.212 μs, UpperFence = 988.266 μs
ConfidenceInterval = [848.335 μs; 930.316 μs] (CI 99.9%), Margin = 40.991 μs (4.61% of Mean)
Skewness = -0.43, Kurtosis = 1.89, MValue = 2
-------------------- Histogram --------------------
[802.658 μs ; 844.468 μs) | @@
[844.468 μs ; 885.279 μs) | @@@@@
[885.279 μs ; 941.710 μs) | @@@@@@@@
---------------------------------------------------

CardBattleEngineBenchmark.EngineIterateActions: Job-ERIHKH(Toolchain=InProcessNoEmitToolchain, IterationCount=15, LaunchCount=1, WarmupCount=3) [EntityCount=3, MaxDepth=1]
Runtime = ; GC = 
Mean = 442.628 μs, StdErr = 3.732 μs (0.84%), N = 14, StdDev = 13.963 μs
Min = 417.417 μs, Q1 = 435.065 μs, Median = 443.453 μs, Q3 = 448.708 μs, Max = 469.547 μs
IQR = 13.643 μs, LowerFence = 414.601 μs, UpperFence = 469.172 μs
ConfidenceInterval = [426.876 μs; 458.380 μs] (CI 99.9%), Margin = 15.752 μs (3.56% of Mean)
Skewness = 0.1, Kurtosis = 2.26, MValue = 2
-------------------- Histogram --------------------
[414.792 μs ; 430.000 μs) | @@@
[430.000 μs ; 449.522 μs) | @@@@@@@@
[449.522 μs ; 469.961 μs) | @@@
---------------------------------------------------

CardBattleEngineBenchmark.EngineIterateActions: Job-ERIHKH(Toolchain=InProcessNoEmitToolchain, IterationCount=15, LaunchCount=1, WarmupCount=3) [EntityCount=3, MaxDepth=2]
Runtime = ; GC = 
Mean = 1.733 ms, StdErr = 0.012 ms (0.69%), N = 15, StdDev = 0.046 ms
Min = 1.650 ms, Q1 = 1.713 ms, Median = 1.737 ms, Q3 = 1.759 ms, Max = 1.820 ms
IQR = 0.046 ms, LowerFence = 1.644 ms, UpperFence = 1.829 ms
ConfidenceInterval = [1.684 ms; 1.783 ms] (CI 99.9%), Margin = 0.049 ms (2.84% of Mean)
Skewness = -0.01, Kurtosis = 2.19, MValue = 2
-------------------- Histogram --------------------
[1.641 ms ; 1.708 ms) | @@@
[1.708 ms ; 1.757 ms) | @@@@@@@@
[1.757 ms ; 1.803 ms) | @@@
[1.803 ms ; 1.845 ms) | @
---------------------------------------------------

CardBattleEngineBenchmark.EngineIterateActions: Job-ERIHKH(Toolchain=InProcessNoEmitToolchain, IterationCount=15, LaunchCount=1, WarmupCount=3) [EntityCount=3, MaxDepth=3]
Runtime = ; GC = 
Mean = 2.765 ms, StdErr = 0.091 ms (3.30%), N = 15, StdDev = 0.354 ms
Min = 2.308 ms, Q1 = 2.375 ms, Median = 2.747 ms, Q3 = 3.104 ms, Max = 3.218 ms
IQR = 0.729 ms, LowerFence = 1.280 ms, UpperFence = 4.198 ms
ConfidenceInterval = [2.387 ms; 3.143 ms] (CI 99.9%), Margin = 0.378 ms (13.67% of Mean)
Skewness = -0.08, Kurtosis = 1.21, MValue = 3.71
-------------------- Histogram --------------------
[2.300 ms ; 2.677 ms) | @@@@@@@
[2.677 ms ; 2.896 ms) | @
[2.896 ms ; 3.272 ms) | @@@@@@@
---------------------------------------------------

CardBattleEngineBenchmark.EngineIterateActions: Job-ERIHKH(Toolchain=InProcessNoEmitToolchain, IterationCount=15, LaunchCount=1, WarmupCount=3) [EntityCount=3, MaxDepth=4]
Runtime = ; GC = 
Mean = 3.885 ms, StdErr = 0.143 ms (3.69%), N = 15, StdDev = 0.555 ms
Min = 3.105 ms, Q1 = 3.550 ms, Median = 3.914 ms, Q3 = 4.170 ms, Max = 4.914 ms
IQR = 0.620 ms, LowerFence = 2.621 ms, UpperFence = 5.100 ms
ConfidenceInterval = [3.292 ms; 4.478 ms] (CI 99.9%), Margin = 0.593 ms (15.27% of Mean)
Skewness = 0.31, Kurtosis = 1.89, MValue = 3
-------------------- Histogram --------------------
[2.809 ms ; 3.477 ms) | @@@
[3.477 ms ; 4.068 ms) | @@@@@@@@
[4.068 ms ; 4.323 ms) | 
[4.323 ms ; 4.914 ms) | @@@@
---------------------------------------------------

CardBattleEngineBenchmark.EngineIterateActions: Job-ERIHKH(Toolchain=InProcessNoEmitToolchain, IterationCount=15, LaunchCount=1, WarmupCount=3) [EntityCount=4, MaxDepth=1]
Runtime = ; GC = 
Mean = 976.649 μs, StdErr = 20.371 μs (2.09%), N = 14, StdDev = 76.220 μs
Min = 875.029 μs, Q1 = 920.703 μs, Median = 968.846 μs, Q3 = 1,041.357 μs, Max = 1,129.459 μs
IQR = 120.654 μs, LowerFence = 739.721 μs, UpperFence = 1,222.338 μs
ConfidenceInterval = [890.667 μs; 1,062.630 μs] (CI 99.9%), Margin = 85.981 μs (8.80% of Mean)
Skewness = 0.34, Kurtosis = 1.84, MValue = 2
-------------------- Histogram --------------------
[  872.571 μs ;   955.586 μs) | @@@@@@@
[  955.586 μs ; 1,060.685 μs) | @@@@@@
[1,060.685 μs ; 1,170.967 μs) | @
---------------------------------------------------

CardBattleEngineBenchmark.EngineIterateActions: Job-ERIHKH(Toolchain=InProcessNoEmitToolchain, IterationCount=15, LaunchCount=1, WarmupCount=3) [EntityCount=4, MaxDepth=2]
Runtime = ; GC = 
Mean = 4.898 ms, StdErr = 0.070 ms (1.43%), N = 15, StdDev = 0.270 ms
Min = 4.453 ms, Q1 = 4.735 ms, Median = 4.907 ms, Q3 = 5.129 ms, Max = 5.364 ms
IQR = 0.394 ms, LowerFence = 4.145 ms, UpperFence = 5.720 ms
ConfidenceInterval = [4.609 ms; 5.187 ms] (CI 99.9%), Margin = 0.289 ms (5.90% of Mean)
Skewness = -0.12, Kurtosis = 1.88, MValue = 3.43
-------------------- Histogram --------------------
[4.389 ms ; 4.700 ms) | @@@
[4.700 ms ; 4.988 ms) | @@@@@@@
[4.988 ms ; 5.099 ms) | 
[5.099 ms ; 5.387 ms) | @@@@@
---------------------------------------------------

CardBattleEngineBenchmark.EngineIterateActions: Job-ERIHKH(Toolchain=InProcessNoEmitToolchain, IterationCount=15, LaunchCount=1, WarmupCount=3) [EntityCount=4, MaxDepth=3]
Runtime = ; GC = 
Mean = 7.737 ms, StdErr = 0.103 ms (1.33%), N = 15, StdDev = 0.399 ms
Min = 7.177 ms, Q1 = 7.417 ms, Median = 7.640 ms, Q3 = 8.060 ms, Max = 8.382 ms
IQR = 0.643 ms, LowerFence = 6.454 ms, UpperFence = 9.024 ms
ConfidenceInterval = [7.311 ms; 8.164 ms] (CI 99.9%), Margin = 0.427 ms (5.51% of Mean)
Skewness = 0.11, Kurtosis = 1.48, MValue = 2
-------------------- Histogram --------------------
[6.965 ms ; 7.224 ms) | @
[7.224 ms ; 7.801 ms) | @@@@@@@
[7.801 ms ; 8.226 ms) | @@@@@
[8.226 ms ; 8.595 ms) | @@
---------------------------------------------------

CardBattleEngineBenchmark.EngineIterateActions: Job-ERIHKH(Toolchain=InProcessNoEmitToolchain, IterationCount=15, LaunchCount=1, WarmupCount=3) [EntityCount=4, MaxDepth=4]
Runtime = ; GC = 
Mean = 11.297 ms, StdErr = 0.173 ms (1.53%), N = 13, StdDev = 0.625 ms
Min = 10.389 ms, Q1 = 10.985 ms, Median = 11.215 ms, Q3 = 11.580 ms, Max = 12.695 ms
IQR = 0.595 ms, LowerFence = 10.092 ms, UpperFence = 12.473 ms
ConfidenceInterval = [10.549 ms; 12.045 ms] (CI 99.9%), Margin = 0.748 ms (6.62% of Mean)
Skewness = 0.45, Kurtosis = 2.68, MValue = 2.67
-------------------- Histogram --------------------
[10.339 ms ; 11.164 ms) | @@@@
[11.164 ms ; 11.861 ms) | @@@@@@@@
[11.861 ms ; 12.346 ms) | 
[12.346 ms ; 13.043 ms) | @
---------------------------------------------------

CardBattleEngineBenchmark.EngineIterateActions: Job-ERIHKH(Toolchain=InProcessNoEmitToolchain, IterationCount=15, LaunchCount=1, WarmupCount=3) [EntityCount=5, MaxDepth=1]
Runtime = ; GC = 
Mean = 1.689 ms, StdErr = 0.014 ms (0.80%), N = 15, StdDev = 0.052 ms
Min = 1.608 ms, Q1 = 1.653 ms, Median = 1.695 ms, Q3 = 1.714 ms, Max = 1.789 ms
IQR = 0.061 ms, LowerFence = 1.562 ms, UpperFence = 1.804 ms
ConfidenceInterval = [1.633 ms; 1.745 ms] (CI 99.9%), Margin = 0.056 ms (3.31% of Mean)
Skewness = 0.19, Kurtosis = 2.17, MValue = 2
-------------------- Histogram --------------------
[1.605 ms ; 1.661 ms) | @@@@@
[1.661 ms ; 1.732 ms) | @@@@@@@@
[1.732 ms ; 1.816 ms) | @@
---------------------------------------------------

CardBattleEngineBenchmark.EngineIterateActions: Job-ERIHKH(Toolchain=InProcessNoEmitToolchain, IterationCount=15, LaunchCount=1, WarmupCount=3) [EntityCount=5, MaxDepth=2]
Runtime = ; GC = 
Mean = 11.456 ms, StdErr = 0.122 ms (1.07%), N = 15, StdDev = 0.473 ms
Min = 10.852 ms, Q1 = 11.042 ms, Median = 11.308 ms, Q3 = 11.828 ms, Max = 12.298 ms
IQR = 0.786 ms, LowerFence = 9.863 ms, UpperFence = 13.007 ms
ConfidenceInterval = [10.950 ms; 11.962 ms] (CI 99.9%), Margin = 0.506 ms (4.42% of Mean)
Skewness = 0.39, Kurtosis = 1.66, MValue = 2
-------------------- Histogram --------------------
[10.828 ms ; 11.412 ms) | @@@@@@@@
[11.412 ms ; 11.916 ms) | @@@@
[11.916 ms ; 12.400 ms) | @@@
---------------------------------------------------

CardBattleEngineBenchmark.EngineIterateActions: Job-ERIHKH(Toolchain=InProcessNoEmitToolchain, IterationCount=15, LaunchCount=1, WarmupCount=3) [EntityCount=5, MaxDepth=3]
Runtime = ; GC = 
Mean = 30.466 ms, StdErr = 0.357 ms (1.17%), N = 15, StdDev = 1.381 ms
Min = 28.938 ms, Q1 = 29.130 ms, Median = 30.313 ms, Q3 = 31.042 ms, Max = 33.769 ms
IQR = 1.911 ms, LowerFence = 26.263 ms, UpperFence = 33.909 ms
ConfidenceInterval = [28.990 ms; 31.942 ms] (CI 99.9%), Margin = 1.476 ms (4.85% of Mean)
Skewness = 0.7, Kurtosis = 2.76, MValue = 2.25
-------------------- Histogram --------------------
[28.891 ms ; 30.361 ms) | @@@@@@@@
[30.361 ms ; 32.076 ms) | @@@@@@
[32.076 ms ; 33.034 ms) | 
[33.034 ms ; 34.503 ms) | @
---------------------------------------------------

CardBattleEngineBenchmark.EngineIterateActions: Job-ERIHKH(Toolchain=InProcessNoEmitToolchain, IterationCount=15, LaunchCount=1, WarmupCount=3) [EntityCount=5, MaxDepth=4]
Runtime = ; GC = 
Mean = 52.303 ms, StdErr = 1.067 ms (2.04%), N = 15, StdDev = 4.131 ms
Min = 45.560 ms, Q1 = 50.085 ms, Median = 51.153 ms, Q3 = 55.258 ms, Max = 61.267 ms
IQR = 5.173 ms, LowerFence = 42.325 ms, UpperFence = 63.017 ms
ConfidenceInterval = [47.887 ms; 56.719 ms] (CI 99.9%), Margin = 4.416 ms (8.44% of Mean)
Skewness = 0.47, Kurtosis = 2.4, MValue = 2
-------------------- Histogram --------------------
[44.337 ms ; 48.682 ms) | @@
[48.682 ms ; 53.078 ms) | @@@@@@@@
[53.078 ms ; 58.684 ms) | @@@@
[58.684 ms ; 63.465 ms) | @
---------------------------------------------------

CardBattleEngineBenchmark.EngineIterateActions: Job-ERIHKH(Toolchain=InProcessNoEmitToolchain, IterationCount=15, LaunchCount=1, WarmupCount=3) [EntityCount=6, MaxDepth=1]
Runtime = ; GC = 
Mean = 2.858 ms, StdErr = 0.063 ms (2.20%), N = 15, StdDev = 0.243 ms
Min = 2.578 ms, Q1 = 2.696 ms, Median = 2.758 ms, Q3 = 3.026 ms, Max = 3.385 ms
IQR = 0.331 ms, LowerFence = 2.199 ms, UpperFence = 3.522 ms
ConfidenceInterval = [2.598 ms; 3.119 ms] (CI 99.9%), Margin = 0.260 ms (9.10% of Mean)
Skewness = 0.81, Kurtosis = 2.3, MValue = 2.67
-------------------- Histogram --------------------
[2.544 ms ; 2.803 ms) | @@@@@@@@@
[2.803 ms ; 3.014 ms) | @
[3.014 ms ; 3.273 ms) | @@@@
[3.273 ms ; 3.514 ms) | @
---------------------------------------------------

CardBattleEngineBenchmark.EngineIterateActions: Job-ERIHKH(Toolchain=InProcessNoEmitToolchain, IterationCount=15, LaunchCount=1, WarmupCount=3) [EntityCount=6, MaxDepth=2]
Runtime = ; GC = 
Mean = 26.101 ms, StdErr = 0.217 ms (0.83%), N = 15, StdDev = 0.841 ms
Min = 24.562 ms, Q1 = 25.465 ms, Median = 26.294 ms, Q3 = 26.503 ms, Max = 27.429 ms
IQR = 1.037 ms, LowerFence = 23.910 ms, UpperFence = 28.058 ms
ConfidenceInterval = [25.202 ms; 27.000 ms] (CI 99.9%), Margin = 0.899 ms (3.44% of Mean)
Skewness = -0.08, Kurtosis = 1.9, MValue = 2
-------------------- Histogram --------------------
[24.115 ms ; 24.820 ms) | @
[24.820 ms ; 25.807 ms) | @@@@
[25.807 ms ; 26.702 ms) | @@@@@@@
[26.702 ms ; 27.693 ms) | @@@
---------------------------------------------------

CardBattleEngineBenchmark.EngineIterateActions: Job-ERIHKH(Toolchain=InProcessNoEmitToolchain, IterationCount=15, LaunchCount=1, WarmupCount=3) [EntityCount=6, MaxDepth=3]
Runtime = ; GC = 
Mean = 76.362 ms, StdErr = 3.248 ms (4.25%), N = 15, StdDev = 12.581 ms
Min = 64.829 ms, Q1 = 67.364 ms, Median = 71.955 ms, Q3 = 82.595 ms, Max = 99.860 ms
IQR = 15.231 ms, LowerFence = 44.517 ms, UpperFence = 105.441 ms
ConfidenceInterval = [62.912 ms; 89.812 ms] (CI 99.9%), Margin = 13.450 ms (17.61% of Mean)
Skewness = 0.84, Kurtosis = 1.97, MValue = 2.73
-------------------- Histogram --------------------
[63.633 ms ;  77.025 ms) | @@@@@@@@@@@
[77.025 ms ;  87.914 ms) | 
[87.914 ms ; 101.306 ms) | @@@@
---------------------------------------------------

CardBattleEngineBenchmark.EngineIterateActions: Job-ERIHKH(Toolchain=InProcessNoEmitToolchain, IterationCount=15, LaunchCount=1, WarmupCount=3) [EntityCount=6, MaxDepth=4]
Runtime = ; GC = 
Mean = 103.944 ms, StdErr = 1.518 ms (1.46%), N = 15, StdDev = 5.880 ms
Min = 96.917 ms, Q1 = 99.248 ms, Median = 102.680 ms, Q3 = 108.250 ms, Max = 116.078 ms
IQR = 9.002 ms, LowerFence = 85.744 ms, UpperFence = 121.754 ms
ConfidenceInterval = [97.658 ms; 110.230 ms] (CI 99.9%), Margin = 6.286 ms (6.05% of Mean)
Skewness = 0.51, Kurtosis = 1.89, MValue = 3
-------------------- Histogram --------------------
[ 96.669 ms ; 102.928 ms) | @@@@@@@@
[102.928 ms ; 106.951 ms) | @
[106.951 ms ; 113.209 ms) | @@@@@
[113.209 ms ; 119.207 ms) | @
---------------------------------------------------

CardBattleEngineBenchmark.EngineIterateActions: Job-ERIHKH(Toolchain=InProcessNoEmitToolchain, IterationCount=15, LaunchCount=1, WarmupCount=3) [EntityCount=7, MaxDepth=1]
Runtime = ; GC = 
Mean = 2.969 ms, StdErr = 0.030 ms (1.01%), N = 15, StdDev = 0.116 ms
Min = 2.813 ms, Q1 = 2.893 ms, Median = 2.927 ms, Q3 = 3.046 ms, Max = 3.172 ms
IQR = 0.153 ms, LowerFence = 2.664 ms, UpperFence = 3.276 ms
ConfidenceInterval = [2.845 ms; 3.093 ms] (CI 99.9%), Margin = 0.124 ms (4.17% of Mean)
Skewness = 0.35, Kurtosis = 1.72, MValue = 2
-------------------- Histogram --------------------
[2.808 ms ; 2.932 ms) | @@@@@@@@
[2.932 ms ; 3.072 ms) | @@@@
[3.072 ms ; 3.209 ms) | @@@
---------------------------------------------------

CardBattleEngineBenchmark.EngineIterateActions: Job-ERIHKH(Toolchain=InProcessNoEmitToolchain, IterationCount=15, LaunchCount=1, WarmupCount=3) [EntityCount=7, MaxDepth=2]
Runtime = ; GC = 
Mean = 34.732 ms, StdErr = 0.483 ms (1.39%), N = 15, StdDev = 1.873 ms
Min = 31.186 ms, Q1 = 33.491 ms, Median = 34.563 ms, Q3 = 35.749 ms, Max = 38.172 ms
IQR = 2.258 ms, LowerFence = 30.103 ms, UpperFence = 39.137 ms
ConfidenceInterval = [32.731 ms; 36.734 ms] (CI 99.9%), Margin = 2.002 ms (5.76% of Mean)
Skewness = 0.2, Kurtosis = 2.19, MValue = 2.22
-------------------- Histogram --------------------
[30.189 ms ; 32.182 ms) | @
[32.182 ms ; 33.023 ms) | 
[33.023 ms ; 35.016 ms) | @@@@@@@@@
[35.016 ms ; 37.398 ms) | @@@@
[37.398 ms ; 39.168 ms) | @
---------------------------------------------------

CardBattleEngineBenchmark.EngineIterateActions: Job-ERIHKH(Toolchain=InProcessNoEmitToolchain, IterationCount=15, LaunchCount=1, WarmupCount=3) [EntityCount=7, MaxDepth=3]
Runtime = ; GC = 
Mean = 98.234 ms, StdErr = 0.520 ms (0.53%), N = 13, StdDev = 1.874 ms
Min = 95.693 ms, Q1 = 96.998 ms, Median = 98.001 ms, Q3 = 99.311 ms, Max = 101.485 ms
IQR = 2.313 ms, LowerFence = 93.528 ms, UpperFence = 102.780 ms
ConfidenceInterval = [95.991 ms; 100.478 ms] (CI 99.9%), Margin = 2.244 ms (2.28% of Mean)
Skewness = 0.31, Kurtosis = 1.9, MValue = 2
-------------------- Histogram --------------------
[ 95.299 ms ;  97.783 ms) | @@@@
[ 97.783 ms ; 100.350 ms) | @@@@@@@
[100.350 ms ; 102.531 ms) | @@
---------------------------------------------------

CardBattleEngineBenchmark.EngineIterateActions: Job-ERIHKH(Toolchain=InProcessNoEmitToolchain, IterationCount=15, LaunchCount=1, WarmupCount=3) [EntityCount=7, MaxDepth=4]
Runtime = ; GC = 
Mean = 162.567 ms, StdErr = 1.102 ms (0.68%), N = 14, StdDev = 4.124 ms
Min = 155.044 ms, Q1 = 160.068 ms, Median = 162.296 ms, Q3 = 166.510 ms, Max = 167.801 ms
IQR = 6.441 ms, LowerFence = 150.406 ms, UpperFence = 176.172 ms
ConfidenceInterval = [157.915 ms; 167.219 ms] (CI 99.9%), Margin = 4.652 ms (2.86% of Mean)
Skewness = -0.16, Kurtosis = 1.73, MValue = 2
-------------------- Histogram --------------------
[153.743 ms ; 158.610 ms) | @@
[158.610 ms ; 163.101 ms) | @@@@@@
[163.101 ms ; 168.040 ms) | @@@@@@
---------------------------------------------------

// * Summary *

BenchmarkDotNet v0.15.8, Windows 11 (10.0.26200.9445/25H2/2025Update/HudsonValley2)
Intel Core Ultra 7 165H 1.40GHz, 1 CPU, 22 logical and 16 physical cores
.NET SDK 10.0.301
  [Host] : .NET 8.0.28 (8.0.28, 8.0.2826.26413), X64 RyuJIT x86-64-v3

Toolchain=InProcessNoEmitToolchain  IterationCount=15  LaunchCount=1  
WarmupCount=3  

| Method               | EntityCount | MaxDepth | Mean          | Error         | StdDev        | Gen0       | Gen1      | Allocated    |
|--------------------- |------------ |--------- |--------------:|--------------:|--------------:|-----------:|----------:|-------------:|
| EngineIterateActions | 1           | 1        |      57.57 μs |      1.447 μs |      1.208 μs |    11.5356 |    0.4883 |    141.65 KB |
| EngineIterateActions | 1           | 2        |      90.66 μs |      2.760 μs |      2.582 μs |    18.0664 |    0.9766 |    222.51 KB |
| EngineIterateActions | 1           | 3        |     132.62 μs |      3.727 μs |      3.112 μs |    26.3672 |    1.7090 |    324.45 KB |
| EngineIterateActions | 1           | 4        |     135.60 μs |      4.890 μs |      4.335 μs |    26.8555 |    1.9531 |    331.27 KB |
| EngineIterateActions | 2           | 1        |     181.61 μs |     21.251 μs |     19.878 μs |    38.3301 |    2.4414 |     472.2 KB |
| EngineIterateActions | 2           | 2        |     461.38 μs |     11.211 μs |     10.487 μs |    95.2148 |    9.7656 |   1171.17 KB |
| EngineIterateActions | 2           | 3        |     696.60 μs |     14.882 μs |     13.920 μs |   143.5547 |   17.5781 |   1763.21 KB |
| EngineIterateActions | 2           | 4        |     889.33 μs |     40.991 μs |     38.343 μs |   171.8750 |   21.4844 |   2112.98 KB |
| EngineIterateActions | 3           | 1        |     442.63 μs |     15.752 μs |     13.963 μs |    91.7969 |    8.3008 |   1127.38 KB |
| EngineIterateActions | 3           | 2        |   1,733.44 μs |     49.165 μs |     45.989 μs |   339.8438 |   44.9219 |   4177.95 KB |
| EngineIterateActions | 3           | 3        |   2,764.92 μs |    378.023 μs |    353.603 μs |   480.4688 |   70.3125 |   5928.19 KB |
| EngineIterateActions | 3           | 4        |   3,885.14 μs |    593.326 μs |    554.998 μs |   632.8125 |  109.3750 |   7793.27 KB |
| EngineIterateActions | 4           | 1        |     976.65 μs |     85.981 μs |     76.220 μs |   185.5469 |   21.4844 |   2274.57 KB |
| EngineIterateActions | 4           | 2        |   4,898.20 μs |    289.159 μs |    270.479 μs |   937.5000 |  171.8750 |  11496.43 KB |
| EngineIterateActions | 4           | 3        |   7,737.47 μs |    426.671 μs |    399.108 μs |  1640.6250 |  304.6875 |  20170.05 KB |
| EngineIterateActions | 4           | 4        |  11,297.09 μs |    747.943 μs |    624.567 μs |  2093.7500 |  437.5000 |  25706.37 KB |
| EngineIterateActions | 5           | 1        |   1,689.19 μs |     55.972 μs |     52.356 μs |   322.2656 |   46.8750 |   3957.21 KB |
| EngineIterateActions | 5           | 2        |  11,456.07 μs |    506.128 μs |    473.432 μs |  2171.8750 |  359.3750 |  26733.48 KB |
| EngineIterateActions | 5           | 3        |  30,465.97 μs |  1,476.154 μs |  1,380.795 μs |  5500.0000 | 1062.5000 |  67700.93 KB |
| EngineIterateActions | 5           | 4        |  52,302.65 μs |  4,415.920 μs |  4,130.654 μs |  8000.0000 | 1800.0000 |  99158.48 KB |
| EngineIterateActions | 6           | 1        |   2,858.43 μs |    260.183 μs |    243.375 μs |   511.7188 |   89.8438 |   6296.94 KB |
| EngineIterateActions | 6           | 2        |  26,101.42 μs |    899.023 μs |    840.947 μs |  4937.5000 |  812.5000 |  60641.05 KB |
| EngineIterateActions | 6           | 3        |  76,362.20 μs | 13,450.204 μs | 12,581.329 μs | 12750.0000 | 3000.0000 | 157504.79 KB |
| EngineIterateActions | 6           | 4        | 103,944.18 μs |  6,285.738 μs |  5,879.683 μs | 19200.0000 | 5400.0000 | 235807.21 KB |
| EngineIterateActions | 7           | 1        |   2,969.09 μs |    123.921 μs |    115.916 μs |   546.8750 |   97.6563 |   6747.52 KB |
| EngineIterateActions | 7           | 2        |  34,732.42 μs |  2,001.893 μs |  1,872.572 μs |  6466.6667 | 1200.0000 |  79291.79 KB |
| EngineIterateActions | 7           | 3        |  98,234.21 μs |  2,243.639 μs |  1,873.540 μs | 19500.0000 | 5500.0000 | 240556.09 KB |
| EngineIterateActions | 7           | 4        | 162,567.31 μs |  4,651.832 μs |  4,123.728 μs | 31750.0000 | 9000.0000 | 390235.92 KB |

// * Warnings *
MultimodalDistribution
  CardBattleEngineBenchmark.EngineIterateActions: Toolchain=InProcessNoEmitToolchain, IterationCount=15, LaunchCount=1, WarmupCount=3 -> It seems that the distribution is bimodal (mValue = 3.43)
  CardBattleEngineBenchmark.EngineIterateActions: Toolchain=InProcessNoEmitToolchain, IterationCount=15, LaunchCount=1, WarmupCount=3 -> It seems that the distribution is bimodal (mValue = 3.71)
  CardBattleEngineBenchmark.EngineIterateActions: Toolchain=InProcessNoEmitToolchain, IterationCount=15, LaunchCount=1, WarmupCount=3 -> It seems that the distribution can have several modes (mValue = 3)

// * Hints *
Outliers
  CardBattleEngineBenchmark.EngineIterateActions: Toolchain=InProcessNoEmitToolchain, IterationCount=15, LaunchCount=1, WarmupCount=3 -> 2 outliers were removed (65.92 μs, 73.50 μs)
  CardBattleEngineBenchmark.EngineIterateActions: Toolchain=InProcessNoEmitToolchain, IterationCount=15, LaunchCount=1, WarmupCount=3 -> 2 outliers were removed (142.87 μs, 143.53 μs)
  CardBattleEngineBenchmark.EngineIterateActions: Toolchain=InProcessNoEmitToolchain, IterationCount=15, LaunchCount=1, WarmupCount=3 -> 1 outlier  was  removed (147.60 μs)
  CardBattleEngineBenchmark.EngineIterateActions: Toolchain=InProcessNoEmitToolchain, IterationCount=15, LaunchCount=1, WarmupCount=3 -> 1 outlier  was  removed (493.95 μs)
  CardBattleEngineBenchmark.EngineIterateActions: Toolchain=InProcessNoEmitToolchain, IterationCount=15, LaunchCount=1, WarmupCount=3 -> 1 outlier  was  removed (1.24 ms)
  CardBattleEngineBenchmark.EngineIterateActions: Toolchain=InProcessNoEmitToolchain, IterationCount=15, LaunchCount=1, WarmupCount=3 -> 2 outliers were removed (13.26 ms, 13.42 ms)
  CardBattleEngineBenchmark.EngineIterateActions: Toolchain=InProcessNoEmitToolchain, IterationCount=15, LaunchCount=1, WarmupCount=3 -> 2 outliers were removed (106.12 ms, 107.99 ms)
  CardBattleEngineBenchmark.EngineIterateActions: Toolchain=InProcessNoEmitToolchain, IterationCount=15, LaunchCount=1, WarmupCount=3 -> 1 outlier  was  removed (180.30 ms)

// * Legends *
  EntityCount : Value of the 'EntityCount' parameter
  MaxDepth    : Value of the 'MaxDepth' parameter
  Mean        : Arithmetic mean of all measurements
  Error       : Half of 99.9% confidence interval
  StdDev      : Standard deviation of all measurements
  Gen0        : GC Generation 0 collects per 1000 operations
  Gen1        : GC Generation 1 collects per 1000 operations
  Allocated   : Allocated memory per single operation (managed only, inclusive, 1KB = 1024B)
  1 μs        : 1 Microsecond (0.000001 sec)

// * Diagnostic Output - MemoryDiagnoser *


// ***** BenchmarkRunner: End *****
Run time: 00:07:29 (449.58 sec), executed benchmarks: 28

Global total time: 00:07:31 (451.45 sec), executed benchmarks: 28
// * Artifacts cleanup *
Artifacts cleanup is finished
