// Validating benchmarks:
// ***** BenchmarkRunner: Start   *****
// ***** Found 28 benchmark(s) in total *****
// ***** Building 1 exe(s) in Parallel: Start   *****
// ***** Done, took 00:00:00 (0.01 sec)   *****
// Found 28 benchmarks:
//   CardBattleEngineBenchmark.EngineIterateActions: Job-ERIHKH(Toolchain=InProcessNoEmitToolchain, IterationCount=15, LaunchCount=1, WarmupCount=3) [EntityCount=1, MaxDepth=1]
//   CardBattleEngineBenchmark.EngineIterateActions: Job-ERIHKH(Toolchain=InProcessNoEmitToolchain, IterationCount=15, LaunchCount=1, WarmupCount=3) [EntityCount=1, MaxDepth=2]
//   CardBattleEngineBenchmark.EngineIterateActions: Job-ERIHKH(Toolchain=InProcessNoEmitToolchain, IterationCount=15, LaunchCount=1, WarmupCount=3) [EntityCount=1, MaxDepth=3]
//   CardBattleEngineBenchmark.EngineIterateActions: Job-ERIHKH(Toolchain=InProcessNoEmitToolchain, IterationCount=15, LaunchCount=1, WarmupCount=3) [EntityCount=1, MaxDepth=4]
//   CardBattleEngineBenchmark.EngineIterateActions: Job-ERIHKH(Toolchain=InProcessNoEmitToolchain, IterationCount=15, LaunchCount=1, WarmupCount=3) [EntityCount=2, MaxDepth=1]
//   CardBattleEngineBenchmark.EngineIterateActions: Job-ERIHKH(Toolchain=InProcessNoEmitToolchain, IterationCount=15, LaunchCount=1, WarmupCount=3) [EntityCount=2, MaxDepth=2]
//   CardBattleEngineBenchmark.EngineIterateActions: Job-ERIHKH(Toolchain=InProcessNoEmitToolchain, IterationCount=15, LaunchCount=1, WarmupCount=3) [EntityCount=2, MaxDepth=3]
//   CardBattleEngineBenchmark.EngineIterateActions: Job-ERIHKH(Toolchain=InProcessNoEmitToolchain, IterationCount=15, LaunchCount=1, WarmupCount=3) [EntityCount=2, MaxDepth=4]
//   CardBattleEngineBenchmark.EngineIterateActions: Job-ERIHKH(Toolchain=InProcessNoEmitToolchain, IterationCount=15, LaunchCount=1, WarmupCount=3) [EntityCount=3, MaxDepth=1]
//   CardBattleEngineBenchmark.EngineIterateActions: Job-ERIHKH(Toolchain=InProcessNoEmitToolchain, IterationCount=15, LaunchCount=1, WarmupCount=3) [EntityCount=3, MaxDepth=2]
//   CardBattleEngineBenchmark.EngineIterateActions: Job-ERIHKH(Toolchain=InProcessNoEmitToolchain, IterationCount=15, LaunchCount=1, WarmupCount=3) [EntityCount=3, MaxDepth=3]
//   CardBattleEngineBenchmark.EngineIterateActions: Job-ERIHKH(Toolchain=InProcessNoEmitToolchain, IterationCount=15, LaunchCount=1, WarmupCount=3) [EntityCount=3, MaxDepth=4]
//   CardBattleEngineBenchmark.EngineIterateActions: Job-ERIHKH(Toolchain=InProcessNoEmitToolchain, IterationCount=15, LaunchCount=1, WarmupCount=3) [EntityCount=4, MaxDepth=1]
//   CardBattleEngineBenchmark.EngineIterateActions: Job-ERIHKH(Toolchain=InProcessNoEmitToolchain, IterationCount=15, LaunchCount=1, WarmupCount=3) [EntityCount=4, MaxDepth=2]
//   CardBattleEngineBenchmark.EngineIterateActions: Job-ERIHKH(Toolchain=InProcessNoEmitToolchain, IterationCount=15, LaunchCount=1, WarmupCount=3) [EntityCount=4, MaxDepth=3]
//   CardBattleEngineBenchmark.EngineIterateActions: Job-ERIHKH(Toolchain=InProcessNoEmitToolchain, IterationCount=15, LaunchCount=1, WarmupCount=3) [EntityCount=4, MaxDepth=4]
//   CardBattleEngineBenchmark.EngineIterateActions: Job-ERIHKH(Toolchain=InProcessNoEmitToolchain, IterationCount=15, LaunchCount=1, WarmupCount=3) [EntityCount=5, MaxDepth=1]
//   CardBattleEngineBenchmark.EngineIterateActions: Job-ERIHKH(Toolchain=InProcessNoEmitToolchain, IterationCount=15, LaunchCount=1, WarmupCount=3) [EntityCount=5, MaxDepth=2]
//   CardBattleEngineBenchmark.EngineIterateActions: Job-ERIHKH(Toolchain=InProcessNoEmitToolchain, IterationCount=15, LaunchCount=1, WarmupCount=3) [EntityCount=5, MaxDepth=3]
//   CardBattleEngineBenchmark.EngineIterateActions: Job-ERIHKH(Toolchain=InProcessNoEmitToolchain, IterationCount=15, LaunchCount=1, WarmupCount=3) [EntityCount=5, MaxDepth=4]
//   CardBattleEngineBenchmark.EngineIterateActions: Job-ERIHKH(Toolchain=InProcessNoEmitToolchain, IterationCount=15, LaunchCount=1, WarmupCount=3) [EntityCount=6, MaxDepth=1]
//   CardBattleEngineBenchmark.EngineIterateActions: Job-ERIHKH(Toolchain=InProcessNoEmitToolchain, IterationCount=15, LaunchCount=1, WarmupCount=3) [EntityCount=6, MaxDepth=2]
//   CardBattleEngineBenchmark.EngineIterateActions: Job-ERIHKH(Toolchain=InProcessNoEmitToolchain, IterationCount=15, LaunchCount=1, WarmupCount=3) [EntityCount=6, MaxDepth=3]
//   CardBattleEngineBenchmark.EngineIterateActions: Job-ERIHKH(Toolchain=InProcessNoEmitToolchain, IterationCount=15, LaunchCount=1, WarmupCount=3) [EntityCount=6, MaxDepth=4]
//   CardBattleEngineBenchmark.EngineIterateActions: Job-ERIHKH(Toolchain=InProcessNoEmitToolchain, IterationCount=15, LaunchCount=1, WarmupCount=3) [EntityCount=7, MaxDepth=1]
//   CardBattleEngineBenchmark.EngineIterateActions: Job-ERIHKH(Toolchain=InProcessNoEmitToolchain, IterationCount=15, LaunchCount=1, WarmupCount=3) [EntityCount=7, MaxDepth=2]
//   CardBattleEngineBenchmark.EngineIterateActions: Job-ERIHKH(Toolchain=InProcessNoEmitToolchain, IterationCount=15, LaunchCount=1, WarmupCount=3) [EntityCount=7, MaxDepth=3]
//   CardBattleEngineBenchmark.EngineIterateActions: Job-ERIHKH(Toolchain=InProcessNoEmitToolchain, IterationCount=15, LaunchCount=1, WarmupCount=3) [EntityCount=7, MaxDepth=4]

Setup power plan (GUID: 8c5e7fda-e8bf-4a96-9a85-a6e23a8c635c FriendlyName: High performance)
// **************************
// Benchmark: CardBattleEngineBenchmark.EngineIterateActions: Job-ERIHKH(Toolchain=InProcessNoEmitToolchain, IterationCount=15, LaunchCount=1, WarmupCount=3) [EntityCount=1, MaxDepth=1]
// *** Execute ***
// Launch: 1 / 1

// Benchmark Process Environment Information:
// BenchmarkDotNet v0.15.8
// Runtime=.NET 8.0.28 (8.0.28, 8.0.2826.26413), X64 RyuJIT x86-64-v3
// GC=Concurrent Workstation
// HardwareIntrinsics=AVX2+BMI1+BMI2+F16C+FMA+LZCNT+MOVBE,AVX,SSE3+SSSE3+SSE4.1+SSE4.2+POPCNT,X86Base+SSE+SSE2,AES+PCLMUL,AvxVnni,SERIALIZE VectorSize=256
// Job: Job-ERIHKH(Toolchain=InProcessNoEmitToolchain, IterationCount=15, LaunchCount=1, WarmupCount=3)

OverheadJitting  1: 1 op, 77100.00 ns, 77.1000 us/op
WorkloadJitting  1: 1 op, 26069000.00 ns, 26.0690 ms/op

OverheadJitting  2: 16 op, 113500.00 ns, 7.0938 us/op
WorkloadJitting  2: 16 op, 3921500.00 ns, 245.0938 us/op

WorkloadPilot    1: 16 op, 3857500.00 ns, 241.0938 us/op
WorkloadPilot    2: 32 op, 7290800.00 ns, 227.8375 us/op
WorkloadPilot    3: 64 op, 20566300.00 ns, 321.3484 us/op
WorkloadPilot    4: 128 op, 40685500.00 ns, 317.8555 us/op
WorkloadPilot    5: 256 op, 72468800.00 ns, 283.0813 us/op
WorkloadPilot    6: 512 op, 131917200.00 ns, 257.6508 us/op
WorkloadPilot    7: 1024 op, 331126300.00 ns, 323.3655 us/op
WorkloadPilot    8: 2048 op, 163381700.00 ns, 79.7762 us/op
WorkloadPilot    9: 4096 op, 314248800.00 ns, 76.7209 us/op
WorkloadPilot   10: 8192 op, 490638300.00 ns, 59.8924 us/op
WorkloadPilot   11: 16384 op, 1072648400.00 ns, 65.4693 us/op

OverheadWarmup   1: 16384 op, 73400.00 ns, 4.4800 ns/op
OverheadWarmup   2: 16384 op, 48000.00 ns, 2.9297 ns/op
OverheadWarmup   3: 16384 op, 46600.00 ns, 2.8442 ns/op
OverheadWarmup   4: 16384 op, 48000.00 ns, 2.9297 ns/op
OverheadWarmup   5: 16384 op, 52700.00 ns, 3.2166 ns/op
OverheadWarmup   6: 16384 op, 52700.00 ns, 3.2166 ns/op
OverheadWarmup   7: 16384 op, 51000.00 ns, 3.1128 ns/op
OverheadWarmup   8: 16384 op, 52600.00 ns, 3.2104 ns/op

OverheadActual   1: 16384 op, 45300.00 ns, 2.7649 ns/op
OverheadActual   2: 16384 op, 47600.00 ns, 2.9053 ns/op
OverheadActual   3: 16384 op, 48200.00 ns, 2.9419 ns/op
OverheadActual   4: 16384 op, 51500.00 ns, 3.1433 ns/op
OverheadActual   5: 16384 op, 50400.00 ns, 3.0762 ns/op
OverheadActual   6: 16384 op, 49800.00 ns, 3.0396 ns/op
OverheadActual   7: 16384 op, 48100.00 ns, 2.9358 ns/op
OverheadActual   8: 16384 op, 47700.00 ns, 2.9114 ns/op
OverheadActual   9: 16384 op, 46300.00 ns, 2.8259 ns/op
OverheadActual  10: 16384 op, 47700.00 ns, 2.9114 ns/op
OverheadActual  11: 16384 op, 49000.00 ns, 2.9907 ns/op
OverheadActual  12: 16384 op, 44000.00 ns, 2.6855 ns/op
OverheadActual  13: 16384 op, 45500.00 ns, 2.7771 ns/op
OverheadActual  14: 16384 op, 49900.00 ns, 3.0457 ns/op
OverheadActual  15: 16384 op, 46700.00 ns, 2.8503 ns/op

WorkloadWarmup   1: 16384 op, 998713700.00 ns, 60.9566 us/op
WorkloadWarmup   2: 16384 op, 1061773700.00 ns, 64.8055 us/op
WorkloadWarmup   3: 16384 op, 1274235700.00 ns, 77.7732 us/op

WorkloadActual   1: 16384 op, 1085321300.00 ns, 66.2428 us/op
WorkloadActual   2: 16384 op, 1140767200.00 ns, 69.6269 us/op
WorkloadActual   3: 16384 op, 1035120600.00 ns, 63.1787 us/op
WorkloadActual   4: 16384 op, 940464100.00 ns, 57.4014 us/op
WorkloadActual   5: 16384 op, 789701800.00 ns, 48.1996 us/op
WorkloadActual   6: 16384 op, 875867800.00 ns, 53.4587 us/op
WorkloadActual   7: 16384 op, 813125400.00 ns, 49.6292 us/op
WorkloadActual   8: 16384 op, 794972000.00 ns, 48.5212 us/op
WorkloadActual   9: 16384 op, 890993900.00 ns, 54.3820 us/op
WorkloadActual  10: 16384 op, 931144200.00 ns, 56.8325 us/op
WorkloadActual  11: 16384 op, 825084700.00 ns, 50.3592 us/op
WorkloadActual  12: 16384 op, 851907700.00 ns, 51.9963 us/op
WorkloadActual  13: 16384 op, 867120700.00 ns, 52.9248 us/op
WorkloadActual  14: 16384 op, 872110300.00 ns, 53.2294 us/op
WorkloadActual  15: 16384 op, 856353000.00 ns, 52.2676 us/op

WorkloadResult   1: 16384 op, 1035072900.00 ns, 63.1758 us/op
WorkloadResult   2: 16384 op, 940416400.00 ns, 57.3985 us/op
WorkloadResult   3: 16384 op, 789654100.00 ns, 48.1967 us/op
WorkloadResult   4: 16384 op, 875820100.00 ns, 53.4558 us/op
WorkloadResult   5: 16384 op, 813077700.00 ns, 49.6263 us/op
WorkloadResult   6: 16384 op, 794924300.00 ns, 48.5183 us/op
WorkloadResult   7: 16384 op, 890946200.00 ns, 54.3790 us/op
WorkloadResult   8: 16384 op, 931096500.00 ns, 56.8296 us/op
WorkloadResult   9: 16384 op, 825037000.00 ns, 50.3563 us/op
WorkloadResult  10: 16384 op, 851860000.00 ns, 51.9934 us/op
WorkloadResult  11: 16384 op, 867073000.00 ns, 52.9219 us/op
WorkloadResult  12: 16384 op, 872062600.00 ns, 53.2265 us/op
WorkloadResult  13: 16384 op, 856305300.00 ns, 52.2647 us/op


Mean = 53.257 μs, StdErr = 1.138 μs (2.14%), N = 13, StdDev = 4.102 μs
Min = 48.197 μs, Q1 = 50.356 μs, Median = 52.922 μs, Q3 = 54.379 μs, Max = 63.176 μs
IQR = 4.023 μs, LowerFence = 44.322 μs, UpperFence = 60.413 μs
ConfidenceInterval = [48.344 μs; 58.170 μs] (CI 99.9%), Margin = 4.913 μs (9.22% of Mean)
Skewness = 0.87, Kurtosis = 3.14, MValue = 2

// ** Remained 27 (96.4%) benchmark(s) to run. Estimated finish 2026-09-09 16:31 (0h 9m from now) **
Setup power plan (GUID: 8c5e7fda-e8bf-4a96-9a85-a6e23a8c635c FriendlyName: High performance)
// **************************
// Benchmark: CardBattleEngineBenchmark.EngineIterateActions: Job-ERIHKH(Toolchain=InProcessNoEmitToolchain, IterationCount=15, LaunchCount=1, WarmupCount=3) [EntityCount=1, MaxDepth=2]
// *** Execute ***
// Launch: 1 / 1

// Benchmark Process Environment Information:
// BenchmarkDotNet v0.15.8
// Runtime=.NET 8.0.28 (8.0.28, 8.0.2826.26413), X64 RyuJIT x86-64-v3
// GC=Concurrent Workstation
// HardwareIntrinsics=AVX2+BMI1+BMI2+F16C+FMA+LZCNT+MOVBE,AVX,SSE3+SSSE3+SSE4.1+SSE4.2+POPCNT,X86Base+SSE+SSE2,AES+PCLMUL,AvxVnni,SERIALIZE VectorSize=256
// Job: Job-ERIHKH(Toolchain=InProcessNoEmitToolchain, IterationCount=15, LaunchCount=1, WarmupCount=3)

OverheadJitting  1: 1 op, 500.00 ns, 500.0000 ns/op
WorkloadJitting  1: 1 op, 285000.00 ns, 285.0000 us/op

OverheadJitting  2: 16 op, 300.00 ns, 18.7500 ns/op
WorkloadJitting  2: 16 op, 1126800.00 ns, 70.4250 us/op

WorkloadPilot    1: 16 op, 1454600.00 ns, 90.9125 us/op
WorkloadPilot    2: 32 op, 4226200.00 ns, 132.0688 us/op
WorkloadPilot    3: 64 op, 6517700.00 ns, 101.8391 us/op
WorkloadPilot    4: 128 op, 13500300.00 ns, 105.4711 us/op
WorkloadPilot    5: 256 op, 29711300.00 ns, 116.0598 us/op
WorkloadPilot    6: 512 op, 41782400.00 ns, 81.6063 us/op
WorkloadPilot    7: 1024 op, 90769900.00 ns, 88.6425 us/op
WorkloadPilot    8: 2048 op, 175090000.00 ns, 85.4932 us/op
WorkloadPilot    9: 4096 op, 373250600.00 ns, 91.1256 us/op
WorkloadPilot   10: 8192 op, 608919200.00 ns, 74.3310 us/op

OverheadWarmup   1: 8192 op, 27400.00 ns, 3.3447 ns/op
OverheadWarmup   2: 8192 op, 18300.00 ns, 2.2339 ns/op
OverheadWarmup   3: 8192 op, 22000.00 ns, 2.6855 ns/op
OverheadWarmup   4: 8192 op, 27600.00 ns, 3.3691 ns/op
OverheadWarmup   5: 8192 op, 18800.00 ns, 2.2949 ns/op
OverheadWarmup   6: 8192 op, 19200.00 ns, 2.3438 ns/op
OverheadWarmup   7: 8192 op, 19500.00 ns, 2.3804 ns/op
OverheadWarmup   8: 8192 op, 20100.00 ns, 2.4536 ns/op
OverheadWarmup   9: 8192 op, 22100.00 ns, 2.6978 ns/op
OverheadWarmup  10: 8192 op, 21500.00 ns, 2.6245 ns/op

OverheadActual   1: 8192 op, 21700.00 ns, 2.6489 ns/op
OverheadActual   2: 8192 op, 21400.00 ns, 2.6123 ns/op
OverheadActual   3: 8192 op, 21400.00 ns, 2.6123 ns/op
OverheadActual   4: 8192 op, 21900.00 ns, 2.6733 ns/op
OverheadActual   5: 8192 op, 22000.00 ns, 2.6855 ns/op
OverheadActual   6: 8192 op, 21800.00 ns, 2.6611 ns/op
OverheadActual   7: 8192 op, 22400.00 ns, 2.7344 ns/op
OverheadActual   8: 8192 op, 22400.00 ns, 2.7344 ns/op
OverheadActual   9: 8192 op, 22400.00 ns, 2.7344 ns/op
OverheadActual  10: 8192 op, 22400.00 ns, 2.7344 ns/op
OverheadActual  11: 8192 op, 22600.00 ns, 2.7588 ns/op
OverheadActual  12: 8192 op, 23200.00 ns, 2.8320 ns/op
OverheadActual  13: 8192 op, 22600.00 ns, 2.7588 ns/op
OverheadActual  14: 8192 op, 22700.00 ns, 2.7710 ns/op
OverheadActual  15: 8192 op, 22600.00 ns, 2.7588 ns/op

WorkloadWarmup   1: 8192 op, 678262000.00 ns, 82.7957 us/op
WorkloadWarmup   2: 8192 op, 642756300.00 ns, 78.4615 us/op
WorkloadWarmup   3: 8192 op, 637886400.00 ns, 77.8670 us/op

WorkloadActual   1: 8192 op, 614400500.00 ns, 75.0001 us/op
WorkloadActual   2: 8192 op, 683819000.00 ns, 83.4740 us/op
WorkloadActual   3: 8192 op, 736791300.00 ns, 89.9403 us/op
WorkloadActual   4: 8192 op, 698923200.00 ns, 85.3178 us/op
WorkloadActual   5: 8192 op, 658897300.00 ns, 80.4318 us/op
WorkloadActual   6: 8192 op, 665046300.00 ns, 81.1824 us/op
WorkloadActual   7: 8192 op, 655936100.00 ns, 80.0703 us/op
WorkloadActual   8: 8192 op, 673078000.00 ns, 82.1628 us/op
WorkloadActual   9: 8192 op, 746225400.00 ns, 91.0920 us/op
WorkloadActual  10: 8192 op, 680097400.00 ns, 83.0197 us/op
WorkloadActual  11: 8192 op, 657675100.00 ns, 80.2826 us/op
WorkloadActual  12: 8192 op, 678139600.00 ns, 82.7807 us/op
WorkloadActual  13: 8192 op, 656747500.00 ns, 80.1694 us/op
WorkloadActual  14: 8192 op, 677742800.00 ns, 82.7323 us/op
WorkloadActual  15: 8192 op, 692141300.00 ns, 84.4899 us/op

WorkloadResult   1: 8192 op, 614378100.00 ns, 74.9973 us/op
WorkloadResult   2: 8192 op, 683796600.00 ns, 83.4713 us/op
WorkloadResult   3: 8192 op, 698900800.00 ns, 85.3150 us/op
WorkloadResult   4: 8192 op, 658874900.00 ns, 80.4291 us/op
WorkloadResult   5: 8192 op, 665023900.00 ns, 81.1797 us/op
WorkloadResult   6: 8192 op, 655913700.00 ns, 80.0676 us/op
WorkloadResult   7: 8192 op, 673055600.00 ns, 82.1601 us/op
WorkloadResult   8: 8192 op, 680075000.00 ns, 83.0170 us/op
WorkloadResult   9: 8192 op, 657652700.00 ns, 80.2799 us/op
WorkloadResult  10: 8192 op, 678117200.00 ns, 82.7780 us/op
WorkloadResult  11: 8192 op, 656725100.00 ns, 80.1666 us/op
WorkloadResult  12: 8192 op, 677720400.00 ns, 82.7295 us/op
WorkloadResult  13: 8192 op, 692118900.00 ns, 84.4872 us/op


Mean = 81.621 μs, StdErr = 0.725 μs (0.89%), N = 13, StdDev = 2.613 μs
Min = 74.997 μs, Q1 = 80.280 μs, Median = 82.160 μs, Q3 = 83.017 μs, Max = 85.315 μs
IQR = 2.737 μs, LowerFence = 76.174 μs, UpperFence = 87.123 μs
ConfidenceInterval = [78.493 μs; 84.750 μs] (CI 99.9%), Margin = 3.129 μs (3.83% of Mean)
Skewness = -0.93, Kurtosis = 3.65, MValue = 2

// ** Remained 26 (92.9%) benchmark(s) to run. Estimated finish 2026-09-09 16:30 (0h 7m from now) **
Setup power plan (GUID: 8c5e7fda-e8bf-4a96-9a85-a6e23a8c635c FriendlyName: High performance)
// **************************
// Benchmark: CardBattleEngineBenchmark.EngineIterateActions: Job-ERIHKH(Toolchain=InProcessNoEmitToolchain, IterationCount=15, LaunchCount=1, WarmupCount=3) [EntityCount=1, MaxDepth=3]
// *** Execute ***
// Launch: 1 / 1

// Benchmark Process Environment Information:
// BenchmarkDotNet v0.15.8
// Runtime=.NET 8.0.28 (8.0.28, 8.0.2826.26413), X64 RyuJIT x86-64-v3
// GC=Concurrent Workstation
// HardwareIntrinsics=AVX2+BMI1+BMI2+F16C+FMA+LZCNT+MOVBE,AVX,SSE3+SSSE3+SSE4.1+SSE4.2+POPCNT,X86Base+SSE+SSE2,AES+PCLMUL,AvxVnni,SERIALIZE VectorSize=256
// Job: Job-ERIHKH(Toolchain=InProcessNoEmitToolchain, IterationCount=15, LaunchCount=1, WarmupCount=3)

OverheadJitting  1: 1 op, 300.00 ns, 300.0000 ns/op
WorkloadJitting  1: 1 op, 148900.00 ns, 148.9000 us/op

OverheadJitting  2: 16 op, 400.00 ns, 25.0000 ns/op
WorkloadJitting  2: 16 op, 1573900.00 ns, 98.3688 us/op

WorkloadPilot    1: 16 op, 1888000.00 ns, 118.0000 us/op
WorkloadPilot    2: 32 op, 5531200.00 ns, 172.8500 us/op
WorkloadPilot    3: 64 op, 7329900.00 ns, 114.5297 us/op
WorkloadPilot    4: 128 op, 14276000.00 ns, 111.5313 us/op
WorkloadPilot    5: 256 op, 29723000.00 ns, 116.1055 us/op
WorkloadPilot    6: 512 op, 66508900.00 ns, 129.9002 us/op
WorkloadPilot    7: 1024 op, 119593600.00 ns, 116.7906 us/op
WorkloadPilot    8: 2048 op, 267861200.00 ns, 130.7916 us/op
WorkloadPilot    9: 4096 op, 498724900.00 ns, 121.7590 us/op
WorkloadPilot   10: 8192 op, 952451600.00 ns, 116.2661 us/op

OverheadWarmup   1: 8192 op, 25800.00 ns, 3.1494 ns/op
OverheadWarmup   2: 8192 op, 19400.00 ns, 2.3682 ns/op
OverheadWarmup   3: 8192 op, 20800.00 ns, 2.5391 ns/op
OverheadWarmup   4: 8192 op, 21700.00 ns, 2.6489 ns/op
OverheadWarmup   5: 8192 op, 19600.00 ns, 2.3926 ns/op
OverheadWarmup   6: 8192 op, 21900.00 ns, 2.6733 ns/op
OverheadWarmup   7: 8192 op, 19200.00 ns, 2.3438 ns/op

OverheadActual   1: 8192 op, 19900.00 ns, 2.4292 ns/op
OverheadActual   2: 8192 op, 20100.00 ns, 2.4536 ns/op
OverheadActual   3: 8192 op, 20800.00 ns, 2.5391 ns/op
OverheadActual   4: 8192 op, 21900.00 ns, 2.6733 ns/op
OverheadActual   5: 8192 op, 21700.00 ns, 2.6489 ns/op
OverheadActual   6: 8192 op, 20700.00 ns, 2.5269 ns/op
OverheadActual   7: 8192 op, 21800.00 ns, 2.6611 ns/op
OverheadActual   8: 8192 op, 20900.00 ns, 2.5513 ns/op
OverheadActual   9: 8192 op, 20900.00 ns, 2.5513 ns/op
OverheadActual  10: 8192 op, 20600.00 ns, 2.5146 ns/op
OverheadActual  11: 8192 op, 20900.00 ns, 2.5513 ns/op
OverheadActual  12: 8192 op, 21700.00 ns, 2.6489 ns/op
OverheadActual  13: 8192 op, 20900.00 ns, 2.5513 ns/op
OverheadActual  14: 8192 op, 20100.00 ns, 2.4536 ns/op
OverheadActual  15: 8192 op, 21100.00 ns, 2.5757 ns/op

WorkloadWarmup   1: 8192 op, 975898300.00 ns, 119.1282 us/op
WorkloadWarmup   2: 8192 op, 879344000.00 ns, 107.3418 us/op
WorkloadWarmup   3: 8192 op, 979218000.00 ns, 119.5334 us/op

WorkloadActual   1: 8192 op, 902921900.00 ns, 110.2200 us/op
WorkloadActual   2: 8192 op, 934709700.00 ns, 114.1003 us/op
WorkloadActual   3: 8192 op, 888583200.00 ns, 108.4696 us/op
WorkloadActual   4: 8192 op, 944839700.00 ns, 115.3369 us/op
WorkloadActual   5: 8192 op, 906351500.00 ns, 110.6386 us/op
WorkloadActual   6: 8192 op, 918744100.00 ns, 112.1514 us/op
WorkloadActual   7: 8192 op, 1080237000.00 ns, 131.8649 us/op
WorkloadActual   8: 8192 op, 990768600.00 ns, 120.9434 us/op
WorkloadActual   9: 8192 op, 1022447500.00 ns, 124.8105 us/op
WorkloadActual  10: 8192 op, 1025786000.00 ns, 125.2180 us/op
WorkloadActual  11: 8192 op, 1036614700.00 ns, 126.5399 us/op
WorkloadActual  12: 8192 op, 1050704200.00 ns, 128.2598 us/op
WorkloadActual  13: 8192 op, 966366900.00 ns, 117.9647 us/op
WorkloadActual  14: 8192 op, 958459800.00 ns, 116.9995 us/op
WorkloadActual  15: 8192 op, 929310400.00 ns, 113.4412 us/op

WorkloadResult   1: 8192 op, 902901000.00 ns, 110.2174 us/op
WorkloadResult   2: 8192 op, 934688800.00 ns, 114.0978 us/op
WorkloadResult   3: 8192 op, 888562300.00 ns, 108.4671 us/op
WorkloadResult   4: 8192 op, 944818800.00 ns, 115.3343 us/op
WorkloadResult   5: 8192 op, 906330600.00 ns, 110.6361 us/op
WorkloadResult   6: 8192 op, 918723200.00 ns, 112.1488 us/op
WorkloadResult   7: 8192 op, 1080216100.00 ns, 131.8623 us/op
WorkloadResult   8: 8192 op, 990747700.00 ns, 120.9409 us/op
WorkloadResult   9: 8192 op, 1022426600.00 ns, 124.8079 us/op
WorkloadResult  10: 8192 op, 1025765100.00 ns, 125.2155 us/op
WorkloadResult  11: 8192 op, 1036593800.00 ns, 126.5373 us/op
WorkloadResult  12: 8192 op, 1050683300.00 ns, 128.2572 us/op
WorkloadResult  13: 8192 op, 966346000.00 ns, 117.9622 us/op
WorkloadResult  14: 8192 op, 958438900.00 ns, 116.9969 us/op
WorkloadResult  15: 8192 op, 929289500.00 ns, 113.4387 us/op


Mean = 118.461 μs, StdErr = 1.900 μs (1.60%), N = 15, StdDev = 7.359 μs
Min = 108.467 μs, Q1 = 112.794 μs, Median = 116.997 μs, Q3 = 125.012 μs, Max = 131.862 μs
IQR = 12.218 μs, LowerFence = 94.467 μs, UpperFence = 143.339 μs
ConfidenceInterval = [110.594 μs; 126.329 μs] (CI 99.9%), Margin = 7.867 μs (6.64% of Mean)
Skewness = 0.32, Kurtosis = 1.6, MValue = 3

// ** Remained 25 (89.3%) benchmark(s) to run. Estimated finish 2026-09-09 16:30 (0h 7m from now) **
Setup power plan (GUID: 8c5e7fda-e8bf-4a96-9a85-a6e23a8c635c FriendlyName: High performance)
// **************************
// Benchmark: CardBattleEngineBenchmark.EngineIterateActions: Job-ERIHKH(Toolchain=InProcessNoEmitToolchain, IterationCount=15, LaunchCount=1, WarmupCount=3) [EntityCount=1, MaxDepth=4]
// *** Execute ***
// Launch: 1 / 1

// Benchmark Process Environment Information:
// BenchmarkDotNet v0.15.8
// Runtime=.NET 8.0.28 (8.0.28, 8.0.2826.26413), X64 RyuJIT x86-64-v3
// GC=Concurrent Workstation
// HardwareIntrinsics=AVX2+BMI1+BMI2+F16C+FMA+LZCNT+MOVBE,AVX,SSE3+SSSE3+SSE4.1+SSE4.2+POPCNT,X86Base+SSE+SSE2,AES+PCLMUL,AvxVnni,SERIALIZE VectorSize=256
// Job: Job-ERIHKH(Toolchain=InProcessNoEmitToolchain, IterationCount=15, LaunchCount=1, WarmupCount=3)

OverheadJitting  1: 1 op, 300.00 ns, 300.0000 ns/op
WorkloadJitting  1: 1 op, 154100.00 ns, 154.1000 us/op

OverheadJitting  2: 16 op, 400.00 ns, 25.0000 ns/op
WorkloadJitting  2: 16 op, 1836500.00 ns, 114.7813 us/op

WorkloadPilot    1: 16 op, 1915300.00 ns, 119.7063 us/op
WorkloadPilot    2: 32 op, 4932000.00 ns, 154.1250 us/op
WorkloadPilot    3: 64 op, 7460700.00 ns, 116.5734 us/op
WorkloadPilot    4: 128 op, 13121400.00 ns, 102.5109 us/op
WorkloadPilot    5: 256 op, 27972500.00 ns, 109.2676 us/op
WorkloadPilot    6: 512 op, 63223100.00 ns, 123.4826 us/op
WorkloadPilot    7: 1024 op, 113907100.00 ns, 111.2374 us/op
WorkloadPilot    8: 2048 op, 240054700.00 ns, 117.2142 us/op
WorkloadPilot    9: 4096 op, 545506600.00 ns, 133.1803 us/op

OverheadWarmup   1: 4096 op, 11200.00 ns, 2.7344 ns/op
OverheadWarmup   2: 4096 op, 10300.00 ns, 2.5146 ns/op
OverheadWarmup   3: 4096 op, 10400.00 ns, 2.5391 ns/op
OverheadWarmup   4: 4096 op, 10400.00 ns, 2.5391 ns/op
OverheadWarmup   5: 4096 op, 9300.00 ns, 2.2705 ns/op
OverheadWarmup   6: 4096 op, 9300.00 ns, 2.2705 ns/op

OverheadActual   1: 4096 op, 9700.00 ns, 2.3682 ns/op
OverheadActual   2: 4096 op, 9600.00 ns, 2.3438 ns/op
OverheadActual   3: 4096 op, 9500.00 ns, 2.3193 ns/op
OverheadActual   4: 4096 op, 9500.00 ns, 2.3193 ns/op
OverheadActual   5: 4096 op, 9500.00 ns, 2.3193 ns/op
OverheadActual   6: 4096 op, 9500.00 ns, 2.3193 ns/op
OverheadActual   7: 4096 op, 9500.00 ns, 2.3193 ns/op
OverheadActual   8: 4096 op, 8500.00 ns, 2.0752 ns/op
OverheadActual   9: 4096 op, 10300.00 ns, 2.5146 ns/op
OverheadActual  10: 4096 op, 10400.00 ns, 2.5391 ns/op
OverheadActual  11: 4096 op, 10300.00 ns, 2.5146 ns/op
OverheadActual  12: 4096 op, 8700.00 ns, 2.1240 ns/op
OverheadActual  13: 4096 op, 9200.00 ns, 2.2461 ns/op
OverheadActual  14: 4096 op, 9900.00 ns, 2.4170 ns/op
OverheadActual  15: 4096 op, 9500.00 ns, 2.3193 ns/op
OverheadActual  16: 4096 op, 9700.00 ns, 2.3682 ns/op
OverheadActual  17: 4096 op, 9700.00 ns, 2.3682 ns/op

WorkloadWarmup   1: 4096 op, 454407600.00 ns, 110.9394 us/op
WorkloadWarmup   2: 4096 op, 527687300.00 ns, 128.8299 us/op
WorkloadWarmup   3: 4096 op, 515996400.00 ns, 125.9757 us/op

WorkloadActual   1: 4096 op, 486198700.00 ns, 118.7009 us/op
WorkloadActual   2: 4096 op, 531697800.00 ns, 129.8090 us/op
WorkloadActual   3: 4096 op, 509619200.00 ns, 124.4188 us/op
WorkloadActual   4: 4096 op, 505957100.00 ns, 123.5247 us/op
WorkloadActual   5: 4096 op, 482656700.00 ns, 117.8361 us/op
WorkloadActual   6: 4096 op, 463153900.00 ns, 113.0747 us/op
WorkloadActual   7: 4096 op, 472702700.00 ns, 115.4059 us/op
WorkloadActual   8: 4096 op, 477659000.00 ns, 116.6160 us/op
WorkloadActual   9: 4096 op, 484315200.00 ns, 118.2410 us/op
WorkloadActual  10: 4096 op, 460524400.00 ns, 112.4327 us/op
WorkloadActual  11: 4096 op, 452202900.00 ns, 110.4011 us/op
WorkloadActual  12: 4096 op, 511120200.00 ns, 124.7852 us/op
WorkloadActual  13: 4096 op, 466241200.00 ns, 113.8284 us/op
WorkloadActual  14: 4096 op, 486718500.00 ns, 118.8278 us/op
WorkloadActual  15: 4096 op, 443619900.00 ns, 108.3056 us/op

WorkloadResult   1: 4096 op, 486189200.00 ns, 118.6985 us/op
WorkloadResult   2: 4096 op, 531688300.00 ns, 129.8067 us/op
WorkloadResult   3: 4096 op, 509609700.00 ns, 124.4164 us/op
WorkloadResult   4: 4096 op, 505947600.00 ns, 123.5224 us/op
WorkloadResult   5: 4096 op, 482647200.00 ns, 117.8338 us/op
WorkloadResult   6: 4096 op, 463144400.00 ns, 113.0724 us/op
WorkloadResult   7: 4096 op, 472693200.00 ns, 115.4036 us/op
WorkloadResult   8: 4096 op, 477649500.00 ns, 116.6136 us/op
WorkloadResult   9: 4096 op, 484305700.00 ns, 118.2387 us/op
WorkloadResult  10: 4096 op, 460514900.00 ns, 112.4304 us/op
WorkloadResult  11: 4096 op, 452193400.00 ns, 110.3988 us/op
WorkloadResult  12: 4096 op, 511110700.00 ns, 124.7829 us/op
WorkloadResult  13: 4096 op, 466231700.00 ns, 113.8261 us/op
WorkloadResult  14: 4096 op, 486709000.00 ns, 118.8254 us/op
WorkloadResult  15: 4096 op, 443610400.00 ns, 108.3033 us/op


Mean = 117.745 μs, StdErr = 1.528 μs (1.30%), N = 15, StdDev = 5.919 μs
Min = 108.303 μs, Q1 = 113.449 μs, Median = 117.834 μs, Q3 = 121.174 μs, Max = 129.807 μs
IQR = 7.725 μs, LowerFence = 101.862 μs, UpperFence = 132.761 μs
ConfidenceInterval = [111.417 μs; 124.073 μs] (CI 99.9%), Margin = 6.328 μs (5.37% of Mean)
Skewness = 0.33, Kurtosis = 2.12, MValue = 3

// ** Remained 24 (85.7%) benchmark(s) to run. Estimated finish 2026-09-09 16:29 (0h 6m from now) **
Setup power plan (GUID: 8c5e7fda-e8bf-4a96-9a85-a6e23a8c635c FriendlyName: High performance)
// **************************
// Benchmark: CardBattleEngineBenchmark.EngineIterateActions: Job-ERIHKH(Toolchain=InProcessNoEmitToolchain, IterationCount=15, LaunchCount=1, WarmupCount=3) [EntityCount=2, MaxDepth=1]
// *** Execute ***
// Launch: 1 / 1

// Benchmark Process Environment Information:
// BenchmarkDotNet v0.15.8
// Runtime=.NET 8.0.28 (8.0.28, 8.0.2826.26413), X64 RyuJIT x86-64-v3
// GC=Concurrent Workstation
// HardwareIntrinsics=AVX2+BMI1+BMI2+F16C+FMA+LZCNT+MOVBE,AVX,SSE3+SSSE3+SSE4.1+SSE4.2+POPCNT,X86Base+SSE+SSE2,AES+PCLMUL,AvxVnni,SERIALIZE VectorSize=256
// Job: Job-ERIHKH(Toolchain=InProcessNoEmitToolchain, IterationCount=15, LaunchCount=1, WarmupCount=3)

OverheadJitting  1: 1 op, 500.00 ns, 500.0000 ns/op
WorkloadJitting  1: 1 op, 200900.00 ns, 200.9000 us/op

OverheadJitting  2: 16 op, 500.00 ns, 31.2500 ns/op
WorkloadJitting  2: 16 op, 2452000.00 ns, 153.2500 us/op

WorkloadPilot    1: 16 op, 2855400.00 ns, 178.4625 us/op
WorkloadPilot    2: 32 op, 6039500.00 ns, 188.7344 us/op
WorkloadPilot    3: 64 op, 10623200.00 ns, 165.9875 us/op
WorkloadPilot    4: 128 op, 23192600.00 ns, 181.1922 us/op
WorkloadPilot    5: 256 op, 43214000.00 ns, 168.8047 us/op
WorkloadPilot    6: 512 op, 101277500.00 ns, 197.8076 us/op
WorkloadPilot    7: 1024 op, 183516100.00 ns, 179.2149 us/op
WorkloadPilot    8: 2048 op, 384348100.00 ns, 187.6700 us/op
WorkloadPilot    9: 4096 op, 669895800.00 ns, 163.5488 us/op

OverheadWarmup   1: 4096 op, 12300.00 ns, 3.0029 ns/op
OverheadWarmup   2: 4096 op, 11900.00 ns, 2.9053 ns/op
OverheadWarmup   3: 4096 op, 11800.00 ns, 2.8809 ns/op
OverheadWarmup   4: 4096 op, 11300.00 ns, 2.7588 ns/op
OverheadWarmup   5: 4096 op, 9400.00 ns, 2.2949 ns/op
OverheadWarmup   6: 4096 op, 9100.00 ns, 2.2217 ns/op
OverheadWarmup   7: 4096 op, 9800.00 ns, 2.3926 ns/op
OverheadWarmup   8: 4096 op, 9400.00 ns, 2.2949 ns/op
OverheadWarmup   9: 4096 op, 9600.00 ns, 2.3438 ns/op
OverheadWarmup  10: 4096 op, 10000.00 ns, 2.4414 ns/op

OverheadActual   1: 4096 op, 10000.00 ns, 2.4414 ns/op
OverheadActual   2: 4096 op, 10500.00 ns, 2.5635 ns/op
OverheadActual   3: 4096 op, 10600.00 ns, 2.5879 ns/op
OverheadActual   4: 4096 op, 10900.00 ns, 2.6611 ns/op
OverheadActual   5: 4096 op, 11400.00 ns, 2.7832 ns/op
OverheadActual   6: 4096 op, 12400.00 ns, 3.0273 ns/op
OverheadActual   7: 4096 op, 12600.00 ns, 3.0762 ns/op
OverheadActual   8: 4096 op, 12600.00 ns, 3.0762 ns/op
OverheadActual   9: 4096 op, 12700.00 ns, 3.1006 ns/op
OverheadActual  10: 4096 op, 12600.00 ns, 3.0762 ns/op
OverheadActual  11: 4096 op, 12600.00 ns, 3.0762 ns/op
OverheadActual  12: 4096 op, 12700.00 ns, 3.1006 ns/op
OverheadActual  13: 4096 op, 12500.00 ns, 3.0518 ns/op
OverheadActual  14: 4096 op, 12800.00 ns, 3.1250 ns/op
OverheadActual  15: 4096 op, 9700.00 ns, 2.3682 ns/op
OverheadActual  16: 4096 op, 12900.00 ns, 3.1494 ns/op
OverheadActual  17: 4096 op, 12800.00 ns, 3.1250 ns/op
OverheadActual  18: 4096 op, 12300.00 ns, 3.0029 ns/op
OverheadActual  19: 4096 op, 13000.00 ns, 3.1738 ns/op
OverheadActual  20: 4096 op, 11500.00 ns, 2.8076 ns/op

WorkloadWarmup   1: 4096 op, 664528800.00 ns, 162.2385 us/op
WorkloadWarmup   2: 4096 op, 714170000.00 ns, 174.3579 us/op
WorkloadWarmup   3: 4096 op, 654669200.00 ns, 159.8313 us/op

WorkloadActual   1: 4096 op, 654621400.00 ns, 159.8197 us/op
WorkloadActual   2: 4096 op, 724403400.00 ns, 176.8563 us/op
WorkloadActual   3: 4096 op, 692389200.00 ns, 169.0403 us/op
WorkloadActual   4: 4096 op, 698067800.00 ns, 170.4267 us/op
WorkloadActual   5: 4096 op, 706659400.00 ns, 172.5243 us/op
WorkloadActual   6: 4096 op, 666795700.00 ns, 162.7919 us/op
WorkloadActual   7: 4096 op, 700484500.00 ns, 171.0167 us/op
WorkloadActual   8: 4096 op, 682055000.00 ns, 166.5173 us/op
WorkloadActual   9: 4096 op, 668642500.00 ns, 163.2428 us/op
WorkloadActual  10: 4096 op, 761365200.00 ns, 185.8802 us/op
WorkloadActual  11: 4096 op, 951745800.00 ns, 232.3598 us/op
WorkloadActual  12: 4096 op, 678900600.00 ns, 165.7472 us/op
WorkloadActual  13: 4096 op, 698353100.00 ns, 170.4964 us/op
WorkloadActual  14: 4096 op, 799571400.00 ns, 195.2079 us/op
WorkloadActual  15: 4096 op, 865617700.00 ns, 211.3324 us/op

WorkloadResult   1: 4096 op, 654608850.00 ns, 159.8166 us/op
WorkloadResult   2: 4096 op, 724390850.00 ns, 176.8532 us/op
WorkloadResult   3: 4096 op, 692376650.00 ns, 169.0373 us/op
WorkloadResult   4: 4096 op, 698055250.00 ns, 170.4236 us/op
WorkloadResult   5: 4096 op, 706646850.00 ns, 172.5212 us/op
WorkloadResult   6: 4096 op, 666783150.00 ns, 162.7889 us/op
WorkloadResult   7: 4096 op, 700471950.00 ns, 171.0137 us/op
WorkloadResult   8: 4096 op, 682042450.00 ns, 166.5143 us/op
WorkloadResult   9: 4096 op, 668629950.00 ns, 163.2397 us/op
WorkloadResult  10: 4096 op, 761352650.00 ns, 185.8771 us/op
WorkloadResult  11: 4096 op, 678888050.00 ns, 165.7442 us/op
WorkloadResult  12: 4096 op, 698340550.00 ns, 170.4933 us/op
WorkloadResult  13: 4096 op, 799558850.00 ns, 195.2048 us/op


Mean = 171.502 μs, StdErr = 2.710 μs (1.58%), N = 13, StdDev = 9.770 μs
Min = 159.817 μs, Q1 = 165.744 μs, Median = 170.424 μs, Q3 = 172.521 μs, Max = 195.205 μs
IQR = 6.777 μs, LowerFence = 155.579 μs, UpperFence = 182.687 μs
ConfidenceInterval = [159.802 μs; 183.202 μs] (CI 99.9%), Margin = 11.700 μs (6.82% of Mean)
Skewness = 1.1, Kurtosis = 3.29, MValue = 2

// ** Remained 23 (82.1%) benchmark(s) to run. Estimated finish 2026-09-09 16:29 (0h 6m from now) **
Setup power plan (GUID: 8c5e7fda-e8bf-4a96-9a85-a6e23a8c635c FriendlyName: High performance)
// **************************
// Benchmark: CardBattleEngineBenchmark.EngineIterateActions: Job-ERIHKH(Toolchain=InProcessNoEmitToolchain, IterationCount=15, LaunchCount=1, WarmupCount=3) [EntityCount=2, MaxDepth=2]
// *** Execute ***
// Launch: 1 / 1

// Benchmark Process Environment Information:
// BenchmarkDotNet v0.15.8
// Runtime=.NET 8.0.28 (8.0.28, 8.0.2826.26413), X64 RyuJIT x86-64-v3
// GC=Concurrent Workstation
// HardwareIntrinsics=AVX2+BMI1+BMI2+F16C+FMA+LZCNT+MOVBE,AVX,SSE3+SSSE3+SSE4.1+SSE4.2+POPCNT,X86Base+SSE+SSE2,AES+PCLMUL,AvxVnni,SERIALIZE VectorSize=256
// Job: Job-ERIHKH(Toolchain=InProcessNoEmitToolchain, IterationCount=15, LaunchCount=1, WarmupCount=3)

OverheadJitting  1: 1 op, 400.00 ns, 400.0000 ns/op
WorkloadJitting  1: 1 op, 450700.00 ns, 450.7000 us/op

OverheadJitting  2: 16 op, 500.00 ns, 31.2500 ns/op
WorkloadJitting  2: 16 op, 7844400.00 ns, 490.2750 us/op

WorkloadPilot    1: 16 op, 7329700.00 ns, 458.1063 us/op
WorkloadPilot    2: 32 op, 17689900.00 ns, 552.8094 us/op
WorkloadPilot    3: 64 op, 33408500.00 ns, 522.0078 us/op
WorkloadPilot    4: 128 op, 65869700.00 ns, 514.6070 us/op
WorkloadPilot    5: 256 op, 135477200.00 ns, 529.2078 us/op
WorkloadPilot    6: 512 op, 265010300.00 ns, 517.5982 us/op
WorkloadPilot    7: 1024 op, 441025000.00 ns, 430.6885 us/op
WorkloadPilot    8: 2048 op, 1108596900.00 ns, 541.3071 us/op

OverheadWarmup   1: 2048 op, 5400.00 ns, 2.6367 ns/op
OverheadWarmup   2: 2048 op, 5300.00 ns, 2.5879 ns/op
OverheadWarmup   3: 2048 op, 4900.00 ns, 2.3926 ns/op
OverheadWarmup   4: 2048 op, 5400.00 ns, 2.6367 ns/op
OverheadWarmup   5: 2048 op, 5400.00 ns, 2.6367 ns/op
OverheadWarmup   6: 2048 op, 5400.00 ns, 2.6367 ns/op
OverheadWarmup   7: 2048 op, 7100.00 ns, 3.4668 ns/op

OverheadActual   1: 2048 op, 5400.00 ns, 2.6367 ns/op
OverheadActual   2: 2048 op, 5300.00 ns, 2.5879 ns/op
OverheadActual   3: 2048 op, 5400.00 ns, 2.6367 ns/op
OverheadActual   4: 2048 op, 5300.00 ns, 2.5879 ns/op
OverheadActual   5: 2048 op, 5300.00 ns, 2.5879 ns/op
OverheadActual   6: 2048 op, 5700.00 ns, 2.7832 ns/op
OverheadActual   7: 2048 op, 5400.00 ns, 2.6367 ns/op
OverheadActual   8: 2048 op, 7000.00 ns, 3.4180 ns/op
OverheadActual   9: 2048 op, 5400.00 ns, 2.6367 ns/op
OverheadActual  10: 2048 op, 7000.00 ns, 3.4180 ns/op
OverheadActual  11: 2048 op, 6800.00 ns, 3.3203 ns/op
OverheadActual  12: 2048 op, 6800.00 ns, 3.3203 ns/op
OverheadActual  13: 2048 op, 5400.00 ns, 2.6367 ns/op
OverheadActual  14: 2048 op, 8000.00 ns, 3.9063 ns/op
OverheadActual  15: 2048 op, 6600.00 ns, 3.2227 ns/op
OverheadActual  16: 2048 op, 5400.00 ns, 2.6367 ns/op
OverheadActual  17: 2048 op, 7800.00 ns, 3.8086 ns/op
OverheadActual  18: 2048 op, 5300.00 ns, 2.5879 ns/op
OverheadActual  19: 2048 op, 4900.00 ns, 2.3926 ns/op
OverheadActual  20: 2048 op, 5300.00 ns, 2.5879 ns/op

WorkloadWarmup   1: 2048 op, 915924000.00 ns, 447.2285 us/op
WorkloadWarmup   2: 2048 op, 839137700.00 ns, 409.7352 us/op
WorkloadWarmup   3: 2048 op, 853713000.00 ns, 416.8521 us/op

WorkloadActual   1: 2048 op, 915595400.00 ns, 447.0681 us/op
WorkloadActual   2: 2048 op, 1005034400.00 ns, 490.7395 us/op
WorkloadActual   3: 2048 op, 891113600.00 ns, 435.1141 us/op
WorkloadActual   4: 2048 op, 930317100.00 ns, 454.2564 us/op
WorkloadActual   5: 2048 op, 912573900.00 ns, 445.5927 us/op
WorkloadActual   6: 2048 op, 842889000.00 ns, 411.5669 us/op
WorkloadActual   7: 2048 op, 848573700.00 ns, 414.3426 us/op
WorkloadActual   8: 2048 op, 846581700.00 ns, 413.3700 us/op
WorkloadActual   9: 2048 op, 819373300.00 ns, 400.0846 us/op
WorkloadActual  10: 2048 op, 875680700.00 ns, 427.5785 us/op
WorkloadActual  11: 2048 op, 835436200.00 ns, 407.9278 us/op
WorkloadActual  12: 2048 op, 826530300.00 ns, 403.5792 us/op
WorkloadActual  13: 2048 op, 930782700.00 ns, 454.4837 us/op
WorkloadActual  14: 2048 op, 849778600.00 ns, 414.9310 us/op
WorkloadActual  15: 2048 op, 860394100.00 ns, 420.1143 us/op

WorkloadResult   1: 2048 op, 915590000.00 ns, 447.0654 us/op
WorkloadResult   2: 2048 op, 1005029000.00 ns, 490.7368 us/op
WorkloadResult   3: 2048 op, 891108200.00 ns, 435.1114 us/op
WorkloadResult   4: 2048 op, 930311700.00 ns, 454.2538 us/op
WorkloadResult   5: 2048 op, 912568500.00 ns, 445.5901 us/op
WorkloadResult   6: 2048 op, 842883600.00 ns, 411.5643 us/op
WorkloadResult   7: 2048 op, 848568300.00 ns, 414.3400 us/op
WorkloadResult   8: 2048 op, 846576300.00 ns, 413.3673 us/op
WorkloadResult   9: 2048 op, 819367900.00 ns, 400.0820 us/op
WorkloadResult  10: 2048 op, 875675300.00 ns, 427.5758 us/op
WorkloadResult  11: 2048 op, 835430800.00 ns, 407.9252 us/op
WorkloadResult  12: 2048 op, 826524900.00 ns, 403.5766 us/op
WorkloadResult  13: 2048 op, 930777300.00 ns, 454.4811 us/op
WorkloadResult  14: 2048 op, 849773200.00 ns, 414.9283 us/op
WorkloadResult  15: 2048 op, 860388700.00 ns, 420.1117 us/op


Mean = 429.381 μs, StdErr = 6.438 μs (1.50%), N = 15, StdDev = 24.935 μs
Min = 400.082 μs, Q1 = 412.466 μs, Median = 420.112 μs, Q3 = 446.328 μs, Max = 490.737 μs
IQR = 33.862 μs, LowerFence = 361.673 μs, UpperFence = 497.121 μs
ConfidenceInterval = [402.724 μs; 456.037 μs] (CI 99.9%), Margin = 26.657 μs (6.21% of Mean)
Skewness = 0.87, Kurtosis = 2.89, MValue = 2.22

// ** Remained 22 (78.6%) benchmark(s) to run. Estimated finish 2026-09-09 16:29 (0h 5m from now) **
Setup power plan (GUID: 8c5e7fda-e8bf-4a96-9a85-a6e23a8c635c FriendlyName: High performance)
// **************************
// Benchmark: CardBattleEngineBenchmark.EngineIterateActions: Job-ERIHKH(Toolchain=InProcessNoEmitToolchain, IterationCount=15, LaunchCount=1, WarmupCount=3) [EntityCount=2, MaxDepth=3]
// *** Execute ***
// Launch: 1 / 1

// Benchmark Process Environment Information:
// BenchmarkDotNet v0.15.8
// Runtime=.NET 8.0.28 (8.0.28, 8.0.2826.26413), X64 RyuJIT x86-64-v3
// GC=Concurrent Workstation
// HardwareIntrinsics=AVX2+BMI1+BMI2+F16C+FMA+LZCNT+MOVBE,AVX,SSE3+SSSE3+SSE4.1+SSE4.2+POPCNT,X86Base+SSE+SSE2,AES+PCLMUL,AvxVnni,SERIALIZE VectorSize=256
// Job: Job-ERIHKH(Toolchain=InProcessNoEmitToolchain, IterationCount=15, LaunchCount=1, WarmupCount=3)

OverheadJitting  1: 1 op, 600.00 ns, 600.0000 ns/op
WorkloadJitting  1: 1 op, 873900.00 ns, 873.9000 us/op

OverheadJitting  2: 16 op, 300.00 ns, 18.7500 ns/op
WorkloadJitting  2: 16 op, 11026400.00 ns, 689.1500 us/op

WorkloadPilot    1: 16 op, 10469400.00 ns, 654.3375 us/op
WorkloadPilot    2: 32 op, 20748400.00 ns, 648.3875 us/op
WorkloadPilot    3: 64 op, 40101100.00 ns, 626.5797 us/op
WorkloadPilot    4: 128 op, 75898400.00 ns, 592.9563 us/op
WorkloadPilot    5: 256 op, 160113400.00 ns, 625.4430 us/op
WorkloadPilot    6: 512 op, 301404100.00 ns, 588.6799 us/op
WorkloadPilot    7: 1024 op, 660436800.00 ns, 644.9578 us/op

OverheadWarmup   1: 1024 op, 2900.00 ns, 2.8320 ns/op
OverheadWarmup   2: 1024 op, 2400.00 ns, 2.3438 ns/op
OverheadWarmup   3: 1024 op, 2500.00 ns, 2.4414 ns/op
OverheadWarmup   4: 1024 op, 2700.00 ns, 2.6367 ns/op
OverheadWarmup   5: 1024 op, 2500.00 ns, 2.4414 ns/op
OverheadWarmup   6: 1024 op, 2500.00 ns, 2.4414 ns/op
OverheadWarmup   7: 1024 op, 2700.00 ns, 2.6367 ns/op

OverheadActual   1: 1024 op, 2800.00 ns, 2.7344 ns/op
OverheadActual   2: 1024 op, 2900.00 ns, 2.8320 ns/op
OverheadActual   3: 1024 op, 3000.00 ns, 2.9297 ns/op
OverheadActual   4: 1024 op, 3000.00 ns, 2.9297 ns/op
OverheadActual   5: 1024 op, 3000.00 ns, 2.9297 ns/op
OverheadActual   6: 1024 op, 3000.00 ns, 2.9297 ns/op
OverheadActual   7: 1024 op, 3000.00 ns, 2.9297 ns/op
OverheadActual   8: 1024 op, 2900.00 ns, 2.8320 ns/op
OverheadActual   9: 1024 op, 3100.00 ns, 3.0273 ns/op
OverheadActual  10: 1024 op, 3100.00 ns, 3.0273 ns/op
OverheadActual  11: 1024 op, 3000.00 ns, 2.9297 ns/op
OverheadActual  12: 1024 op, 2900.00 ns, 2.8320 ns/op
OverheadActual  13: 1024 op, 2900.00 ns, 2.8320 ns/op
OverheadActual  14: 1024 op, 3000.00 ns, 2.9297 ns/op
OverheadActual  15: 1024 op, 3000.00 ns, 2.9297 ns/op

WorkloadWarmup   1: 1024 op, 655948700.00 ns, 640.5749 us/op
WorkloadWarmup   2: 1024 op, 773909500.00 ns, 755.7710 us/op
WorkloadWarmup   3: 1024 op, 829612100.00 ns, 810.1681 us/op

WorkloadActual   1: 1024 op, 654460000.00 ns, 639.1211 us/op
WorkloadActual   2: 1024 op, 609553400.00 ns, 595.2670 us/op
WorkloadActual   3: 1024 op, 620995100.00 ns, 606.4405 us/op
WorkloadActual   4: 1024 op, 622869700.00 ns, 608.2712 us/op
WorkloadActual   5: 1024 op, 656229200.00 ns, 640.8488 us/op
WorkloadActual   6: 1024 op, 667647300.00 ns, 651.9993 us/op
WorkloadActual   7: 1024 op, 709086100.00 ns, 692.4669 us/op
WorkloadActual   8: 1024 op, 694408600.00 ns, 678.1334 us/op
WorkloadActual   9: 1024 op, 698061700.00 ns, 681.7009 us/op
WorkloadActual  10: 1024 op, 758677200.00 ns, 740.8957 us/op
WorkloadActual  11: 1024 op, 704209300.00 ns, 687.7044 us/op
WorkloadActual  12: 1024 op, 654083600.00 ns, 638.7535 us/op
WorkloadActual  13: 1024 op, 648157600.00 ns, 632.9664 us/op
WorkloadActual  14: 1024 op, 776689300.00 ns, 758.4856 us/op
WorkloadActual  15: 1024 op, 658311500.00 ns, 642.8823 us/op

WorkloadResult   1: 1024 op, 654457000.00 ns, 639.1182 us/op
WorkloadResult   2: 1024 op, 609550400.00 ns, 595.2641 us/op
WorkloadResult   3: 1024 op, 620992100.00 ns, 606.4376 us/op
WorkloadResult   4: 1024 op, 622866700.00 ns, 608.2683 us/op
WorkloadResult   5: 1024 op, 656226200.00 ns, 640.8459 us/op
WorkloadResult   6: 1024 op, 667644300.00 ns, 651.9964 us/op
WorkloadResult   7: 1024 op, 709083100.00 ns, 692.4640 us/op
WorkloadResult   8: 1024 op, 694405600.00 ns, 678.1305 us/op
WorkloadResult   9: 1024 op, 698058700.00 ns, 681.6979 us/op
WorkloadResult  10: 1024 op, 758674200.00 ns, 740.8928 us/op
WorkloadResult  11: 1024 op, 704206300.00 ns, 687.7015 us/op
WorkloadResult  12: 1024 op, 654080600.00 ns, 638.7506 us/op
WorkloadResult  13: 1024 op, 648154600.00 ns, 632.9635 us/op
WorkloadResult  14: 1024 op, 658308500.00 ns, 642.8794 us/op


Mean = 652.672 μs, StdErr = 10.611 μs (1.63%), N = 14, StdDev = 39.702 μs
Min = 595.264 μs, Q1 = 634.410 μs, Median = 641.863 μs, Q3 = 680.806 μs, Max = 740.893 μs
IQR = 46.396 μs, LowerFence = 564.817 μs, UpperFence = 750.400 μs
ConfidenceInterval = [607.886 μs; 697.458 μs] (CI 99.9%), Margin = 44.786 μs (6.86% of Mean)
Skewness = 0.51, Kurtosis = 2.45, MValue = 2.29

// ** Remained 21 (75.0%) benchmark(s) to run. Estimated finish 2026-09-09 16:29 (0h 5m from now) **
Setup power plan (GUID: 8c5e7fda-e8bf-4a96-9a85-a6e23a8c635c FriendlyName: High performance)
// **************************
// Benchmark: CardBattleEngineBenchmark.EngineIterateActions: Job-ERIHKH(Toolchain=InProcessNoEmitToolchain, IterationCount=15, LaunchCount=1, WarmupCount=3) [EntityCount=2, MaxDepth=4]
// *** Execute ***
// Launch: 1 / 1

// Benchmark Process Environment Information:
// BenchmarkDotNet v0.15.8
// Runtime=.NET 8.0.28 (8.0.28, 8.0.2826.26413), X64 RyuJIT x86-64-v3
// GC=Concurrent Workstation
// HardwareIntrinsics=AVX2+BMI1+BMI2+F16C+FMA+LZCNT+MOVBE,AVX,SSE3+SSSE3+SSE4.1+SSE4.2+POPCNT,X86Base+SSE+SSE2,AES+PCLMUL,AvxVnni,SERIALIZE VectorSize=256
// Job: Job-ERIHKH(Toolchain=InProcessNoEmitToolchain, IterationCount=15, LaunchCount=1, WarmupCount=3)

OverheadJitting  1: 1 op, 300.00 ns, 300.0000 ns/op
WorkloadJitting  1: 1 op, 728000.00 ns, 728.0000 us/op

OverheadJitting  2: 16 op, 400.00 ns, 25.0000 ns/op
WorkloadJitting  2: 16 op, 15328200.00 ns, 958.0125 us/op

WorkloadPilot    1: 16 op, 13717200.00 ns, 857.3250 us/op
WorkloadPilot    2: 32 op, 25368200.00 ns, 792.7563 us/op
WorkloadPilot    3: 64 op, 51792300.00 ns, 809.2547 us/op
WorkloadPilot    4: 128 op, 99645600.00 ns, 778.4813 us/op
WorkloadPilot    5: 256 op, 220932100.00 ns, 863.0160 us/op
WorkloadPilot    6: 512 op, 444155400.00 ns, 867.4910 us/op
WorkloadPilot    7: 1024 op, 821544200.00 ns, 802.2893 us/op

OverheadWarmup   1: 1024 op, 3000.00 ns, 2.9297 ns/op
OverheadWarmup   2: 1024 op, 2400.00 ns, 2.3438 ns/op
OverheadWarmup   3: 1024 op, 2600.00 ns, 2.5391 ns/op
OverheadWarmup   4: 1024 op, 3400.00 ns, 3.3203 ns/op
OverheadWarmup   5: 1024 op, 3100.00 ns, 3.0273 ns/op
OverheadWarmup   6: 1024 op, 2600.00 ns, 2.5391 ns/op
OverheadWarmup   7: 1024 op, 2900.00 ns, 2.8320 ns/op
OverheadWarmup   8: 1024 op, 2800.00 ns, 2.7344 ns/op

OverheadActual   1: 1024 op, 4000.00 ns, 3.9063 ns/op
OverheadActual   2: 1024 op, 3200.00 ns, 3.1250 ns/op
OverheadActual   3: 1024 op, 3200.00 ns, 3.1250 ns/op
OverheadActual   4: 1024 op, 2900.00 ns, 2.8320 ns/op
OverheadActual   5: 1024 op, 2900.00 ns, 2.8320 ns/op
OverheadActual   6: 1024 op, 2800.00 ns, 2.7344 ns/op
OverheadActual   7: 1024 op, 2900.00 ns, 2.8320 ns/op
OverheadActual   8: 1024 op, 2700.00 ns, 2.6367 ns/op
OverheadActual   9: 1024 op, 4200.00 ns, 4.1016 ns/op
OverheadActual  10: 1024 op, 4200.00 ns, 4.1016 ns/op
OverheadActual  11: 1024 op, 5700.00 ns, 5.5664 ns/op
OverheadActual  12: 1024 op, 5300.00 ns, 5.1758 ns/op
OverheadActual  13: 1024 op, 2900.00 ns, 2.8320 ns/op
OverheadActual  14: 1024 op, 2800.00 ns, 2.7344 ns/op
OverheadActual  15: 1024 op, 2800.00 ns, 2.7344 ns/op
OverheadActual  16: 1024 op, 2900.00 ns, 2.8320 ns/op
OverheadActual  17: 1024 op, 4000.00 ns, 3.9063 ns/op
OverheadActual  18: 1024 op, 2700.00 ns, 2.6367 ns/op
OverheadActual  19: 1024 op, 2800.00 ns, 2.7344 ns/op
OverheadActual  20: 1024 op, 2800.00 ns, 2.7344 ns/op

WorkloadWarmup   1: 1024 op, 796920600.00 ns, 778.2428 us/op
WorkloadWarmup   2: 1024 op, 869673700.00 ns, 849.2907 us/op
WorkloadWarmup   3: 1024 op, 825216800.00 ns, 805.8758 us/op

WorkloadActual   1: 1024 op, 928601900.00 ns, 906.8378 us/op
WorkloadActual   2: 1024 op, 789749600.00 ns, 771.2398 us/op
WorkloadActual   3: 1024 op, 761698000.00 ns, 743.8457 us/op
WorkloadActual   4: 1024 op, 830444200.00 ns, 810.9807 us/op
WorkloadActual   5: 1024 op, 757912200.00 ns, 740.1486 us/op
WorkloadActual   6: 1024 op, 749487600.00 ns, 731.9215 us/op
WorkloadActual   7: 1024 op, 775676800.00 ns, 757.4969 us/op
WorkloadActual   8: 1024 op, 742294200.00 ns, 724.8967 us/op
WorkloadActual   9: 1024 op, 739638700.00 ns, 722.3034 us/op
WorkloadActual  10: 1024 op, 781002800.00 ns, 762.6980 us/op
WorkloadActual  11: 1024 op, 736925000.00 ns, 719.6533 us/op
WorkloadActual  12: 1024 op, 807432700.00 ns, 788.5085 us/op
WorkloadActual  13: 1024 op, 800977500.00 ns, 782.2046 us/op
WorkloadActual  14: 1024 op, 746019800.00 ns, 728.5350 us/op
WorkloadActual  15: 1024 op, 796698300.00 ns, 778.0257 us/op

WorkloadResult   1: 1024 op, 789746700.00 ns, 771.2370 us/op
WorkloadResult   2: 1024 op, 761695100.00 ns, 743.8429 us/op
WorkloadResult   3: 1024 op, 830441300.00 ns, 810.9778 us/op
WorkloadResult   4: 1024 op, 757909300.00 ns, 740.1458 us/op
WorkloadResult   5: 1024 op, 749484700.00 ns, 731.9187 us/op
WorkloadResult   6: 1024 op, 775673900.00 ns, 757.4940 us/op
WorkloadResult   7: 1024 op, 742291300.00 ns, 724.8938 us/op
WorkloadResult   8: 1024 op, 739635800.00 ns, 722.3006 us/op
WorkloadResult   9: 1024 op, 780999900.00 ns, 762.6952 us/op
WorkloadResult  10: 1024 op, 736922100.00 ns, 719.6505 us/op
WorkloadResult  11: 1024 op, 807429800.00 ns, 788.5057 us/op
WorkloadResult  12: 1024 op, 800974600.00 ns, 782.2018 us/op
WorkloadResult  13: 1024 op, 746016900.00 ns, 728.5321 us/op
WorkloadResult  14: 1024 op, 796695400.00 ns, 778.0229 us/op


Mean = 754.458 μs, StdErr = 7.651 μs (1.01%), N = 14, StdDev = 28.629 μs
Min = 719.650 μs, Q1 = 729.379 μs, Median = 750.668 μs, Q3 = 776.326 μs, Max = 810.978 μs
IQR = 46.948 μs, LowerFence = 658.957 μs, UpperFence = 846.748 μs
ConfidenceInterval = [722.164 μs; 786.753 μs] (CI 99.9%), Margin = 32.295 μs (4.28% of Mean)
Skewness = 0.38, Kurtosis = 1.77, MValue = 2

// ** Remained 20 (71.4%) benchmark(s) to run. Estimated finish 2026-09-09 16:29 (0h 5m from now) **
Setup power plan (GUID: 8c5e7fda-e8bf-4a96-9a85-a6e23a8c635c FriendlyName: High performance)
// **************************
// Benchmark: CardBattleEngineBenchmark.EngineIterateActions: Job-ERIHKH(Toolchain=InProcessNoEmitToolchain, IterationCount=15, LaunchCount=1, WarmupCount=3) [EntityCount=3, MaxDepth=1]
// *** Execute ***
// Launch: 1 / 1

// Benchmark Process Environment Information:
// BenchmarkDotNet v0.15.8
// Runtime=.NET 8.0.28 (8.0.28, 8.0.2826.26413), X64 RyuJIT x86-64-v3
// GC=Concurrent Workstation
// HardwareIntrinsics=AVX2+BMI1+BMI2+F16C+FMA+LZCNT+MOVBE,AVX,SSE3+SSSE3+SSE4.1+SSE4.2+POPCNT,X86Base+SSE+SSE2,AES+PCLMUL,AvxVnni,SERIALIZE VectorSize=256
// Job: Job-ERIHKH(Toolchain=InProcessNoEmitToolchain, IterationCount=15, LaunchCount=1, WarmupCount=3)

OverheadJitting  1: 1 op, 300.00 ns, 300.0000 ns/op
WorkloadJitting  1: 1 op, 389800.00 ns, 389.8000 us/op

OverheadJitting  2: 16 op, 500.00 ns, 31.2500 ns/op
WorkloadJitting  2: 16 op, 7380600.00 ns, 461.2875 us/op

WorkloadPilot    1: 16 op, 7193300.00 ns, 449.5813 us/op
WorkloadPilot    2: 32 op, 11916600.00 ns, 372.3938 us/op
WorkloadPilot    3: 64 op, 26929100.00 ns, 420.7672 us/op
WorkloadPilot    4: 128 op, 51724900.00 ns, 404.1008 us/op
WorkloadPilot    5: 256 op, 99009800.00 ns, 386.7570 us/op
WorkloadPilot    6: 512 op, 193244000.00 ns, 377.4297 us/op
WorkloadPilot    7: 1024 op, 401982500.00 ns, 392.5610 us/op
WorkloadPilot    8: 2048 op, 783954700.00 ns, 382.7904 us/op

OverheadWarmup   1: 2048 op, 6200.00 ns, 3.0273 ns/op
OverheadWarmup   2: 2048 op, 6400.00 ns, 3.1250 ns/op
OverheadWarmup   3: 2048 op, 6300.00 ns, 3.0762 ns/op
OverheadWarmup   4: 2048 op, 6400.00 ns, 3.1250 ns/op
OverheadWarmup   5: 2048 op, 6100.00 ns, 2.9785 ns/op

OverheadActual   1: 2048 op, 5000.00 ns, 2.4414 ns/op
OverheadActual   2: 2048 op, 6000.00 ns, 2.9297 ns/op
OverheadActual   3: 2048 op, 5800.00 ns, 2.8320 ns/op
OverheadActual   4: 2048 op, 5700.00 ns, 2.7832 ns/op
OverheadActual   5: 2048 op, 5600.00 ns, 2.7344 ns/op
OverheadActual   6: 2048 op, 7500.00 ns, 3.6621 ns/op
OverheadActual   7: 2048 op, 5400.00 ns, 2.6367 ns/op
OverheadActual   8: 2048 op, 5500.00 ns, 2.6855 ns/op
OverheadActual   9: 2048 op, 5400.00 ns, 2.6367 ns/op
OverheadActual  10: 2048 op, 5400.00 ns, 2.6367 ns/op
OverheadActual  11: 2048 op, 5300.00 ns, 2.5879 ns/op
OverheadActual  12: 2048 op, 5200.00 ns, 2.5391 ns/op
OverheadActual  13: 2048 op, 5600.00 ns, 2.7344 ns/op
OverheadActual  14: 2048 op, 5800.00 ns, 2.8320 ns/op
OverheadActual  15: 2048 op, 5600.00 ns, 2.7344 ns/op
OverheadActual  16: 2048 op, 5700.00 ns, 2.7832 ns/op

WorkloadWarmup   1: 2048 op, 808020400.00 ns, 394.5412 us/op
WorkloadWarmup   2: 2048 op, 767871100.00 ns, 374.9371 us/op
WorkloadWarmup   3: 2048 op, 809112900.00 ns, 395.0747 us/op

WorkloadActual   1: 2048 op, 779320600.00 ns, 380.5276 us/op
WorkloadActual   2: 2048 op, 817630900.00 ns, 399.2338 us/op
WorkloadActual   3: 2048 op, 820919300.00 ns, 400.8395 us/op
WorkloadActual   4: 2048 op, 935962100.00 ns, 457.0127 us/op
WorkloadActual   5: 2048 op, 798470800.00 ns, 389.8783 us/op
WorkloadActual   6: 2048 op, 856184100.00 ns, 418.0586 us/op
WorkloadActual   7: 2048 op, 784351500.00 ns, 382.9841 us/op
WorkloadActual   8: 2048 op, 823215300.00 ns, 401.9606 us/op
WorkloadActual   9: 2048 op, 801405800.00 ns, 391.3114 us/op
WorkloadActual  10: 2048 op, 800091600.00 ns, 390.6697 us/op
WorkloadActual  11: 2048 op, 933558400.00 ns, 455.8391 us/op
WorkloadActual  12: 2048 op, 773861800.00 ns, 377.8622 us/op
WorkloadActual  13: 2048 op, 799833500.00 ns, 390.5437 us/op
WorkloadActual  14: 2048 op, 802840900.00 ns, 392.0122 us/op
WorkloadActual  15: 2048 op, 766269000.00 ns, 374.1548 us/op

WorkloadResult   1: 2048 op, 779315000.00 ns, 380.5249 us/op
WorkloadResult   2: 2048 op, 817625300.00 ns, 399.2311 us/op
WorkloadResult   3: 2048 op, 820913700.00 ns, 400.8368 us/op
WorkloadResult   4: 2048 op, 798465200.00 ns, 389.8756 us/op
WorkloadResult   5: 2048 op, 856178500.00 ns, 418.0559 us/op
WorkloadResult   6: 2048 op, 784345900.00 ns, 382.9814 us/op
WorkloadResult   7: 2048 op, 823209700.00 ns, 401.9579 us/op
WorkloadResult   8: 2048 op, 801400200.00 ns, 391.3087 us/op
WorkloadResult   9: 2048 op, 800086000.00 ns, 390.6670 us/op
WorkloadResult  10: 2048 op, 773856200.00 ns, 377.8595 us/op
WorkloadResult  11: 2048 op, 799827900.00 ns, 390.5410 us/op
WorkloadResult  12: 2048 op, 802835300.00 ns, 392.0094 us/op
WorkloadResult  13: 2048 op, 766263400.00 ns, 374.1521 us/op


Mean = 391.539 μs, StdErr = 3.248 μs (0.83%), N = 13, StdDev = 11.712 μs
Min = 374.152 μs, Q1 = 382.981 μs, Median = 390.667 μs, Q3 = 399.231 μs, Max = 418.056 μs
IQR = 16.250 μs, LowerFence = 358.607 μs, UpperFence = 423.606 μs
ConfidenceInterval = [377.513 μs; 405.564 μs] (CI 99.9%), Margin = 14.026 μs (3.58% of Mean)
Skewness = 0.54, Kurtosis = 2.71, MValue = 2.25

// ** Remained 19 (67.9%) benchmark(s) to run. Estimated finish 2026-09-09 16:29 (0h 5m from now) **
Setup power plan (GUID: 8c5e7fda-e8bf-4a96-9a85-a6e23a8c635c FriendlyName: High performance)
// **************************
// Benchmark: CardBattleEngineBenchmark.EngineIterateActions: Job-ERIHKH(Toolchain=InProcessNoEmitToolchain, IterationCount=15, LaunchCount=1, WarmupCount=3) [EntityCount=3, MaxDepth=2]
// *** Execute ***
// Launch: 1 / 1

// Benchmark Process Environment Information:
// BenchmarkDotNet v0.15.8
// Runtime=.NET 8.0.28 (8.0.28, 8.0.2826.26413), X64 RyuJIT x86-64-v3
// GC=Concurrent Workstation
// HardwareIntrinsics=AVX2+BMI1+BMI2+F16C+FMA+LZCNT+MOVBE,AVX,SSE3+SSSE3+SSE4.1+SSE4.2+POPCNT,X86Base+SSE+SSE2,AES+PCLMUL,AvxVnni,SERIALIZE VectorSize=256
// Job: Job-ERIHKH(Toolchain=InProcessNoEmitToolchain, IterationCount=15, LaunchCount=1, WarmupCount=3)

OverheadJitting  1: 1 op, 500.00 ns, 500.0000 ns/op
WorkloadJitting  1: 1 op, 1637600.00 ns, 1.6376 ms/op

OverheadJitting  2: 16 op, 600.00 ns, 37.5000 ns/op
WorkloadJitting  2: 16 op, 29552000.00 ns, 1.8470 ms/op

WorkloadPilot    1: 16 op, 29338300.00 ns, 1.8336 ms/op
WorkloadPilot    2: 32 op, 59127900.00 ns, 1.8477 ms/op
WorkloadPilot    3: 64 op, 125720900.00 ns, 1.9644 ms/op
WorkloadPilot    4: 128 op, 264180900.00 ns, 2.0639 ms/op
WorkloadPilot    5: 256 op, 437507700.00 ns, 1.7090 ms/op
WorkloadPilot    6: 512 op, 750995600.00 ns, 1.4668 ms/op

OverheadWarmup   1: 512 op, 1600.00 ns, 3.1250 ns/op
OverheadWarmup   2: 512 op, 1500.00 ns, 2.9297 ns/op
OverheadWarmup   3: 512 op, 1400.00 ns, 2.7344 ns/op
OverheadWarmup   4: 512 op, 2000.00 ns, 3.9063 ns/op
OverheadWarmup   5: 512 op, 1400.00 ns, 2.7344 ns/op
OverheadWarmup   6: 512 op, 1400.00 ns, 2.7344 ns/op
OverheadWarmup   7: 512 op, 1600.00 ns, 3.1250 ns/op

OverheadActual   1: 512 op, 1600.00 ns, 3.1250 ns/op
OverheadActual   2: 512 op, 1500.00 ns, 2.9297 ns/op
OverheadActual   3: 512 op, 1600.00 ns, 3.1250 ns/op
OverheadActual   4: 512 op, 1700.00 ns, 3.3203 ns/op
OverheadActual   5: 512 op, 1600.00 ns, 3.1250 ns/op
OverheadActual   6: 512 op, 1600.00 ns, 3.1250 ns/op
OverheadActual   7: 512 op, 1600.00 ns, 3.1250 ns/op
OverheadActual   8: 512 op, 1600.00 ns, 3.1250 ns/op
OverheadActual   9: 512 op, 1600.00 ns, 3.1250 ns/op
OverheadActual  10: 512 op, 1700.00 ns, 3.3203 ns/op
OverheadActual  11: 512 op, 1600.00 ns, 3.1250 ns/op
OverheadActual  12: 512 op, 1700.00 ns, 3.3203 ns/op
OverheadActual  13: 512 op, 1600.00 ns, 3.1250 ns/op
OverheadActual  14: 512 op, 1600.00 ns, 3.1250 ns/op
OverheadActual  15: 512 op, 1700.00 ns, 3.3203 ns/op

WorkloadWarmup   1: 512 op, 789574400.00 ns, 1.5421 ms/op
WorkloadWarmup   2: 512 op, 747575100.00 ns, 1.4601 ms/op
WorkloadWarmup   3: 512 op, 769790300.00 ns, 1.5035 ms/op

WorkloadActual   1: 512 op, 759135900.00 ns, 1.4827 ms/op
WorkloadActual   2: 512 op, 772104500.00 ns, 1.5080 ms/op
WorkloadActual   3: 512 op, 739647800.00 ns, 1.4446 ms/op
WorkloadActual   4: 512 op, 741272800.00 ns, 1.4478 ms/op
WorkloadActual   5: 512 op, 742598100.00 ns, 1.4504 ms/op
WorkloadActual   6: 512 op, 710756200.00 ns, 1.3882 ms/op
WorkloadActual   7: 512 op, 771340100.00 ns, 1.5065 ms/op
WorkloadActual   8: 512 op, 811499400.00 ns, 1.5850 ms/op
WorkloadActual   9: 512 op, 782296300.00 ns, 1.5279 ms/op
WorkloadActual  10: 512 op, 814906200.00 ns, 1.5916 ms/op
WorkloadActual  11: 512 op, 728816400.00 ns, 1.4235 ms/op
WorkloadActual  12: 512 op, 823450400.00 ns, 1.6083 ms/op
WorkloadActual  13: 512 op, 774595400.00 ns, 1.5129 ms/op
WorkloadActual  14: 512 op, 735149600.00 ns, 1.4358 ms/op
WorkloadActual  15: 512 op, 777493400.00 ns, 1.5185 ms/op

WorkloadResult   1: 512 op, 759134300.00 ns, 1.4827 ms/op
WorkloadResult   2: 512 op, 772102900.00 ns, 1.5080 ms/op
WorkloadResult   3: 512 op, 739646200.00 ns, 1.4446 ms/op
WorkloadResult   4: 512 op, 741271200.00 ns, 1.4478 ms/op
WorkloadResult   5: 512 op, 742596500.00 ns, 1.4504 ms/op
WorkloadResult   6: 512 op, 710754600.00 ns, 1.3882 ms/op
WorkloadResult   7: 512 op, 771338500.00 ns, 1.5065 ms/op
WorkloadResult   8: 512 op, 811497800.00 ns, 1.5850 ms/op
WorkloadResult   9: 512 op, 782294700.00 ns, 1.5279 ms/op
WorkloadResult  10: 512 op, 814904600.00 ns, 1.5916 ms/op
WorkloadResult  11: 512 op, 728814800.00 ns, 1.4235 ms/op
WorkloadResult  12: 512 op, 823448800.00 ns, 1.6083 ms/op
WorkloadResult  13: 512 op, 774593800.00 ns, 1.5129 ms/op
WorkloadResult  14: 512 op, 735148000.00 ns, 1.4358 ms/op
WorkloadResult  15: 512 op, 777491800.00 ns, 1.5185 ms/op


Mean = 1.495 ms, StdErr = 0.017 ms (1.13%), N = 15, StdDev = 0.065 ms
Min = 1.388 ms, Q1 = 1.446 ms, Median = 1.507 ms, Q3 = 1.523 ms, Max = 1.608 ms
IQR = 0.077 ms, LowerFence = 1.331 ms, UpperFence = 1.639 ms
ConfidenceInterval = [1.426 ms; 1.565 ms] (CI 99.9%), Margin = 0.070 ms (4.66% of Mean)
Skewness = 0.23, Kurtosis = 1.85, MValue = 2.29

// ** Remained 18 (64.3%) benchmark(s) to run. Estimated finish 2026-09-09 16:29 (0h 4m from now) **
Setup power plan (GUID: 8c5e7fda-e8bf-4a96-9a85-a6e23a8c635c FriendlyName: High performance)
// **************************
// Benchmark: CardBattleEngineBenchmark.EngineIterateActions: Job-ERIHKH(Toolchain=InProcessNoEmitToolchain, IterationCount=15, LaunchCount=1, WarmupCount=3) [EntityCount=3, MaxDepth=3]
// *** Execute ***
// Launch: 1 / 1

// Benchmark Process Environment Information:
// BenchmarkDotNet v0.15.8
// Runtime=.NET 8.0.28 (8.0.28, 8.0.2826.26413), X64 RyuJIT x86-64-v3
// GC=Concurrent Workstation
// HardwareIntrinsics=AVX2+BMI1+BMI2+F16C+FMA+LZCNT+MOVBE,AVX,SSE3+SSSE3+SSE4.1+SSE4.2+POPCNT,X86Base+SSE+SSE2,AES+PCLMUL,AvxVnni,SERIALIZE VectorSize=256
// Job: Job-ERIHKH(Toolchain=InProcessNoEmitToolchain, IterationCount=15, LaunchCount=1, WarmupCount=3)

OverheadJitting  1: 1 op, 500.00 ns, 500.0000 ns/op
WorkloadJitting  1: 1 op, 1995400.00 ns, 1.9954 ms/op

OverheadJitting  2: 16 op, 400.00 ns, 25.0000 ns/op
WorkloadJitting  2: 16 op, 43981500.00 ns, 2.7488 ms/op

WorkloadPilot    1: 16 op, 42388500.00 ns, 2.6493 ms/op
WorkloadPilot    2: 32 op, 73267000.00 ns, 2.2896 ms/op
WorkloadPilot    3: 64 op, 139524300.00 ns, 2.1801 ms/op
WorkloadPilot    4: 128 op, 290329600.00 ns, 2.2682 ms/op
WorkloadPilot    5: 256 op, 530127700.00 ns, 2.0708 ms/op

OverheadWarmup   1: 256 op, 1500.00 ns, 5.8594 ns/op
OverheadWarmup   2: 256 op, 900.00 ns, 3.5156 ns/op
OverheadWarmup   3: 256 op, 900.00 ns, 3.5156 ns/op
OverheadWarmup   4: 256 op, 1100.00 ns, 4.2969 ns/op
OverheadWarmup   5: 256 op, 900.00 ns, 3.5156 ns/op
OverheadWarmup   6: 256 op, 900.00 ns, 3.5156 ns/op

OverheadActual   1: 256 op, 900.00 ns, 3.5156 ns/op
OverheadActual   2: 256 op, 900.00 ns, 3.5156 ns/op
OverheadActual   3: 256 op, 900.00 ns, 3.5156 ns/op
OverheadActual   4: 256 op, 1100.00 ns, 4.2969 ns/op
OverheadActual   5: 256 op, 1400.00 ns, 5.4688 ns/op
OverheadActual   6: 256 op, 1500.00 ns, 5.8594 ns/op
OverheadActual   7: 256 op, 1100.00 ns, 4.2969 ns/op
OverheadActual   8: 256 op, 1100.00 ns, 4.2969 ns/op
OverheadActual   9: 256 op, 1200.00 ns, 4.6875 ns/op
OverheadActual  10: 256 op, 1300.00 ns, 5.0781 ns/op
OverheadActual  11: 256 op, 1100.00 ns, 4.2969 ns/op
OverheadActual  12: 256 op, 1200.00 ns, 4.6875 ns/op
OverheadActual  13: 256 op, 1600.00 ns, 6.2500 ns/op
OverheadActual  14: 256 op, 1300.00 ns, 5.0781 ns/op
OverheadActual  15: 256 op, 1200.00 ns, 4.6875 ns/op
OverheadActual  16: 256 op, 1200.00 ns, 4.6875 ns/op
OverheadActual  17: 256 op, 1000.00 ns, 3.9063 ns/op
OverheadActual  18: 256 op, 1500.00 ns, 5.8594 ns/op
OverheadActual  19: 256 op, 1100.00 ns, 4.2969 ns/op
OverheadActual  20: 256 op, 1100.00 ns, 4.2969 ns/op

WorkloadWarmup   1: 256 op, 571620600.00 ns, 2.2329 ms/op
WorkloadWarmup   2: 256 op, 565857900.00 ns, 2.2104 ms/op
WorkloadWarmup   3: 256 op, 501514800.00 ns, 1.9590 ms/op

WorkloadActual   1: 256 op, 553306800.00 ns, 2.1614 ms/op
WorkloadActual   2: 256 op, 596290100.00 ns, 2.3293 ms/op
WorkloadActual   3: 256 op, 617340500.00 ns, 2.4115 ms/op
WorkloadActual   4: 256 op, 607771300.00 ns, 2.3741 ms/op
WorkloadActual   5: 256 op, 591550300.00 ns, 2.3107 ms/op
WorkloadActual   6: 256 op, 574397200.00 ns, 2.2437 ms/op
WorkloadActual   7: 256 op, 535861200.00 ns, 2.0932 ms/op
WorkloadActual   8: 256 op, 522298800.00 ns, 2.0402 ms/op
WorkloadActual   9: 256 op, 559486100.00 ns, 2.1855 ms/op
WorkloadActual  10: 256 op, 583065500.00 ns, 2.2776 ms/op
WorkloadActual  11: 256 op, 594649800.00 ns, 2.3229 ms/op
WorkloadActual  12: 256 op, 628851400.00 ns, 2.4565 ms/op
WorkloadActual  13: 256 op, 538416400.00 ns, 2.1032 ms/op
WorkloadActual  14: 256 op, 555692800.00 ns, 2.1707 ms/op
WorkloadActual  15: 256 op, 525239500.00 ns, 2.0517 ms/op

WorkloadResult   1: 256 op, 553305650.00 ns, 2.1614 ms/op
WorkloadResult   2: 256 op, 596288950.00 ns, 2.3293 ms/op
WorkloadResult   3: 256 op, 617339350.00 ns, 2.4115 ms/op
WorkloadResult   4: 256 op, 607770150.00 ns, 2.3741 ms/op
WorkloadResult   5: 256 op, 591549150.00 ns, 2.3107 ms/op
WorkloadResult   6: 256 op, 574396050.00 ns, 2.2437 ms/op
WorkloadResult   7: 256 op, 535860050.00 ns, 2.0932 ms/op
WorkloadResult   8: 256 op, 522297650.00 ns, 2.0402 ms/op
WorkloadResult   9: 256 op, 559484950.00 ns, 2.1855 ms/op
WorkloadResult  10: 256 op, 583064350.00 ns, 2.2776 ms/op
WorkloadResult  11: 256 op, 594648650.00 ns, 2.3228 ms/op
WorkloadResult  12: 256 op, 628850250.00 ns, 2.4564 ms/op
WorkloadResult  13: 256 op, 538415250.00 ns, 2.1032 ms/op
WorkloadResult  14: 256 op, 555691650.00 ns, 2.1707 ms/op
WorkloadResult  15: 256 op, 525238350.00 ns, 2.0517 ms/op


Mean = 2.235 ms, StdErr = 0.034 ms (1.53%), N = 15, StdDev = 0.132 ms
Min = 2.040 ms, Q1 = 2.132 ms, Median = 2.244 ms, Q3 = 2.326 ms, Max = 2.456 ms
IQR = 0.194 ms, LowerFence = 1.842 ms, UpperFence = 2.617 ms
ConfidenceInterval = [2.094 ms; 2.377 ms] (CI 99.9%), Margin = 0.141 ms (6.32% of Mean)
Skewness = 0.04, Kurtosis = 1.58, MValue = 3.67

// ** Remained 17 (60.7%) benchmark(s) to run. Estimated finish 2026-09-09 16:29 (0h 4m from now) **
Setup power plan (GUID: 8c5e7fda-e8bf-4a96-9a85-a6e23a8c635c FriendlyName: High performance)
// **************************
// Benchmark: CardBattleEngineBenchmark.EngineIterateActions: Job-ERIHKH(Toolchain=InProcessNoEmitToolchain, IterationCount=15, LaunchCount=1, WarmupCount=3) [EntityCount=3, MaxDepth=4]
// *** Execute ***
// Launch: 1 / 1

// Benchmark Process Environment Information:
// BenchmarkDotNet v0.15.8
// Runtime=.NET 8.0.28 (8.0.28, 8.0.2826.26413), X64 RyuJIT x86-64-v3
// GC=Concurrent Workstation
// HardwareIntrinsics=AVX2+BMI1+BMI2+F16C+FMA+LZCNT+MOVBE,AVX,SSE3+SSSE3+SSE4.1+SSE4.2+POPCNT,X86Base+SSE+SSE2,AES+PCLMUL,AvxVnni,SERIALIZE VectorSize=256
// Job: Job-ERIHKH(Toolchain=InProcessNoEmitToolchain, IterationCount=15, LaunchCount=1, WarmupCount=3)

OverheadJitting  1: 1 op, 400.00 ns, 400.0000 ns/op
WorkloadJitting  1: 1 op, 2428200.00 ns, 2.4282 ms/op

OverheadJitting  2: 16 op, 400.00 ns, 25.0000 ns/op
WorkloadJitting  2: 16 op, 49872400.00 ns, 3.1170 ms/op

WorkloadPilot    1: 16 op, 49975500.00 ns, 3.1235 ms/op
WorkloadPilot    2: 32 op, 86155400.00 ns, 2.6924 ms/op
WorkloadPilot    3: 64 op, 168087700.00 ns, 2.6264 ms/op
WorkloadPilot    4: 128 op, 359111100.00 ns, 2.8056 ms/op
WorkloadPilot    5: 256 op, 708034900.00 ns, 2.7658 ms/op

OverheadWarmup   1: 256 op, 1300.00 ns, 5.0781 ns/op
OverheadWarmup   2: 256 op, 900.00 ns, 3.5156 ns/op
OverheadWarmup   3: 256 op, 1000.00 ns, 3.9063 ns/op
OverheadWarmup   4: 256 op, 900.00 ns, 3.5156 ns/op
OverheadWarmup   5: 256 op, 1000.00 ns, 3.9063 ns/op
OverheadWarmup   6: 256 op, 900.00 ns, 3.5156 ns/op

OverheadActual   1: 256 op, 1200.00 ns, 4.6875 ns/op
OverheadActual   2: 256 op, 1200.00 ns, 4.6875 ns/op
OverheadActual   3: 256 op, 1100.00 ns, 4.2969 ns/op
OverheadActual   4: 256 op, 1200.00 ns, 4.6875 ns/op
OverheadActual   5: 256 op, 900.00 ns, 3.5156 ns/op
OverheadActual   6: 256 op, 1100.00 ns, 4.2969 ns/op
OverheadActual   7: 256 op, 1000.00 ns, 3.9063 ns/op
OverheadActual   8: 256 op, 1100.00 ns, 4.2969 ns/op
OverheadActual   9: 256 op, 1000.00 ns, 3.9063 ns/op
OverheadActual  10: 256 op, 1300.00 ns, 5.0781 ns/op
OverheadActual  11: 256 op, 1000.00 ns, 3.9063 ns/op
OverheadActual  12: 256 op, 900.00 ns, 3.5156 ns/op
OverheadActual  13: 256 op, 1100.00 ns, 4.2969 ns/op
OverheadActual  14: 256 op, 1100.00 ns, 4.2969 ns/op
OverheadActual  15: 256 op, 1000.00 ns, 3.9063 ns/op
OverheadActual  16: 256 op, 1100.00 ns, 4.2969 ns/op
OverheadActual  17: 256 op, 800.00 ns, 3.1250 ns/op
OverheadActual  18: 256 op, 1000.00 ns, 3.9063 ns/op
OverheadActual  19: 256 op, 1100.00 ns, 4.2969 ns/op
OverheadActual  20: 256 op, 900.00 ns, 3.5156 ns/op

WorkloadWarmup   1: 256 op, 714304900.00 ns, 2.7903 ms/op
WorkloadWarmup   2: 256 op, 794062000.00 ns, 3.1018 ms/op
WorkloadWarmup   3: 256 op, 811905400.00 ns, 3.1715 ms/op

WorkloadActual   1: 256 op, 753564700.00 ns, 2.9436 ms/op
WorkloadActual   2: 256 op, 732450400.00 ns, 2.8611 ms/op
WorkloadActual   3: 256 op, 759122900.00 ns, 2.9653 ms/op
WorkloadActual   4: 256 op, 825767400.00 ns, 3.2257 ms/op
WorkloadActual   5: 256 op, 771602700.00 ns, 3.0141 ms/op
WorkloadActual   6: 256 op, 762451600.00 ns, 2.9783 ms/op
WorkloadActual   7: 256 op, 712158400.00 ns, 2.7819 ms/op
WorkloadActual   8: 256 op, 771914500.00 ns, 3.0153 ms/op
WorkloadActual   9: 256 op, 761830200.00 ns, 2.9759 ms/op
WorkloadActual  10: 256 op, 694119400.00 ns, 2.7114 ms/op
WorkloadActual  11: 256 op, 733289700.00 ns, 2.8644 ms/op
WorkloadActual  12: 256 op, 742551200.00 ns, 2.9006 ms/op
WorkloadActual  13: 256 op, 683876300.00 ns, 2.6714 ms/op
WorkloadActual  14: 256 op, 741325200.00 ns, 2.8958 ms/op
WorkloadActual  15: 256 op, 705056400.00 ns, 2.7541 ms/op

WorkloadResult   1: 256 op, 753563600.00 ns, 2.9436 ms/op
WorkloadResult   2: 256 op, 732449300.00 ns, 2.8611 ms/op
WorkloadResult   3: 256 op, 759121800.00 ns, 2.9653 ms/op
WorkloadResult   4: 256 op, 771601600.00 ns, 3.0141 ms/op
WorkloadResult   5: 256 op, 762450500.00 ns, 2.9783 ms/op
WorkloadResult   6: 256 op, 712157300.00 ns, 2.7819 ms/op
WorkloadResult   7: 256 op, 771913400.00 ns, 3.0153 ms/op
WorkloadResult   8: 256 op, 761829100.00 ns, 2.9759 ms/op
WorkloadResult   9: 256 op, 694118300.00 ns, 2.7114 ms/op
WorkloadResult  10: 256 op, 733288600.00 ns, 2.8644 ms/op
WorkloadResult  11: 256 op, 742550100.00 ns, 2.9006 ms/op
WorkloadResult  12: 256 op, 683875200.00 ns, 2.6714 ms/op
WorkloadResult  13: 256 op, 741324100.00 ns, 2.8958 ms/op
WorkloadResult  14: 256 op, 705055300.00 ns, 2.7541 ms/op


Mean = 2.881 ms, StdErr = 0.030 ms (1.05%), N = 14, StdDev = 0.113 ms
Min = 2.671 ms, Q1 = 2.802 ms, Median = 2.898 ms, Q3 = 2.973 ms, Max = 3.015 ms
IQR = 0.172 ms, LowerFence = 2.544 ms, UpperFence = 3.231 ms
ConfidenceInterval = [2.754 ms; 3.008 ms] (CI 99.9%), Margin = 0.127 ms (4.41% of Mean)
Skewness = -0.48, Kurtosis = 1.76, MValue = 3

// ** Remained 16 (57.1%) benchmark(s) to run. Estimated finish 2026-09-09 16:29 (0h 4m from now) **
Setup power plan (GUID: 8c5e7fda-e8bf-4a96-9a85-a6e23a8c635c FriendlyName: High performance)
// **************************
// Benchmark: CardBattleEngineBenchmark.EngineIterateActions: Job-ERIHKH(Toolchain=InProcessNoEmitToolchain, IterationCount=15, LaunchCount=1, WarmupCount=3) [EntityCount=4, MaxDepth=1]
// *** Execute ***
// Launch: 1 / 1

// Benchmark Process Environment Information:
// BenchmarkDotNet v0.15.8
// Runtime=.NET 8.0.28 (8.0.28, 8.0.2826.26413), X64 RyuJIT x86-64-v3
// GC=Concurrent Workstation
// HardwareIntrinsics=AVX2+BMI1+BMI2+F16C+FMA+LZCNT+MOVBE,AVX,SSE3+SSSE3+SSE4.1+SSE4.2+POPCNT,X86Base+SSE+SSE2,AES+PCLMUL,AvxVnni,SERIALIZE VectorSize=256
// Job: Job-ERIHKH(Toolchain=InProcessNoEmitToolchain, IterationCount=15, LaunchCount=1, WarmupCount=3)

OverheadJitting  1: 1 op, 200.00 ns, 200.0000 ns/op
WorkloadJitting  1: 1 op, 752300.00 ns, 752.3000 us/op

OverheadJitting  2: 16 op, 500.00 ns, 31.2500 ns/op
WorkloadJitting  2: 16 op, 13100800.00 ns, 818.8000 us/op

WorkloadPilot    1: 16 op, 12785300.00 ns, 799.0813 us/op
WorkloadPilot    2: 32 op, 22959000.00 ns, 717.4688 us/op
WorkloadPilot    3: 64 op, 50564900.00 ns, 790.0766 us/op
WorkloadPilot    4: 128 op, 99769100.00 ns, 779.4461 us/op
WorkloadPilot    5: 256 op, 186315000.00 ns, 727.7930 us/op
WorkloadPilot    6: 512 op, 416100100.00 ns, 812.6955 us/op
WorkloadPilot    7: 1024 op, 786432400.00 ns, 768.0004 us/op

OverheadWarmup   1: 1024 op, 3400.00 ns, 3.3203 ns/op
OverheadWarmup   2: 1024 op, 3100.00 ns, 3.0273 ns/op
OverheadWarmup   3: 1024 op, 3200.00 ns, 3.1250 ns/op
OverheadWarmup   4: 1024 op, 3200.00 ns, 3.1250 ns/op
OverheadWarmup   5: 1024 op, 3200.00 ns, 3.1250 ns/op
OverheadWarmup   6: 1024 op, 3200.00 ns, 3.1250 ns/op

OverheadActual   1: 1024 op, 3200.00 ns, 3.1250 ns/op
OverheadActual   2: 1024 op, 3100.00 ns, 3.0273 ns/op
OverheadActual   3: 1024 op, 3000.00 ns, 2.9297 ns/op
OverheadActual   4: 1024 op, 3000.00 ns, 2.9297 ns/op
OverheadActual   5: 1024 op, 3000.00 ns, 2.9297 ns/op
OverheadActual   6: 1024 op, 2900.00 ns, 2.8320 ns/op
OverheadActual   7: 1024 op, 2900.00 ns, 2.8320 ns/op
OverheadActual   8: 1024 op, 2900.00 ns, 2.8320 ns/op
OverheadActual   9: 1024 op, 3000.00 ns, 2.9297 ns/op
OverheadActual  10: 1024 op, 2900.00 ns, 2.8320 ns/op
OverheadActual  11: 1024 op, 3000.00 ns, 2.9297 ns/op
OverheadActual  12: 1024 op, 2900.00 ns, 2.8320 ns/op
OverheadActual  13: 1024 op, 3000.00 ns, 2.9297 ns/op
OverheadActual  14: 1024 op, 2900.00 ns, 2.8320 ns/op
OverheadActual  15: 1024 op, 3000.00 ns, 2.9297 ns/op

WorkloadWarmup   1: 1024 op, 806950100.00 ns, 788.0372 us/op
WorkloadWarmup   2: 1024 op, 861519300.00 ns, 841.3274 us/op
WorkloadWarmup   3: 1024 op, 768497200.00 ns, 750.4855 us/op

WorkloadActual   1: 1024 op, 811335800.00 ns, 792.3201 us/op
WorkloadActual   2: 1024 op, 827019200.00 ns, 807.6359 us/op
WorkloadActual   3: 1024 op, 781702300.00 ns, 763.3812 us/op
WorkloadActual   4: 1024 op, 928026700.00 ns, 906.2761 us/op
WorkloadActual   5: 1024 op, 888315700.00 ns, 867.4958 us/op
WorkloadActual   6: 1024 op, 805621800.00 ns, 786.7400 us/op
WorkloadActual   7: 1024 op, 843515500.00 ns, 823.7456 us/op
WorkloadActual   8: 1024 op, 781389500.00 ns, 763.0757 us/op
WorkloadActual   9: 1024 op, 831664900.00 ns, 812.1728 us/op
WorkloadActual  10: 1024 op, 813379400.00 ns, 794.3158 us/op
WorkloadActual  11: 1024 op, 915692500.00 ns, 894.2310 us/op
WorkloadActual  12: 1024 op, 808004000.00 ns, 789.0664 us/op
WorkloadActual  13: 1024 op, 787497600.00 ns, 769.0406 us/op
WorkloadActual  14: 1024 op, 767928300.00 ns, 749.9300 us/op
WorkloadActual  15: 1024 op, 804363600.00 ns, 785.5113 us/op

WorkloadResult   1: 1024 op, 811332800.00 ns, 792.3172 us/op
WorkloadResult   2: 1024 op, 827016200.00 ns, 807.6330 us/op
WorkloadResult   3: 1024 op, 781699300.00 ns, 763.3782 us/op
WorkloadResult   4: 1024 op, 888312700.00 ns, 867.4929 us/op
WorkloadResult   5: 1024 op, 805618800.00 ns, 786.7371 us/op
WorkloadResult   6: 1024 op, 843512500.00 ns, 823.7427 us/op
WorkloadResult   7: 1024 op, 781386500.00 ns, 763.0728 us/op
WorkloadResult   8: 1024 op, 831661900.00 ns, 812.1698 us/op
WorkloadResult   9: 1024 op, 813376400.00 ns, 794.3129 us/op
WorkloadResult  10: 1024 op, 808001000.00 ns, 789.0635 us/op
WorkloadResult  11: 1024 op, 787494600.00 ns, 769.0377 us/op
WorkloadResult  12: 1024 op, 767925300.00 ns, 749.9271 us/op
WorkloadResult  13: 1024 op, 804360600.00 ns, 785.5084 us/op


Mean = 792.646 μs, StdErr = 8.545 μs (1.08%), N = 13, StdDev = 30.808 μs
Min = 749.927 μs, Q1 = 769.038 μs, Median = 789.063 μs, Q3 = 807.633 μs, Max = 867.493 μs
IQR = 38.595 μs, LowerFence = 711.145 μs, UpperFence = 865.526 μs
ConfidenceInterval = [755.751 μs; 829.540 μs] (CI 99.9%), Margin = 36.894 μs (4.65% of Mean)
Skewness = 0.84, Kurtosis = 3.22, MValue = 2

// ** Remained 15 (53.6%) benchmark(s) to run. Estimated finish 2026-09-09 16:29 (0h 3m from now) **
Setup power plan (GUID: 8c5e7fda-e8bf-4a96-9a85-a6e23a8c635c FriendlyName: High performance)
// **************************
// Benchmark: CardBattleEngineBenchmark.EngineIterateActions: Job-ERIHKH(Toolchain=InProcessNoEmitToolchain, IterationCount=15, LaunchCount=1, WarmupCount=3) [EntityCount=4, MaxDepth=2]
// *** Execute ***
// Launch: 1 / 1

// Benchmark Process Environment Information:
// BenchmarkDotNet v0.15.8
// Runtime=.NET 8.0.28 (8.0.28, 8.0.2826.26413), X64 RyuJIT x86-64-v3
// GC=Concurrent Workstation
// HardwareIntrinsics=AVX2+BMI1+BMI2+F16C+FMA+LZCNT+MOVBE,AVX,SSE3+SSSE3+SSE4.1+SSE4.2+POPCNT,X86Base+SSE+SSE2,AES+PCLMUL,AvxVnni,SERIALIZE VectorSize=256
// Job: Job-ERIHKH(Toolchain=InProcessNoEmitToolchain, IterationCount=15, LaunchCount=1, WarmupCount=3)

OverheadJitting  1: 1 op, 600.00 ns, 600.0000 ns/op
WorkloadJitting  1: 1 op, 5199600.00 ns, 5.1996 ms/op

OverheadJitting  2: 16 op, 700.00 ns, 43.7500 ns/op
WorkloadJitting  2: 16 op, 72199900.00 ns, 4.5125 ms/op

WorkloadPilot    1: 16 op, 72387800.00 ns, 4.5242 ms/op
WorkloadPilot    2: 32 op, 152233800.00 ns, 4.7573 ms/op
WorkloadPilot    3: 64 op, 277564700.00 ns, 4.3369 ms/op
WorkloadPilot    4: 128 op, 519357100.00 ns, 4.0575 ms/op

OverheadWarmup   1: 128 op, 800.00 ns, 6.2500 ns/op
OverheadWarmup   2: 128 op, 900.00 ns, 7.0313 ns/op
OverheadWarmup   3: 128 op, 900.00 ns, 7.0313 ns/op
OverheadWarmup   4: 128 op, 900.00 ns, 7.0313 ns/op
OverheadWarmup   5: 128 op, 700.00 ns, 5.4688 ns/op

OverheadActual   1: 128 op, 700.00 ns, 5.4688 ns/op
OverheadActual   2: 128 op, 700.00 ns, 5.4688 ns/op
OverheadActual   3: 128 op, 900.00 ns, 7.0313 ns/op
OverheadActual   4: 128 op, 1100.00 ns, 8.5938 ns/op
OverheadActual   5: 128 op, 600.00 ns, 4.6875 ns/op
OverheadActual   6: 128 op, 600.00 ns, 4.6875 ns/op
OverheadActual   7: 128 op, 1200.00 ns, 9.3750 ns/op
OverheadActual   8: 128 op, 700.00 ns, 5.4688 ns/op
OverheadActual   9: 128 op, 700.00 ns, 5.4688 ns/op
OverheadActual  10: 128 op, 700.00 ns, 5.4688 ns/op
OverheadActual  11: 128 op, 700.00 ns, 5.4688 ns/op
OverheadActual  12: 128 op, 600.00 ns, 4.6875 ns/op
OverheadActual  13: 128 op, 600.00 ns, 4.6875 ns/op
OverheadActual  14: 128 op, 600.00 ns, 4.6875 ns/op
OverheadActual  15: 128 op, 600.00 ns, 4.6875 ns/op
OverheadActual  16: 128 op, 600.00 ns, 4.6875 ns/op
OverheadActual  17: 128 op, 600.00 ns, 4.6875 ns/op
OverheadActual  18: 128 op, 700.00 ns, 5.4688 ns/op
OverheadActual  19: 128 op, 1100.00 ns, 8.5938 ns/op
OverheadActual  20: 128 op, 700.00 ns, 5.4688 ns/op

WorkloadWarmup   1: 128 op, 609180700.00 ns, 4.7592 ms/op
WorkloadWarmup   2: 128 op, 535166100.00 ns, 4.1810 ms/op
WorkloadWarmup   3: 128 op, 511192400.00 ns, 3.9937 ms/op

WorkloadActual   1: 128 op, 518451100.00 ns, 4.0504 ms/op
WorkloadActual   2: 128 op, 642079600.00 ns, 5.0162 ms/op
WorkloadActual   3: 128 op, 598513700.00 ns, 4.6759 ms/op
WorkloadActual   4: 128 op, 588824100.00 ns, 4.6002 ms/op
WorkloadActual   5: 128 op, 623390600.00 ns, 4.8702 ms/op
WorkloadActual   6: 128 op, 625071000.00 ns, 4.8834 ms/op
WorkloadActual   7: 128 op, 558672000.00 ns, 4.3646 ms/op
WorkloadActual   8: 128 op, 509991700.00 ns, 3.9843 ms/op
WorkloadActual   9: 128 op, 564985400.00 ns, 4.4139 ms/op
WorkloadActual  10: 128 op, 514480400.00 ns, 4.0194 ms/op
WorkloadActual  11: 128 op, 513148900.00 ns, 4.0090 ms/op
WorkloadActual  12: 128 op, 527584300.00 ns, 4.1218 ms/op
WorkloadActual  13: 128 op, 546843600.00 ns, 4.2722 ms/op
WorkloadActual  14: 128 op, 555573100.00 ns, 4.3404 ms/op
WorkloadActual  15: 128 op, 519917200.00 ns, 4.0619 ms/op

WorkloadResult   1: 128 op, 518450400.00 ns, 4.0504 ms/op
WorkloadResult   2: 128 op, 642078900.00 ns, 5.0162 ms/op
WorkloadResult   3: 128 op, 598513000.00 ns, 4.6759 ms/op
WorkloadResult   4: 128 op, 588823400.00 ns, 4.6002 ms/op
WorkloadResult   5: 128 op, 623389900.00 ns, 4.8702 ms/op
WorkloadResult   6: 128 op, 625070300.00 ns, 4.8834 ms/op
WorkloadResult   7: 128 op, 558671300.00 ns, 4.3646 ms/op
WorkloadResult   8: 128 op, 509991000.00 ns, 3.9843 ms/op
WorkloadResult   9: 128 op, 564984700.00 ns, 4.4139 ms/op
WorkloadResult  10: 128 op, 514479700.00 ns, 4.0194 ms/op
WorkloadResult  11: 128 op, 513148200.00 ns, 4.0090 ms/op
WorkloadResult  12: 128 op, 527583600.00 ns, 4.1217 ms/op
WorkloadResult  13: 128 op, 546842900.00 ns, 4.2722 ms/op
WorkloadResult  14: 128 op, 555572400.00 ns, 4.3404 ms/op
WorkloadResult  15: 128 op, 519916500.00 ns, 4.0618 ms/op


Mean = 4.379 ms, StdErr = 0.091 ms (2.08%), N = 15, StdDev = 0.354 ms
Min = 3.984 ms, Q1 = 4.056 ms, Median = 4.340 ms, Q3 = 4.638 ms, Max = 5.016 ms
IQR = 0.582 ms, LowerFence = 3.183 ms, UpperFence = 5.511 ms
ConfidenceInterval = [4.001 ms; 4.757 ms] (CI 99.9%), Margin = 0.378 ms (8.63% of Mean)
Skewness = 0.45, Kurtosis = 1.64, MValue = 2.75

// ** Remained 14 (50.0%) benchmark(s) to run. Estimated finish 2026-09-09 16:29 (0h 3m from now) **
Setup power plan (GUID: 8c5e7fda-e8bf-4a96-9a85-a6e23a8c635c FriendlyName: High performance)
// **************************
// Benchmark: CardBattleEngineBenchmark.EngineIterateActions: Job-ERIHKH(Toolchain=InProcessNoEmitToolchain, IterationCount=15, LaunchCount=1, WarmupCount=3) [EntityCount=4, MaxDepth=3]
// *** Execute ***
// Launch: 1 / 1

// Benchmark Process Environment Information:
// BenchmarkDotNet v0.15.8
// Runtime=.NET 8.0.28 (8.0.28, 8.0.2826.26413), X64 RyuJIT x86-64-v3
// GC=Concurrent Workstation
// HardwareIntrinsics=AVX2+BMI1+BMI2+F16C+FMA+LZCNT+MOVBE,AVX,SSE3+SSSE3+SSE4.1+SSE4.2+POPCNT,X86Base+SSE+SSE2,AES+PCLMUL,AvxVnni,SERIALIZE VectorSize=256
// Job: Job-ERIHKH(Toolchain=InProcessNoEmitToolchain, IterationCount=15, LaunchCount=1, WarmupCount=3)

OverheadJitting  1: 1 op, 500.00 ns, 500.0000 ns/op
WorkloadJitting  1: 1 op, 6857300.00 ns, 6.8573 ms/op

OverheadJitting  2: 16 op, 500.00 ns, 31.2500 ns/op
WorkloadJitting  2: 16 op, 107143400.00 ns, 6.6965 ms/op

WorkloadPilot    1: 16 op, 117760100.00 ns, 7.3600 ms/op
WorkloadPilot    2: 32 op, 232410400.00 ns, 7.2628 ms/op
WorkloadPilot    3: 64 op, 474961100.00 ns, 7.4213 ms/op
WorkloadPilot    4: 128 op, 893442300.00 ns, 6.9800 ms/op

OverheadWarmup   1: 128 op, 700.00 ns, 5.4688 ns/op
OverheadWarmup   2: 128 op, 500.00 ns, 3.9063 ns/op
OverheadWarmup   3: 128 op, 500.00 ns, 3.9063 ns/op
OverheadWarmup   4: 128 op, 800.00 ns, 6.2500 ns/op
OverheadWarmup   5: 128 op, 600.00 ns, 4.6875 ns/op
OverheadWarmup   6: 128 op, 500.00 ns, 3.9063 ns/op
OverheadWarmup   7: 128 op, 600.00 ns, 4.6875 ns/op

OverheadActual   1: 128 op, 600.00 ns, 4.6875 ns/op
OverheadActual   2: 128 op, 600.00 ns, 4.6875 ns/op
OverheadActual   3: 128 op, 600.00 ns, 4.6875 ns/op
OverheadActual   4: 128 op, 600.00 ns, 4.6875 ns/op
OverheadActual   5: 128 op, 600.00 ns, 4.6875 ns/op
OverheadActual   6: 128 op, 700.00 ns, 5.4688 ns/op
OverheadActual   7: 128 op, 700.00 ns, 5.4688 ns/op
OverheadActual   8: 128 op, 600.00 ns, 4.6875 ns/op
OverheadActual   9: 128 op, 700.00 ns, 5.4688 ns/op
OverheadActual  10: 128 op, 700.00 ns, 5.4688 ns/op
OverheadActual  11: 128 op, 700.00 ns, 5.4688 ns/op
OverheadActual  12: 128 op, 600.00 ns, 4.6875 ns/op
OverheadActual  13: 128 op, 600.00 ns, 4.6875 ns/op
OverheadActual  14: 128 op, 600.00 ns, 4.6875 ns/op
OverheadActual  15: 128 op, 600.00 ns, 4.6875 ns/op
OverheadActual  16: 128 op, 600.00 ns, 4.6875 ns/op
OverheadActual  17: 128 op, 700.00 ns, 5.4688 ns/op
OverheadActual  18: 128 op, 600.00 ns, 4.6875 ns/op
OverheadActual  19: 128 op, 600.00 ns, 4.6875 ns/op
OverheadActual  20: 128 op, 600.00 ns, 4.6875 ns/op

WorkloadWarmup   1: 128 op, 927285000.00 ns, 7.2444 ms/op
WorkloadWarmup   2: 128 op, 882426200.00 ns, 6.8940 ms/op
WorkloadWarmup   3: 128 op, 890865300.00 ns, 6.9599 ms/op

WorkloadActual   1: 128 op, 899995300.00 ns, 7.0312 ms/op
WorkloadActual   2: 128 op, 896082400.00 ns, 7.0006 ms/op
WorkloadActual   3: 128 op, 912023700.00 ns, 7.1252 ms/op
WorkloadActual   4: 128 op, 959239600.00 ns, 7.4941 ms/op
WorkloadActual   5: 128 op, 1097681000.00 ns, 8.5756 ms/op
WorkloadActual   6: 128 op, 988869100.00 ns, 7.7255 ms/op
WorkloadActual   7: 128 op, 924847800.00 ns, 7.2254 ms/op
WorkloadActual   8: 128 op, 1422756700.00 ns, 11.1153 ms/op
WorkloadActual   9: 128 op, 1081018000.00 ns, 8.4455 ms/op
WorkloadActual  10: 128 op, 1086690700.00 ns, 8.4898 ms/op
WorkloadActual  11: 128 op, 881671500.00 ns, 6.8881 ms/op
WorkloadActual  12: 128 op, 956568200.00 ns, 7.4732 ms/op
WorkloadActual  13: 128 op, 866528800.00 ns, 6.7698 ms/op
WorkloadActual  14: 128 op, 952555600.00 ns, 7.4418 ms/op
WorkloadActual  15: 128 op, 1097971600.00 ns, 8.5779 ms/op

WorkloadResult   1: 128 op, 899994700.00 ns, 7.0312 ms/op
WorkloadResult   2: 128 op, 896081800.00 ns, 7.0006 ms/op
WorkloadResult   3: 128 op, 912023100.00 ns, 7.1252 ms/op
WorkloadResult   4: 128 op, 959239000.00 ns, 7.4941 ms/op
WorkloadResult   5: 128 op, 1097680400.00 ns, 8.5756 ms/op
WorkloadResult   6: 128 op, 988868500.00 ns, 7.7255 ms/op
WorkloadResult   7: 128 op, 924847200.00 ns, 7.2254 ms/op
WorkloadResult   8: 128 op, 1081017400.00 ns, 8.4454 ms/op
WorkloadResult   9: 128 op, 1086690100.00 ns, 8.4898 ms/op
WorkloadResult  10: 128 op, 881670900.00 ns, 6.8881 ms/op
WorkloadResult  11: 128 op, 956567600.00 ns, 7.4732 ms/op
WorkloadResult  12: 128 op, 866528200.00 ns, 6.7698 ms/op
WorkloadResult  13: 128 op, 952555000.00 ns, 7.4418 ms/op
WorkloadResult  14: 128 op, 1097971000.00 ns, 8.5779 ms/op


Mean = 7.590 ms, StdErr = 0.177 ms (2.34%), N = 14, StdDev = 0.664 ms
Min = 6.770 ms, Q1 = 7.055 ms, Median = 7.458 ms, Q3 = 8.265 ms, Max = 8.578 ms
IQR = 1.211 ms, LowerFence = 5.239 ms, UpperFence = 10.082 ms
ConfidenceInterval = [6.842 ms; 8.339 ms] (CI 99.9%), Margin = 0.749 ms (9.86% of Mean)
Skewness = 0.45, Kurtosis = 1.5, MValue = 2.75

// ** Remained 13 (46.4%) benchmark(s) to run. Estimated finish 2026-09-09 16:29 (0h 3m from now) **
Setup power plan (GUID: 8c5e7fda-e8bf-4a96-9a85-a6e23a8c635c FriendlyName: High performance)
// **************************
// Benchmark: CardBattleEngineBenchmark.EngineIterateActions: Job-ERIHKH(Toolchain=InProcessNoEmitToolchain, IterationCount=15, LaunchCount=1, WarmupCount=3) [EntityCount=4, MaxDepth=4]
// *** Execute ***
// Launch: 1 / 1

// Benchmark Process Environment Information:
// BenchmarkDotNet v0.15.8
// Runtime=.NET 8.0.28 (8.0.28, 8.0.2826.26413), X64 RyuJIT x86-64-v3
// GC=Concurrent Workstation
// HardwareIntrinsics=AVX2+BMI1+BMI2+F16C+FMA+LZCNT+MOVBE,AVX,SSE3+SSSE3+SSE4.1+SSE4.2+POPCNT,X86Base+SSE+SSE2,AES+PCLMUL,AvxVnni,SERIALIZE VectorSize=256
// Job: Job-ERIHKH(Toolchain=InProcessNoEmitToolchain, IterationCount=15, LaunchCount=1, WarmupCount=3)

OverheadJitting  1: 1 op, 500.00 ns, 500.0000 ns/op
WorkloadJitting  1: 1 op, 11255100.00 ns, 11.2551 ms/op

OverheadJitting  2: 16 op, 500.00 ns, 31.2500 ns/op
WorkloadJitting  2: 16 op, 163026300.00 ns, 10.1891 ms/op

WorkloadPilot    1: 16 op, 171899500.00 ns, 10.7437 ms/op
WorkloadPilot    2: 32 op, 305108600.00 ns, 9.5346 ms/op
WorkloadPilot    3: 64 op, 575261700.00 ns, 8.9885 ms/op

OverheadWarmup   1: 64 op, 700.00 ns, 10.9375 ns/op
OverheadWarmup   2: 64 op, 500.00 ns, 7.8125 ns/op
OverheadWarmup   3: 64 op, 500.00 ns, 7.8125 ns/op
OverheadWarmup   4: 64 op, 500.00 ns, 7.8125 ns/op
OverheadWarmup   5: 64 op, 800.00 ns, 12.5000 ns/op
OverheadWarmup   6: 64 op, 600.00 ns, 9.3750 ns/op

OverheadActual   1: 64 op, 500.00 ns, 7.8125 ns/op
OverheadActual   2: 64 op, 600.00 ns, 9.3750 ns/op
OverheadActual   3: 64 op, 600.00 ns, 9.3750 ns/op
OverheadActual   4: 64 op, 500.00 ns, 7.8125 ns/op
OverheadActual   5: 64 op, 500.00 ns, 7.8125 ns/op
OverheadActual   6: 64 op, 500.00 ns, 7.8125 ns/op
OverheadActual   7: 64 op, 500.00 ns, 7.8125 ns/op
OverheadActual   8: 64 op, 600.00 ns, 9.3750 ns/op
OverheadActual   9: 64 op, 600.00 ns, 9.3750 ns/op
OverheadActual  10: 64 op, 700.00 ns, 10.9375 ns/op
OverheadActual  11: 64 op, 600.00 ns, 9.3750 ns/op
OverheadActual  12: 64 op, 500.00 ns, 7.8125 ns/op
OverheadActual  13: 64 op, 600.00 ns, 9.3750 ns/op
OverheadActual  14: 64 op, 600.00 ns, 9.3750 ns/op
OverheadActual  15: 64 op, 600.00 ns, 9.3750 ns/op
OverheadActual  16: 64 op, 600.00 ns, 9.3750 ns/op
OverheadActual  17: 64 op, 500.00 ns, 7.8125 ns/op
OverheadActual  18: 64 op, 500.00 ns, 7.8125 ns/op
OverheadActual  19: 64 op, 600.00 ns, 9.3750 ns/op
OverheadActual  20: 64 op, 500.00 ns, 7.8125 ns/op

WorkloadWarmup   1: 64 op, 590252600.00 ns, 9.2227 ms/op
WorkloadWarmup   2: 64 op, 594348500.00 ns, 9.2867 ms/op
WorkloadWarmup   3: 64 op, 596807000.00 ns, 9.3251 ms/op

WorkloadActual   1: 64 op, 581984600.00 ns, 9.0935 ms/op
WorkloadActual   2: 64 op, 571871200.00 ns, 8.9355 ms/op
WorkloadActual   3: 64 op, 610354200.00 ns, 9.5368 ms/op
WorkloadActual   4: 64 op, 566848700.00 ns, 8.8570 ms/op
WorkloadActual   5: 64 op, 563359400.00 ns, 8.8025 ms/op
WorkloadActual   6: 64 op, 586869200.00 ns, 9.1698 ms/op
WorkloadActual   7: 64 op, 617985300.00 ns, 9.6560 ms/op
WorkloadActual   8: 64 op, 560220900.00 ns, 8.7535 ms/op
WorkloadActual   9: 64 op, 587120900.00 ns, 9.1738 ms/op
WorkloadActual  10: 64 op, 675088800.00 ns, 10.5483 ms/op
WorkloadActual  11: 64 op, 632537000.00 ns, 9.8834 ms/op
WorkloadActual  12: 64 op, 594522200.00 ns, 9.2894 ms/op
WorkloadActual  13: 64 op, 632731300.00 ns, 9.8864 ms/op
WorkloadActual  14: 64 op, 625875500.00 ns, 9.7793 ms/op
WorkloadActual  15: 64 op, 604702800.00 ns, 9.4485 ms/op

WorkloadResult   1: 64 op, 581984000.00 ns, 9.0935 ms/op
WorkloadResult   2: 64 op, 571870600.00 ns, 8.9355 ms/op
WorkloadResult   3: 64 op, 610353600.00 ns, 9.5368 ms/op
WorkloadResult   4: 64 op, 566848100.00 ns, 8.8570 ms/op
WorkloadResult   5: 64 op, 563358800.00 ns, 8.8025 ms/op
WorkloadResult   6: 64 op, 586868600.00 ns, 9.1698 ms/op
WorkloadResult   7: 64 op, 617984700.00 ns, 9.6560 ms/op
WorkloadResult   8: 64 op, 560220300.00 ns, 8.7534 ms/op
WorkloadResult   9: 64 op, 587120300.00 ns, 9.1738 ms/op
WorkloadResult  10: 64 op, 675088200.00 ns, 10.5483 ms/op
WorkloadResult  11: 64 op, 632536400.00 ns, 9.8834 ms/op
WorkloadResult  12: 64 op, 594521600.00 ns, 9.2894 ms/op
WorkloadResult  13: 64 op, 632730700.00 ns, 9.8864 ms/op
WorkloadResult  14: 64 op, 625874900.00 ns, 9.7793 ms/op
WorkloadResult  15: 64 op, 604702200.00 ns, 9.4485 ms/op


Mean = 9.388 ms, StdErr = 0.129 ms (1.38%), N = 15, StdDev = 0.501 ms
Min = 8.753 ms, Q1 = 9.014 ms, Median = 9.289 ms, Q3 = 9.718 ms, Max = 10.548 ms
IQR = 0.703 ms, LowerFence = 7.960 ms, UpperFence = 10.772 ms
ConfidenceInterval = [8.852 ms; 9.923 ms] (CI 99.9%), Margin = 0.536 ms (5.70% of Mean)
Skewness = 0.61, Kurtosis = 2.52, MValue = 2.29

// ** Remained 12 (42.9%) benchmark(s) to run. Estimated finish 2026-09-09 16:29 (0h 3m from now) **
Setup power plan (GUID: 8c5e7fda-e8bf-4a96-9a85-a6e23a8c635c FriendlyName: High performance)
// **************************
// Benchmark: CardBattleEngineBenchmark.EngineIterateActions: Job-ERIHKH(Toolchain=InProcessNoEmitToolchain, IterationCount=15, LaunchCount=1, WarmupCount=3) [EntityCount=5, MaxDepth=1]
// *** Execute ***
// Launch: 1 / 1

// Benchmark Process Environment Information:
// BenchmarkDotNet v0.15.8
// Runtime=.NET 8.0.28 (8.0.28, 8.0.2826.26413), X64 RyuJIT x86-64-v3
// GC=Concurrent Workstation
// HardwareIntrinsics=AVX2+BMI1+BMI2+F16C+FMA+LZCNT+MOVBE,AVX,SSE3+SSSE3+SSE4.1+SSE4.2+POPCNT,X86Base+SSE+SSE2,AES+PCLMUL,AvxVnni,SERIALIZE VectorSize=256
// Job: Job-ERIHKH(Toolchain=InProcessNoEmitToolchain, IterationCount=15, LaunchCount=1, WarmupCount=3)

OverheadJitting  1: 1 op, 300.00 ns, 300.0000 ns/op
WorkloadJitting  1: 1 op, 1283900.00 ns, 1.2839 ms/op

OverheadJitting  2: 16 op, 500.00 ns, 31.2500 ns/op
WorkloadJitting  2: 16 op, 22243400.00 ns, 1.3902 ms/op

WorkloadPilot    1: 16 op, 22917400.00 ns, 1.4323 ms/op
WorkloadPilot    2: 32 op, 42391300.00 ns, 1.3247 ms/op
WorkloadPilot    3: 64 op, 89298600.00 ns, 1.3953 ms/op
WorkloadPilot    4: 128 op, 178014700.00 ns, 1.3907 ms/op
WorkloadPilot    5: 256 op, 383752400.00 ns, 1.4990 ms/op
WorkloadPilot    6: 512 op, 708354200.00 ns, 1.3835 ms/op

OverheadWarmup   1: 512 op, 1500.00 ns, 2.9297 ns/op
OverheadWarmup   2: 512 op, 1500.00 ns, 2.9297 ns/op
OverheadWarmup   3: 512 op, 1400.00 ns, 2.7344 ns/op
OverheadWarmup   4: 512 op, 1500.00 ns, 2.9297 ns/op
OverheadWarmup   5: 512 op, 1400.00 ns, 2.7344 ns/op

OverheadActual   1: 512 op, 1400.00 ns, 2.7344 ns/op
OverheadActual   2: 512 op, 1400.00 ns, 2.7344 ns/op
OverheadActual   3: 512 op, 1500.00 ns, 2.9297 ns/op
OverheadActual   4: 512 op, 1600.00 ns, 3.1250 ns/op
OverheadActual   5: 512 op, 1500.00 ns, 2.9297 ns/op
OverheadActual   6: 512 op, 1700.00 ns, 3.3203 ns/op
OverheadActual   7: 512 op, 1500.00 ns, 2.9297 ns/op
OverheadActual   8: 512 op, 1600.00 ns, 3.1250 ns/op
OverheadActual   9: 512 op, 1600.00 ns, 3.1250 ns/op
OverheadActual  10: 512 op, 1600.00 ns, 3.1250 ns/op
OverheadActual  11: 512 op, 1600.00 ns, 3.1250 ns/op
OverheadActual  12: 512 op, 1600.00 ns, 3.1250 ns/op
OverheadActual  13: 512 op, 1600.00 ns, 3.1250 ns/op
OverheadActual  14: 512 op, 1600.00 ns, 3.1250 ns/op
OverheadActual  15: 512 op, 1700.00 ns, 3.3203 ns/op
OverheadActual  16: 512 op, 1700.00 ns, 3.3203 ns/op
OverheadActual  17: 512 op, 1600.00 ns, 3.1250 ns/op
OverheadActual  18: 512 op, 1600.00 ns, 3.1250 ns/op
OverheadActual  19: 512 op, 1600.00 ns, 3.1250 ns/op

WorkloadWarmup   1: 512 op, 688636900.00 ns, 1.3450 ms/op
WorkloadWarmup   2: 512 op, 689367100.00 ns, 1.3464 ms/op
WorkloadWarmup   3: 512 op, 684262100.00 ns, 1.3364 ms/op

WorkloadActual   1: 512 op, 680709000.00 ns, 1.3295 ms/op
WorkloadActual   2: 512 op, 675306300.00 ns, 1.3190 ms/op
WorkloadActual   3: 512 op, 701741200.00 ns, 1.3706 ms/op
WorkloadActual   4: 512 op, 690973800.00 ns, 1.3496 ms/op
WorkloadActual   5: 512 op, 762204800.00 ns, 1.4887 ms/op
WorkloadActual   6: 512 op, 720312600.00 ns, 1.4069 ms/op
WorkloadActual   7: 512 op, 697768300.00 ns, 1.3628 ms/op
WorkloadActual   8: 512 op, 675744500.00 ns, 1.3198 ms/op
WorkloadActual   9: 512 op, 719368400.00 ns, 1.4050 ms/op
WorkloadActual  10: 512 op, 714319500.00 ns, 1.3952 ms/op
WorkloadActual  11: 512 op, 689762600.00 ns, 1.3472 ms/op
WorkloadActual  12: 512 op, 750911100.00 ns, 1.4666 ms/op
WorkloadActual  13: 512 op, 707502500.00 ns, 1.3818 ms/op
WorkloadActual  14: 512 op, 679215500.00 ns, 1.3266 ms/op
WorkloadActual  15: 512 op, 717035800.00 ns, 1.4005 ms/op

WorkloadResult   1: 512 op, 680707400.00 ns, 1.3295 ms/op
WorkloadResult   2: 512 op, 675304700.00 ns, 1.3190 ms/op
WorkloadResult   3: 512 op, 701739600.00 ns, 1.3706 ms/op
WorkloadResult   4: 512 op, 690972200.00 ns, 1.3496 ms/op
WorkloadResult   5: 512 op, 762203200.00 ns, 1.4887 ms/op
WorkloadResult   6: 512 op, 720311000.00 ns, 1.4069 ms/op
WorkloadResult   7: 512 op, 697766700.00 ns, 1.3628 ms/op
WorkloadResult   8: 512 op, 675742900.00 ns, 1.3198 ms/op
WorkloadResult   9: 512 op, 719366800.00 ns, 1.4050 ms/op
WorkloadResult  10: 512 op, 714317900.00 ns, 1.3952 ms/op
WorkloadResult  11: 512 op, 689761000.00 ns, 1.3472 ms/op
WorkloadResult  12: 512 op, 750909500.00 ns, 1.4666 ms/op
WorkloadResult  13: 512 op, 707500900.00 ns, 1.3818 ms/op
WorkloadResult  14: 512 op, 679213900.00 ns, 1.3266 ms/op
WorkloadResult  15: 512 op, 717034200.00 ns, 1.4005 ms/op


Mean = 1.378 ms, StdErr = 0.013 ms (0.96%), N = 15, StdDev = 0.051 ms
Min = 1.319 ms, Q1 = 1.338 ms, Median = 1.371 ms, Q3 = 1.403 ms, Max = 1.489 ms
IQR = 0.064 ms, LowerFence = 1.242 ms, UpperFence = 1.499 ms
ConfidenceInterval = [1.323 ms; 1.432 ms] (CI 99.9%), Margin = 0.055 ms (3.96% of Mean)
Skewness = 0.71, Kurtosis = 2.48, MValue = 2.5

// ** Remained 11 (39.3%) benchmark(s) to run. Estimated finish 2026-09-09 16:29 (0h 2m from now) **
Setup power plan (GUID: 8c5e7fda-e8bf-4a96-9a85-a6e23a8c635c FriendlyName: High performance)
// **************************
// Benchmark: CardBattleEngineBenchmark.EngineIterateActions: Job-ERIHKH(Toolchain=InProcessNoEmitToolchain, IterationCount=15, LaunchCount=1, WarmupCount=3) [EntityCount=5, MaxDepth=2]
// *** Execute ***
// Launch: 1 / 1

// Benchmark Process Environment Information:
// BenchmarkDotNet v0.15.8
// Runtime=.NET 8.0.28 (8.0.28, 8.0.2826.26413), X64 RyuJIT x86-64-v3
// GC=Concurrent Workstation
// HardwareIntrinsics=AVX2+BMI1+BMI2+F16C+FMA+LZCNT+MOVBE,AVX,SSE3+SSSE3+SSE4.1+SSE4.2+POPCNT,X86Base+SSE+SSE2,AES+PCLMUL,AvxVnni,SERIALIZE VectorSize=256
// Job: Job-ERIHKH(Toolchain=InProcessNoEmitToolchain, IterationCount=15, LaunchCount=1, WarmupCount=3)

OverheadJitting  1: 1 op, 400.00 ns, 400.0000 ns/op
WorkloadJitting  1: 1 op, 8947800.00 ns, 8.9478 ms/op

OverheadJitting  2: 16 op, 500.00 ns, 31.2500 ns/op
WorkloadJitting  2: 16 op, 149450900.00 ns, 9.3407 ms/op

WorkloadPilot    1: 16 op, 143554400.00 ns, 8.9722 ms/op
WorkloadPilot    2: 32 op, 295267200.00 ns, 9.2271 ms/op
WorkloadPilot    3: 64 op, 585445300.00 ns, 9.1476 ms/op

OverheadWarmup   1: 64 op, 500.00 ns, 7.8125 ns/op
OverheadWarmup   2: 64 op, 500.00 ns, 7.8125 ns/op
OverheadWarmup   3: 64 op, 500.00 ns, 7.8125 ns/op
OverheadWarmup   4: 64 op, 400.00 ns, 6.2500 ns/op
OverheadWarmup   5: 64 op, 400.00 ns, 6.2500 ns/op

OverheadActual   1: 64 op, 500.00 ns, 7.8125 ns/op
OverheadActual   2: 64 op, 400.00 ns, 6.2500 ns/op
OverheadActual   3: 64 op, 400.00 ns, 6.2500 ns/op
OverheadActual   4: 64 op, 400.00 ns, 6.2500 ns/op
OverheadActual   5: 64 op, 400.00 ns, 6.2500 ns/op
OverheadActual   6: 64 op, 400.00 ns, 6.2500 ns/op
OverheadActual   7: 64 op, 500.00 ns, 7.8125 ns/op
OverheadActual   8: 64 op, 500.00 ns, 7.8125 ns/op
OverheadActual   9: 64 op, 500.00 ns, 7.8125 ns/op
OverheadActual  10: 64 op, 500.00 ns, 7.8125 ns/op
OverheadActual  11: 64 op, 500.00 ns, 7.8125 ns/op
OverheadActual  12: 64 op, 500.00 ns, 7.8125 ns/op
OverheadActual  13: 64 op, 400.00 ns, 6.2500 ns/op
OverheadActual  14: 64 op, 400.00 ns, 6.2500 ns/op
OverheadActual  15: 64 op, 600.00 ns, 9.3750 ns/op
OverheadActual  16: 64 op, 500.00 ns, 7.8125 ns/op
OverheadActual  17: 64 op, 400.00 ns, 6.2500 ns/op
OverheadActual  18: 64 op, 500.00 ns, 7.8125 ns/op
OverheadActual  19: 64 op, 500.00 ns, 7.8125 ns/op
OverheadActual  20: 64 op, 500.00 ns, 7.8125 ns/op

WorkloadWarmup   1: 64 op, 656467800.00 ns, 10.2573 ms/op
WorkloadWarmup   2: 64 op, 632763600.00 ns, 9.8869 ms/op
WorkloadWarmup   3: 64 op, 642994100.00 ns, 10.0468 ms/op

WorkloadActual   1: 64 op, 619443900.00 ns, 9.6788 ms/op
WorkloadActual   2: 64 op, 613695300.00 ns, 9.5890 ms/op
WorkloadActual   3: 64 op, 593623400.00 ns, 9.2754 ms/op
WorkloadActual   4: 64 op, 612665000.00 ns, 9.5729 ms/op
WorkloadActual   5: 64 op, 611562300.00 ns, 9.5557 ms/op
WorkloadActual   6: 64 op, 588126100.00 ns, 9.1895 ms/op
WorkloadActual   7: 64 op, 569767500.00 ns, 8.9026 ms/op
WorkloadActual   8: 64 op, 558720400.00 ns, 8.7300 ms/op
WorkloadActual   9: 64 op, 616505600.00 ns, 9.6329 ms/op
WorkloadActual  10: 64 op, 571058200.00 ns, 8.9228 ms/op
WorkloadActual  11: 64 op, 580780500.00 ns, 9.0747 ms/op
WorkloadActual  12: 64 op, 584593000.00 ns, 9.1343 ms/op
WorkloadActual  13: 64 op, 585993600.00 ns, 9.1562 ms/op
WorkloadActual  14: 64 op, 580305200.00 ns, 9.0673 ms/op
WorkloadActual  15: 64 op, 610748600.00 ns, 9.5429 ms/op

WorkloadResult   1: 64 op, 619443400.00 ns, 9.6788 ms/op
WorkloadResult   2: 64 op, 613694800.00 ns, 9.5890 ms/op
WorkloadResult   3: 64 op, 593622900.00 ns, 9.2754 ms/op
WorkloadResult   4: 64 op, 612664500.00 ns, 9.5729 ms/op
WorkloadResult   5: 64 op, 611561800.00 ns, 9.5557 ms/op
WorkloadResult   6: 64 op, 588125600.00 ns, 9.1895 ms/op
WorkloadResult   7: 64 op, 569767000.00 ns, 8.9026 ms/op
WorkloadResult   8: 64 op, 558719900.00 ns, 8.7300 ms/op
WorkloadResult   9: 64 op, 616505100.00 ns, 9.6329 ms/op
WorkloadResult  10: 64 op, 571057700.00 ns, 8.9228 ms/op
WorkloadResult  11: 64 op, 580780000.00 ns, 9.0747 ms/op
WorkloadResult  12: 64 op, 584592500.00 ns, 9.1343 ms/op
WorkloadResult  13: 64 op, 585993100.00 ns, 9.1561 ms/op
WorkloadResult  14: 64 op, 580304700.00 ns, 9.0673 ms/op
WorkloadResult  15: 64 op, 610748100.00 ns, 9.5429 ms/op


Mean = 9.268 ms, StdErr = 0.079 ms (0.85%), N = 15, StdDev = 0.306 ms
Min = 8.730 ms, Q1 = 9.071 ms, Median = 9.189 ms, Q3 = 9.564 ms, Max = 9.679 ms
IQR = 0.493 ms, LowerFence = 8.331 ms, UpperFence = 10.304 ms
ConfidenceInterval = [8.941 ms; 9.596 ms] (CI 99.9%), Margin = 0.327 ms (3.53% of Mean)
Skewness = -0.1, Kurtosis = 1.5, MValue = 3.43

// ** Remained 10 (35.7%) benchmark(s) to run. Estimated finish 2026-09-09 16:29 (0h 2m from now) **
Setup power plan (GUID: 8c5e7fda-e8bf-4a96-9a85-a6e23a8c635c FriendlyName: High performance)
// **************************
// Benchmark: CardBattleEngineBenchmark.EngineIterateActions: Job-ERIHKH(Toolchain=InProcessNoEmitToolchain, IterationCount=15, LaunchCount=1, WarmupCount=3) [EntityCount=5, MaxDepth=3]
// *** Execute ***
// Launch: 1 / 1

// Benchmark Process Environment Information:
// BenchmarkDotNet v0.15.8
// Runtime=.NET 8.0.28 (8.0.28, 8.0.2826.26413), X64 RyuJIT x86-64-v3
// GC=Concurrent Workstation
// HardwareIntrinsics=AVX2+BMI1+BMI2+F16C+FMA+LZCNT+MOVBE,AVX,SSE3+SSSE3+SSE4.1+SSE4.2+POPCNT,X86Base+SSE+SSE2,AES+PCLMUL,AvxVnni,SERIALIZE VectorSize=256
// Job: Job-ERIHKH(Toolchain=InProcessNoEmitToolchain, IterationCount=15, LaunchCount=1, WarmupCount=3)

OverheadJitting  1: 1 op, 600.00 ns, 600.0000 ns/op
WorkloadJitting  1: 1 op, 22442700.00 ns, 22.4427 ms/op

OverheadJitting  2: 16 op, 800.00 ns, 50.0000 ns/op
WorkloadJitting  2: 16 op, 384482100.00 ns, 24.0301 ms/op

WorkloadPilot    1: 16 op, 364667900.00 ns, 22.7917 ms/op
WorkloadPilot    2: 32 op, 737617900.00 ns, 23.0506 ms/op

OverheadWarmup   1: 32 op, 700.00 ns, 21.8750 ns/op
OverheadWarmup   2: 32 op, 500.00 ns, 15.6250 ns/op
OverheadWarmup   3: 32 op, 400.00 ns, 12.5000 ns/op
OverheadWarmup   4: 32 op, 400.00 ns, 12.5000 ns/op
OverheadWarmup   5: 32 op, 400.00 ns, 12.5000 ns/op
OverheadWarmup   6: 32 op, 400.00 ns, 12.5000 ns/op
OverheadWarmup   7: 32 op, 400.00 ns, 12.5000 ns/op

OverheadActual   1: 32 op, 500.00 ns, 15.6250 ns/op
OverheadActual   2: 32 op, 400.00 ns, 12.5000 ns/op
OverheadActual   3: 32 op, 500.00 ns, 15.6250 ns/op
OverheadActual   4: 32 op, 400.00 ns, 12.5000 ns/op
OverheadActual   5: 32 op, 500.00 ns, 15.6250 ns/op
OverheadActual   6: 32 op, 400.00 ns, 12.5000 ns/op
OverheadActual   7: 32 op, 500.00 ns, 15.6250 ns/op
OverheadActual   8: 32 op, 500.00 ns, 15.6250 ns/op
OverheadActual   9: 32 op, 400.00 ns, 12.5000 ns/op
OverheadActual  10: 32 op, 500.00 ns, 15.6250 ns/op
OverheadActual  11: 32 op, 500.00 ns, 15.6250 ns/op
OverheadActual  12: 32 op, 500.00 ns, 15.6250 ns/op
OverheadActual  13: 32 op, 500.00 ns, 15.6250 ns/op
OverheadActual  14: 32 op, 400.00 ns, 12.5000 ns/op
OverheadActual  15: 32 op, 400.00 ns, 12.5000 ns/op
OverheadActual  16: 32 op, 400.00 ns, 12.5000 ns/op
OverheadActual  17: 32 op, 400.00 ns, 12.5000 ns/op
OverheadActual  18: 32 op, 400.00 ns, 12.5000 ns/op
OverheadActual  19: 32 op, 400.00 ns, 12.5000 ns/op
OverheadActual  20: 32 op, 400.00 ns, 12.5000 ns/op

WorkloadWarmup   1: 32 op, 761644600.00 ns, 23.8014 ms/op
WorkloadWarmup   2: 32 op, 771739600.00 ns, 24.1169 ms/op
WorkloadWarmup   3: 32 op, 742121500.00 ns, 23.1913 ms/op

WorkloadActual   1: 32 op, 765755900.00 ns, 23.9299 ms/op
WorkloadActual   2: 32 op, 711435100.00 ns, 22.2323 ms/op
WorkloadActual   3: 32 op, 719153500.00 ns, 22.4735 ms/op
WorkloadActual   4: 32 op, 752346700.00 ns, 23.5108 ms/op
WorkloadActual   5: 32 op, 727253300.00 ns, 22.7267 ms/op
WorkloadActual   6: 32 op, 719604000.00 ns, 22.4876 ms/op
WorkloadActual   7: 32 op, 749424500.00 ns, 23.4195 ms/op
WorkloadActual   8: 32 op, 811794300.00 ns, 25.3686 ms/op
WorkloadActual   9: 32 op, 751923600.00 ns, 23.4976 ms/op
WorkloadActual  10: 32 op, 759931300.00 ns, 23.7479 ms/op
WorkloadActual  11: 32 op, 750903400.00 ns, 23.4657 ms/op
WorkloadActual  12: 32 op, 721270000.00 ns, 22.5397 ms/op
WorkloadActual  13: 32 op, 792313500.00 ns, 24.7598 ms/op
WorkloadActual  14: 32 op, 743492700.00 ns, 23.2341 ms/op
WorkloadActual  15: 32 op, 789575600.00 ns, 24.6742 ms/op

WorkloadResult   1: 32 op, 765755500.00 ns, 23.9299 ms/op
WorkloadResult   2: 32 op, 711434700.00 ns, 22.2323 ms/op
WorkloadResult   3: 32 op, 719153100.00 ns, 22.4735 ms/op
WorkloadResult   4: 32 op, 752346300.00 ns, 23.5108 ms/op
WorkloadResult   5: 32 op, 727252900.00 ns, 22.7267 ms/op
WorkloadResult   6: 32 op, 719603600.00 ns, 22.4876 ms/op
WorkloadResult   7: 32 op, 749424100.00 ns, 23.4195 ms/op
WorkloadResult   8: 32 op, 811793900.00 ns, 25.3686 ms/op
WorkloadResult   9: 32 op, 751923200.00 ns, 23.4976 ms/op
WorkloadResult  10: 32 op, 759930900.00 ns, 23.7478 ms/op
WorkloadResult  11: 32 op, 750903000.00 ns, 23.4657 ms/op
WorkloadResult  12: 32 op, 721269600.00 ns, 22.5397 ms/op
WorkloadResult  13: 32 op, 792313100.00 ns, 24.7598 ms/op
WorkloadResult  14: 32 op, 743492300.00 ns, 23.2341 ms/op
WorkloadResult  15: 32 op, 789575200.00 ns, 24.6742 ms/op


Mean = 23.471 ms, StdErr = 0.239 ms (1.02%), N = 15, StdDev = 0.925 ms
Min = 22.232 ms, Q1 = 22.633 ms, Median = 23.466 ms, Q3 = 23.839 ms, Max = 25.369 ms
IQR = 1.206 ms, LowerFence = 20.825 ms, UpperFence = 25.647 ms
ConfidenceInterval = [22.482 ms; 24.460 ms] (CI 99.9%), Margin = 0.989 ms (4.21% of Mean)
Skewness = 0.48, Kurtosis = 2.11, MValue = 2

// ** Remained 9 (32.1%) benchmark(s) to run. Estimated finish 2026-09-09 16:29 (0h 2m from now) **
Setup power plan (GUID: 8c5e7fda-e8bf-4a96-9a85-a6e23a8c635c FriendlyName: High performance)
// **************************
// Benchmark: CardBattleEngineBenchmark.EngineIterateActions: Job-ERIHKH(Toolchain=InProcessNoEmitToolchain, IterationCount=15, LaunchCount=1, WarmupCount=3) [EntityCount=5, MaxDepth=4]
// *** Execute ***
// Launch: 1 / 1

// Benchmark Process Environment Information:
// BenchmarkDotNet v0.15.8
// Runtime=.NET 8.0.28 (8.0.28, 8.0.2826.26413), X64 RyuJIT x86-64-v3
// GC=Concurrent Workstation
// HardwareIntrinsics=AVX2+BMI1+BMI2+F16C+FMA+LZCNT+MOVBE,AVX,SSE3+SSSE3+SSE4.1+SSE4.2+POPCNT,X86Base+SSE+SSE2,AES+PCLMUL,AvxVnni,SERIALIZE VectorSize=256
// Job: Job-ERIHKH(Toolchain=InProcessNoEmitToolchain, IterationCount=15, LaunchCount=1, WarmupCount=3)

OverheadJitting  1: 1 op, 300.00 ns, 300.0000 ns/op
WorkloadJitting  1: 1 op, 36649400.00 ns, 36.6494 ms/op

WorkloadPilot    1: 2 op, 70725000.00 ns, 35.3625 ms/op
WorkloadPilot    2: 3 op, 100059700.00 ns, 33.3532 ms/op
WorkloadPilot    3: 4 op, 135914900.00 ns, 33.9787 ms/op
WorkloadPilot    4: 5 op, 180123000.00 ns, 36.0246 ms/op
WorkloadPilot    5: 6 op, 223702100.00 ns, 37.2837 ms/op
WorkloadPilot    6: 7 op, 254607900.00 ns, 36.3726 ms/op
WorkloadPilot    7: 8 op, 298424500.00 ns, 37.3031 ms/op
WorkloadPilot    8: 9 op, 334711500.00 ns, 37.1902 ms/op
WorkloadPilot    9: 10 op, 405075800.00 ns, 40.5076 ms/op
WorkloadPilot   10: 11 op, 435083700.00 ns, 39.5531 ms/op
WorkloadPilot   11: 12 op, 418764700.00 ns, 34.8971 ms/op
WorkloadPilot   12: 13 op, 482232600.00 ns, 37.0948 ms/op
WorkloadPilot   13: 14 op, 584955800.00 ns, 41.7826 ms/op

WorkloadWarmup   1: 14 op, 602688900.00 ns, 43.0492 ms/op
WorkloadWarmup   2: 14 op, 550155200.00 ns, 39.2968 ms/op
WorkloadWarmup   3: 14 op, 484901100.00 ns, 34.6358 ms/op

WorkloadActual   1: 14 op, 478504300.00 ns, 34.1789 ms/op
WorkloadActual   2: 14 op, 516405900.00 ns, 36.8861 ms/op
WorkloadActual   3: 14 op, 480564700.00 ns, 34.3261 ms/op
WorkloadActual   4: 14 op, 499014600.00 ns, 35.6439 ms/op
WorkloadActual   5: 14 op, 550295100.00 ns, 39.3068 ms/op
WorkloadActual   6: 14 op, 534641000.00 ns, 38.1886 ms/op
WorkloadActual   7: 14 op, 482279800.00 ns, 34.4486 ms/op
WorkloadActual   8: 14 op, 489701400.00 ns, 34.9787 ms/op
WorkloadActual   9: 14 op, 479502000.00 ns, 34.2501 ms/op
WorkloadActual  10: 14 op, 505988900.00 ns, 36.1421 ms/op
WorkloadActual  11: 14 op, 481261200.00 ns, 34.3758 ms/op
WorkloadActual  12: 14 op, 481662200.00 ns, 34.4044 ms/op
WorkloadActual  13: 14 op, 464446100.00 ns, 33.1747 ms/op
WorkloadActual  14: 14 op, 484913400.00 ns, 34.6367 ms/op
WorkloadActual  15: 14 op, 494903100.00 ns, 35.3502 ms/op

WorkloadResult   1: 14 op, 478504300.00 ns, 34.1789 ms/op
WorkloadResult   2: 14 op, 516405900.00 ns, 36.8861 ms/op
WorkloadResult   3: 14 op, 480564700.00 ns, 34.3261 ms/op
WorkloadResult   4: 14 op, 499014600.00 ns, 35.6439 ms/op
WorkloadResult   5: 14 op, 534641000.00 ns, 38.1886 ms/op
WorkloadResult   6: 14 op, 482279800.00 ns, 34.4486 ms/op
WorkloadResult   7: 14 op, 489701400.00 ns, 34.9787 ms/op
WorkloadResult   8: 14 op, 479502000.00 ns, 34.2501 ms/op
WorkloadResult   9: 14 op, 505988900.00 ns, 36.1421 ms/op
WorkloadResult  10: 14 op, 481261200.00 ns, 34.3758 ms/op
WorkloadResult  11: 14 op, 481662200.00 ns, 34.4044 ms/op
WorkloadResult  12: 14 op, 464446100.00 ns, 33.1747 ms/op
WorkloadResult  13: 14 op, 484913400.00 ns, 34.6367 ms/op
WorkloadResult  14: 14 op, 494903100.00 ns, 35.3502 ms/op


Mean = 35.070 ms, StdErr = 0.345 ms (0.98%), N = 14, StdDev = 1.292 ms
Min = 33.175 ms, Q1 = 34.338 ms, Median = 34.543 ms, Q3 = 35.570 ms, Max = 38.189 ms
IQR = 1.232 ms, LowerFence = 32.490 ms, UpperFence = 37.418 ms
ConfidenceInterval = [33.613 ms; 36.528 ms] (CI 99.9%), Margin = 1.457 ms (4.16% of Mean)
Skewness = 0.94, Kurtosis = 3.12, MValue = 2

// ** Remained 8 (28.6%) benchmark(s) to run. Estimated finish 2026-09-09 16:29 (0h 2m from now) **
Setup power plan (GUID: 8c5e7fda-e8bf-4a96-9a85-a6e23a8c635c FriendlyName: High performance)
// **************************
// Benchmark: CardBattleEngineBenchmark.EngineIterateActions: Job-ERIHKH(Toolchain=InProcessNoEmitToolchain, IterationCount=15, LaunchCount=1, WarmupCount=3) [EntityCount=6, MaxDepth=1]
// *** Execute ***
// Launch: 1 / 1

// Benchmark Process Environment Information:
// BenchmarkDotNet v0.15.8
// Runtime=.NET 8.0.28 (8.0.28, 8.0.2826.26413), X64 RyuJIT x86-64-v3
// GC=Concurrent Workstation
// HardwareIntrinsics=AVX2+BMI1+BMI2+F16C+FMA+LZCNT+MOVBE,AVX,SSE3+SSSE3+SSE4.1+SSE4.2+POPCNT,X86Base+SSE+SSE2,AES+PCLMUL,AvxVnni,SERIALIZE VectorSize=256
// Job: Job-ERIHKH(Toolchain=InProcessNoEmitToolchain, IterationCount=15, LaunchCount=1, WarmupCount=3)

OverheadJitting  1: 1 op, 300.00 ns, 300.0000 ns/op
WorkloadJitting  1: 1 op, 2123100.00 ns, 2.1231 ms/op

OverheadJitting  2: 16 op, 200.00 ns, 12.5000 ns/op
WorkloadJitting  2: 16 op, 35338300.00 ns, 2.2086 ms/op

WorkloadPilot    1: 16 op, 34599900.00 ns, 2.1625 ms/op
WorkloadPilot    2: 32 op, 72753300.00 ns, 2.2735 ms/op
WorkloadPilot    3: 64 op, 144305500.00 ns, 2.2548 ms/op
WorkloadPilot    4: 128 op, 305529300.00 ns, 2.3869 ms/op
WorkloadPilot    5: 256 op, 700009900.00 ns, 2.7344 ms/op

OverheadWarmup   1: 256 op, 1800.00 ns, 7.0313 ns/op
OverheadWarmup   2: 256 op, 2400.00 ns, 9.3750 ns/op
OverheadWarmup   3: 256 op, 1400.00 ns, 5.4688 ns/op
OverheadWarmup   4: 256 op, 1100.00 ns, 4.2969 ns/op
OverheadWarmup   5: 256 op, 1200.00 ns, 4.6875 ns/op
OverheadWarmup   6: 256 op, 1000.00 ns, 3.9063 ns/op

OverheadActual   1: 256 op, 1200.00 ns, 4.6875 ns/op
OverheadActual   2: 256 op, 1600.00 ns, 6.2500 ns/op
OverheadActual   3: 256 op, 900.00 ns, 3.5156 ns/op
OverheadActual   4: 256 op, 1300.00 ns, 5.0781 ns/op
OverheadActual   5: 256 op, 1600.00 ns, 6.2500 ns/op
OverheadActual   6: 256 op, 1300.00 ns, 5.0781 ns/op
OverheadActual   7: 256 op, 1000.00 ns, 3.9063 ns/op
OverheadActual   8: 256 op, 1300.00 ns, 5.0781 ns/op
OverheadActual   9: 256 op, 1600.00 ns, 6.2500 ns/op
OverheadActual  10: 256 op, 1700.00 ns, 6.6406 ns/op
OverheadActual  11: 256 op, 1400.00 ns, 5.4688 ns/op
OverheadActual  12: 256 op, 900.00 ns, 3.5156 ns/op
OverheadActual  13: 256 op, 1200.00 ns, 4.6875 ns/op
OverheadActual  14: 256 op, 900.00 ns, 3.5156 ns/op
OverheadActual  15: 256 op, 900.00 ns, 3.5156 ns/op
OverheadActual  16: 256 op, 800.00 ns, 3.1250 ns/op
OverheadActual  17: 256 op, 800.00 ns, 3.1250 ns/op
OverheadActual  18: 256 op, 800.00 ns, 3.1250 ns/op
OverheadActual  19: 256 op, 900.00 ns, 3.5156 ns/op
OverheadActual  20: 256 op, 900.00 ns, 3.5156 ns/op

WorkloadWarmup   1: 256 op, 685498300.00 ns, 2.6777 ms/op
WorkloadWarmup   2: 256 op, 631241600.00 ns, 2.4658 ms/op
WorkloadWarmup   3: 256 op, 648079800.00 ns, 2.5316 ms/op

WorkloadActual   1: 256 op, 647074800.00 ns, 2.5276 ms/op
WorkloadActual   2: 256 op, 569868100.00 ns, 2.2260 ms/op
WorkloadActual   3: 256 op, 563037300.00 ns, 2.1994 ms/op
WorkloadActual   4: 256 op, 553666000.00 ns, 2.1628 ms/op
WorkloadActual   5: 256 op, 595536100.00 ns, 2.3263 ms/op
WorkloadActual   6: 256 op, 629411300.00 ns, 2.4586 ms/op
WorkloadActual   7: 256 op, 556043300.00 ns, 2.1720 ms/op
WorkloadActual   8: 256 op, 627606900.00 ns, 2.4516 ms/op
WorkloadActual   9: 256 op, 569702800.00 ns, 2.2254 ms/op
WorkloadActual  10: 256 op, 621074400.00 ns, 2.4261 ms/op
WorkloadActual  11: 256 op, 568615600.00 ns, 2.2212 ms/op
WorkloadActual  12: 256 op, 666957100.00 ns, 2.6053 ms/op
WorkloadActual  13: 256 op, 654023500.00 ns, 2.5548 ms/op
WorkloadActual  14: 256 op, 622628000.00 ns, 2.4321 ms/op
WorkloadActual  15: 256 op, 591974900.00 ns, 2.3124 ms/op

WorkloadResult   1: 256 op, 647073700.00 ns, 2.5276 ms/op
WorkloadResult   2: 256 op, 569867000.00 ns, 2.2260 ms/op
WorkloadResult   3: 256 op, 563036200.00 ns, 2.1994 ms/op
WorkloadResult   4: 256 op, 553664900.00 ns, 2.1628 ms/op
WorkloadResult   5: 256 op, 595535000.00 ns, 2.3263 ms/op
WorkloadResult   6: 256 op, 629410200.00 ns, 2.4586 ms/op
WorkloadResult   7: 256 op, 556042200.00 ns, 2.1720 ms/op
WorkloadResult   8: 256 op, 627605800.00 ns, 2.4516 ms/op
WorkloadResult   9: 256 op, 569701700.00 ns, 2.2254 ms/op
WorkloadResult  10: 256 op, 621073300.00 ns, 2.4261 ms/op
WorkloadResult  11: 256 op, 568614500.00 ns, 2.2212 ms/op
WorkloadResult  12: 256 op, 666956000.00 ns, 2.6053 ms/op
WorkloadResult  13: 256 op, 654022400.00 ns, 2.5548 ms/op
WorkloadResult  14: 256 op, 622626900.00 ns, 2.4321 ms/op
WorkloadResult  15: 256 op, 591973800.00 ns, 2.3124 ms/op


Mean = 2.353 ms, StdErr = 0.039 ms (1.64%), N = 15, StdDev = 0.149 ms
Min = 2.163 ms, Q1 = 2.223 ms, Median = 2.326 ms, Q3 = 2.455 ms, Max = 2.605 ms
IQR = 0.232 ms, LowerFence = 1.876 ms, UpperFence = 2.803 ms
ConfidenceInterval = [2.194 ms; 2.513 ms] (CI 99.9%), Margin = 0.160 ms (6.78% of Mean)
Skewness = 0.19, Kurtosis = 1.43, MValue = 3.43

// ** Remained 7 (25.0%) benchmark(s) to run. Estimated finish 2026-09-09 16:29 (0h 1m from now) **
Setup power plan (GUID: 8c5e7fda-e8bf-4a96-9a85-a6e23a8c635c FriendlyName: High performance)
// **************************
// Benchmark: CardBattleEngineBenchmark.EngineIterateActions: Job-ERIHKH(Toolchain=InProcessNoEmitToolchain, IterationCount=15, LaunchCount=1, WarmupCount=3) [EntityCount=6, MaxDepth=2]
// *** Execute ***
// Launch: 1 / 1

// Benchmark Process Environment Information:
// BenchmarkDotNet v0.15.8
// Runtime=.NET 8.0.28 (8.0.28, 8.0.2826.26413), X64 RyuJIT x86-64-v3
// GC=Concurrent Workstation
// HardwareIntrinsics=AVX2+BMI1+BMI2+F16C+FMA+LZCNT+MOVBE,AVX,SSE3+SSSE3+SSE4.1+SSE4.2+POPCNT,X86Base+SSE+SSE2,AES+PCLMUL,AvxVnni,SERIALIZE VectorSize=256
// Job: Job-ERIHKH(Toolchain=InProcessNoEmitToolchain, IterationCount=15, LaunchCount=1, WarmupCount=3)

OverheadJitting  1: 1 op, 600.00 ns, 600.0000 ns/op
WorkloadJitting  1: 1 op, 21034500.00 ns, 21.0345 ms/op

OverheadJitting  2: 16 op, 600.00 ns, 37.5000 ns/op
WorkloadJitting  2: 16 op, 331663900.00 ns, 20.7290 ms/op

WorkloadPilot    1: 16 op, 323405300.00 ns, 20.2128 ms/op
WorkloadPilot    2: 32 op, 653670800.00 ns, 20.4272 ms/op

OverheadWarmup   1: 32 op, 500.00 ns, 15.6250 ns/op
OverheadWarmup   2: 32 op, 500.00 ns, 15.6250 ns/op
OverheadWarmup   3: 32 op, 400.00 ns, 12.5000 ns/op
OverheadWarmup   4: 32 op, 500.00 ns, 15.6250 ns/op
OverheadWarmup   5: 32 op, 300.00 ns, 9.3750 ns/op

OverheadActual   1: 32 op, 400.00 ns, 12.5000 ns/op
OverheadActual   2: 32 op, 300.00 ns, 9.3750 ns/op
OverheadActual   3: 32 op, 400.00 ns, 12.5000 ns/op
OverheadActual   4: 32 op, 600.00 ns, 18.7500 ns/op
OverheadActual   5: 32 op, 400.00 ns, 12.5000 ns/op
OverheadActual   6: 32 op, 500.00 ns, 15.6250 ns/op
OverheadActual   7: 32 op, 400.00 ns, 12.5000 ns/op
OverheadActual   8: 32 op, 400.00 ns, 12.5000 ns/op
OverheadActual   9: 32 op, 400.00 ns, 12.5000 ns/op
OverheadActual  10: 32 op, 400.00 ns, 12.5000 ns/op
OverheadActual  11: 32 op, 300.00 ns, 9.3750 ns/op
OverheadActual  12: 32 op, 300.00 ns, 9.3750 ns/op
OverheadActual  13: 32 op, 400.00 ns, 12.5000 ns/op
OverheadActual  14: 32 op, 300.00 ns, 9.3750 ns/op
OverheadActual  15: 32 op, 400.00 ns, 12.5000 ns/op
OverheadActual  16: 32 op, 400.00 ns, 12.5000 ns/op
OverheadActual  17: 32 op, 400.00 ns, 12.5000 ns/op
OverheadActual  18: 32 op, 400.00 ns, 12.5000 ns/op
OverheadActual  19: 32 op, 400.00 ns, 12.5000 ns/op
OverheadActual  20: 32 op, 500.00 ns, 15.6250 ns/op

WorkloadWarmup   1: 32 op, 740687400.00 ns, 23.1465 ms/op
WorkloadWarmup   2: 32 op, 732734400.00 ns, 22.8980 ms/op
WorkloadWarmup   3: 32 op, 740956900.00 ns, 23.1549 ms/op

WorkloadActual   1: 32 op, 688325000.00 ns, 21.5102 ms/op
WorkloadActual   2: 32 op, 655648200.00 ns, 20.4890 ms/op
WorkloadActual   3: 32 op, 681601600.00 ns, 21.3001 ms/op
WorkloadActual   4: 32 op, 709735200.00 ns, 22.1792 ms/op
WorkloadActual   5: 32 op, 649532600.00 ns, 20.2979 ms/op
WorkloadActual   6: 32 op, 699953000.00 ns, 21.8735 ms/op
WorkloadActual   7: 32 op, 755607600.00 ns, 23.6127 ms/op
WorkloadActual   8: 32 op, 753053800.00 ns, 23.5329 ms/op
WorkloadActual   9: 32 op, 736937800.00 ns, 23.0293 ms/op
WorkloadActual  10: 32 op, 751624600.00 ns, 23.4883 ms/op
WorkloadActual  11: 32 op, 709357300.00 ns, 22.1674 ms/op
WorkloadActual  12: 32 op, 713841800.00 ns, 22.3076 ms/op
WorkloadActual  13: 32 op, 719447100.00 ns, 22.4827 ms/op
WorkloadActual  14: 32 op, 710397100.00 ns, 22.1999 ms/op
WorkloadActual  15: 32 op, 704966900.00 ns, 22.0302 ms/op

WorkloadResult   1: 32 op, 688324600.00 ns, 21.5101 ms/op
WorkloadResult   2: 32 op, 655647800.00 ns, 20.4890 ms/op
WorkloadResult   3: 32 op, 681601200.00 ns, 21.3000 ms/op
WorkloadResult   4: 32 op, 709734800.00 ns, 22.1792 ms/op
WorkloadResult   5: 32 op, 649532200.00 ns, 20.2979 ms/op
WorkloadResult   6: 32 op, 699952600.00 ns, 21.8735 ms/op
WorkloadResult   7: 32 op, 755607200.00 ns, 23.6127 ms/op
WorkloadResult   8: 32 op, 753053400.00 ns, 23.5329 ms/op
WorkloadResult   9: 32 op, 736937400.00 ns, 23.0293 ms/op
WorkloadResult  10: 32 op, 751624200.00 ns, 23.4883 ms/op
WorkloadResult  11: 32 op, 709356900.00 ns, 22.1674 ms/op
WorkloadResult  12: 32 op, 713841400.00 ns, 22.3075 ms/op
WorkloadResult  13: 32 op, 719446700.00 ns, 22.4827 ms/op
WorkloadResult  14: 32 op, 710396700.00 ns, 22.1999 ms/op
WorkloadResult  15: 32 op, 704966500.00 ns, 22.0302 ms/op


Mean = 22.167 ms, StdErr = 0.260 ms (1.17%), N = 15, StdDev = 1.006 ms
Min = 20.298 ms, Q1 = 21.692 ms, Median = 22.179 ms, Q3 = 22.756 ms, Max = 23.613 ms
IQR = 1.064 ms, LowerFence = 20.096 ms, UpperFence = 24.352 ms
ConfidenceInterval = [21.091 ms; 23.242 ms] (CI 99.9%), Margin = 1.075 ms (4.85% of Mean)
Skewness = -0.24, Kurtosis = 2.11, MValue = 2

// ** Remained 6 (21.4%) benchmark(s) to run. Estimated finish 2026-09-09 16:29 (0h 1m from now) **
Setup power plan (GUID: 8c5e7fda-e8bf-4a96-9a85-a6e23a8c635c FriendlyName: High performance)
// **************************
// Benchmark: CardBattleEngineBenchmark.EngineIterateActions: Job-ERIHKH(Toolchain=InProcessNoEmitToolchain, IterationCount=15, LaunchCount=1, WarmupCount=3) [EntityCount=6, MaxDepth=3]
// *** Execute ***
// Launch: 1 / 1

// Benchmark Process Environment Information:
// BenchmarkDotNet v0.15.8
// Runtime=.NET 8.0.28 (8.0.28, 8.0.2826.26413), X64 RyuJIT x86-64-v3
// GC=Concurrent Workstation
// HardwareIntrinsics=AVX2+BMI1+BMI2+F16C+FMA+LZCNT+MOVBE,AVX,SSE3+SSSE3+SSE4.1+SSE4.2+POPCNT,X86Base+SSE+SSE2,AES+PCLMUL,AvxVnni,SERIALIZE VectorSize=256
// Job: Job-ERIHKH(Toolchain=InProcessNoEmitToolchain, IterationCount=15, LaunchCount=1, WarmupCount=3)

OverheadJitting  1: 1 op, 400.00 ns, 400.0000 ns/op
WorkloadJitting  1: 1 op, 60504700.00 ns, 60.5047 ms/op

WorkloadPilot    1: 2 op, 121789300.00 ns, 60.8947 ms/op
WorkloadPilot    2: 3 op, 185686100.00 ns, 61.8954 ms/op
WorkloadPilot    3: 4 op, 241783600.00 ns, 60.4459 ms/op
WorkloadPilot    4: 5 op, 301871100.00 ns, 60.3742 ms/op
WorkloadPilot    5: 6 op, 323248800.00 ns, 53.8748 ms/op
WorkloadPilot    6: 7 op, 382137000.00 ns, 54.5910 ms/op
WorkloadPilot    7: 8 op, 453815100.00 ns, 56.7269 ms/op
WorkloadPilot    8: 9 op, 528104500.00 ns, 58.6783 ms/op

WorkloadWarmup   1: 9 op, 525841000.00 ns, 58.4268 ms/op
WorkloadWarmup   2: 9 op, 527457800.00 ns, 58.6064 ms/op
WorkloadWarmup   3: 9 op, 507077200.00 ns, 56.3419 ms/op

WorkloadActual   1: 9 op, 523229600.00 ns, 58.1366 ms/op
WorkloadActual   2: 9 op, 506350800.00 ns, 56.2612 ms/op
WorkloadActual   3: 9 op, 509476300.00 ns, 56.6085 ms/op
WorkloadActual   4: 9 op, 477616500.00 ns, 53.0685 ms/op
WorkloadActual   5: 9 op, 509742200.00 ns, 56.6380 ms/op
WorkloadActual   6: 9 op, 506838100.00 ns, 56.3153 ms/op
WorkloadActual   7: 9 op, 518323400.00 ns, 57.5915 ms/op
WorkloadActual   8: 9 op, 489164200.00 ns, 54.3516 ms/op
WorkloadActual   9: 9 op, 477067500.00 ns, 53.0075 ms/op
WorkloadActual  10: 9 op, 514893400.00 ns, 57.2104 ms/op
WorkloadActual  11: 9 op, 484594500.00 ns, 53.8438 ms/op
WorkloadActual  12: 9 op, 473435800.00 ns, 52.6040 ms/op
WorkloadActual  13: 9 op, 481658300.00 ns, 53.5176 ms/op
WorkloadActual  14: 9 op, 503334600.00 ns, 55.9261 ms/op
WorkloadActual  15: 9 op, 485995400.00 ns, 53.9995 ms/op

WorkloadResult   1: 9 op, 523229600.00 ns, 58.1366 ms/op
WorkloadResult   2: 9 op, 506350800.00 ns, 56.2612 ms/op
WorkloadResult   3: 9 op, 509476300.00 ns, 56.6085 ms/op
WorkloadResult   4: 9 op, 477616500.00 ns, 53.0685 ms/op
WorkloadResult   5: 9 op, 509742200.00 ns, 56.6380 ms/op
WorkloadResult   6: 9 op, 506838100.00 ns, 56.3153 ms/op
WorkloadResult   7: 9 op, 518323400.00 ns, 57.5915 ms/op
WorkloadResult   8: 9 op, 489164200.00 ns, 54.3516 ms/op
WorkloadResult   9: 9 op, 477067500.00 ns, 53.0075 ms/op
WorkloadResult  10: 9 op, 514893400.00 ns, 57.2104 ms/op
WorkloadResult  11: 9 op, 484594500.00 ns, 53.8438 ms/op
WorkloadResult  12: 9 op, 473435800.00 ns, 52.6040 ms/op
WorkloadResult  13: 9 op, 481658300.00 ns, 53.5176 ms/op
WorkloadResult  14: 9 op, 503334600.00 ns, 55.9261 ms/op
WorkloadResult  15: 9 op, 485995400.00 ns, 53.9995 ms/op


Mean = 55.272 ms, StdErr = 0.479 ms (0.87%), N = 15, StdDev = 1.855 ms
Min = 52.604 ms, Q1 = 53.681 ms, Median = 55.926 ms, Q3 = 56.623 ms, Max = 58.137 ms
IQR = 2.943 ms, LowerFence = 49.267 ms, UpperFence = 61.037 ms
ConfidenceInterval = [53.289 ms; 57.255 ms] (CI 99.9%), Margin = 1.983 ms (3.59% of Mean)
Skewness = -0.02, Kurtosis = 1.33, MValue = 4

// ** Remained 5 (17.9%) benchmark(s) to run. Estimated finish 2026-09-09 16:29 (0h 1m from now) **
Setup power plan (GUID: 8c5e7fda-e8bf-4a96-9a85-a6e23a8c635c FriendlyName: High performance)
// **************************
// Benchmark: CardBattleEngineBenchmark.EngineIterateActions: Job-ERIHKH(Toolchain=InProcessNoEmitToolchain, IterationCount=15, LaunchCount=1, WarmupCount=3) [EntityCount=6, MaxDepth=4]
// *** Execute ***
// Launch: 1 / 1

// Benchmark Process Environment Information:
// BenchmarkDotNet v0.15.8
// Runtime=.NET 8.0.28 (8.0.28, 8.0.2826.26413), X64 RyuJIT x86-64-v3
// GC=Concurrent Workstation
// HardwareIntrinsics=AVX2+BMI1+BMI2+F16C+FMA+LZCNT+MOVBE,AVX,SSE3+SSSE3+SSE4.1+SSE4.2+POPCNT,X86Base+SSE+SSE2,AES+PCLMUL,AvxVnni,SERIALIZE VectorSize=256
// Job: Job-ERIHKH(Toolchain=InProcessNoEmitToolchain, IterationCount=15, LaunchCount=1, WarmupCount=3)

OverheadJitting  1: 1 op, 300.00 ns, 300.0000 ns/op
WorkloadJitting  1: 1 op, 86314200.00 ns, 86.3142 ms/op

WorkloadPilot    1: 2 op, 157372500.00 ns, 78.6863 ms/op
WorkloadPilot    2: 3 op, 255095600.00 ns, 85.0319 ms/op
WorkloadPilot    3: 4 op, 357778000.00 ns, 89.4445 ms/op
WorkloadPilot    4: 5 op, 526529000.00 ns, 105.3058 ms/op

WorkloadWarmup   1: 5 op, 438329800.00 ns, 87.6660 ms/op
WorkloadWarmup   2: 5 op, 405500500.00 ns, 81.1001 ms/op
WorkloadWarmup   3: 5 op, 422289200.00 ns, 84.4578 ms/op

WorkloadActual   1: 5 op, 415208700.00 ns, 83.0417 ms/op
WorkloadActual   2: 5 op, 460435200.00 ns, 92.0870 ms/op
WorkloadActual   3: 5 op, 436587100.00 ns, 87.3174 ms/op
WorkloadActual   4: 5 op, 403794600.00 ns, 80.7589 ms/op
WorkloadActual   5: 5 op, 409277200.00 ns, 81.8554 ms/op
WorkloadActual   6: 5 op, 445558900.00 ns, 89.1118 ms/op
WorkloadActual   7: 5 op, 428250000.00 ns, 85.6500 ms/op
WorkloadActual   8: 5 op, 435181500.00 ns, 87.0363 ms/op
WorkloadActual   9: 5 op, 465939800.00 ns, 93.1880 ms/op
WorkloadActual  10: 5 op, 474488700.00 ns, 94.8977 ms/op
WorkloadActual  11: 5 op, 418312900.00 ns, 83.6626 ms/op
WorkloadActual  12: 5 op, 432639200.00 ns, 86.5278 ms/op
WorkloadActual  13: 5 op, 422854000.00 ns, 84.5708 ms/op
WorkloadActual  14: 5 op, 433649900.00 ns, 86.7300 ms/op
WorkloadActual  15: 5 op, 441155800.00 ns, 88.2312 ms/op

WorkloadResult   1: 5 op, 415208700.00 ns, 83.0417 ms/op
WorkloadResult   2: 5 op, 460435200.00 ns, 92.0870 ms/op
WorkloadResult   3: 5 op, 436587100.00 ns, 87.3174 ms/op
WorkloadResult   4: 5 op, 403794600.00 ns, 80.7589 ms/op
WorkloadResult   5: 5 op, 409277200.00 ns, 81.8554 ms/op
WorkloadResult   6: 5 op, 445558900.00 ns, 89.1118 ms/op
WorkloadResult   7: 5 op, 428250000.00 ns, 85.6500 ms/op
WorkloadResult   8: 5 op, 435181500.00 ns, 87.0363 ms/op
WorkloadResult   9: 5 op, 465939800.00 ns, 93.1880 ms/op
WorkloadResult  10: 5 op, 474488700.00 ns, 94.8977 ms/op
WorkloadResult  11: 5 op, 418312900.00 ns, 83.6626 ms/op
WorkloadResult  12: 5 op, 432639200.00 ns, 86.5278 ms/op
WorkloadResult  13: 5 op, 422854000.00 ns, 84.5708 ms/op
WorkloadResult  14: 5 op, 433649900.00 ns, 86.7300 ms/op
WorkloadResult  15: 5 op, 441155800.00 ns, 88.2312 ms/op


Mean = 86.978 ms, StdErr = 1.053 ms (1.21%), N = 15, StdDev = 4.078 ms
Min = 80.759 ms, Q1 = 84.117 ms, Median = 86.730 ms, Q3 = 88.671 ms, Max = 94.898 ms
IQR = 4.555 ms, LowerFence = 77.285 ms, UpperFence = 95.504 ms
ConfidenceInterval = [82.618 ms; 91.338 ms] (CI 99.9%), Margin = 4.360 ms (5.01% of Mean)
Skewness = 0.39, Kurtosis = 2.1, MValue = 2.25

// ** Remained 4 (14.3%) benchmark(s) to run. Estimated finish 2026-09-09 16:29 (0h 0m from now) **
Setup power plan (GUID: 8c5e7fda-e8bf-4a96-9a85-a6e23a8c635c FriendlyName: High performance)
// **************************
// Benchmark: CardBattleEngineBenchmark.EngineIterateActions: Job-ERIHKH(Toolchain=InProcessNoEmitToolchain, IterationCount=15, LaunchCount=1, WarmupCount=3) [EntityCount=7, MaxDepth=1]
// *** Execute ***
// Launch: 1 / 1

// Benchmark Process Environment Information:
// BenchmarkDotNet v0.15.8
// Runtime=.NET 8.0.28 (8.0.28, 8.0.2826.26413), X64 RyuJIT x86-64-v3
// GC=Concurrent Workstation
// HardwareIntrinsics=AVX2+BMI1+BMI2+F16C+FMA+LZCNT+MOVBE,AVX,SSE3+SSSE3+SSE4.1+SSE4.2+POPCNT,X86Base+SSE+SSE2,AES+PCLMUL,AvxVnni,SERIALIZE VectorSize=256
// Job: Job-ERIHKH(Toolchain=InProcessNoEmitToolchain, IterationCount=15, LaunchCount=1, WarmupCount=3)

OverheadJitting  1: 1 op, 500.00 ns, 500.0000 ns/op
WorkloadJitting  1: 1 op, 2233700.00 ns, 2.2337 ms/op

OverheadJitting  2: 16 op, 500.00 ns, 31.2500 ns/op
WorkloadJitting  2: 16 op, 36740800.00 ns, 2.2963 ms/op

WorkloadPilot    1: 16 op, 37515300.00 ns, 2.3447 ms/op
WorkloadPilot    2: 32 op, 75491400.00 ns, 2.3591 ms/op
WorkloadPilot    3: 64 op, 147039700.00 ns, 2.2975 ms/op
WorkloadPilot    4: 128 op, 317477200.00 ns, 2.4803 ms/op
WorkloadPilot    5: 256 op, 575648900.00 ns, 2.2486 ms/op

OverheadWarmup   1: 256 op, 1200.00 ns, 4.6875 ns/op
OverheadWarmup   2: 256 op, 1000.00 ns, 3.9063 ns/op
OverheadWarmup   3: 256 op, 1000.00 ns, 3.9063 ns/op
OverheadWarmup   4: 256 op, 1000.00 ns, 3.9063 ns/op
OverheadWarmup   5: 256 op, 1100.00 ns, 4.2969 ns/op
OverheadWarmup   6: 256 op, 1100.00 ns, 4.2969 ns/op

OverheadActual   1: 256 op, 1100.00 ns, 4.2969 ns/op
OverheadActual   2: 256 op, 1200.00 ns, 4.6875 ns/op
OverheadActual   3: 256 op, 1200.00 ns, 4.6875 ns/op
OverheadActual   4: 256 op, 1100.00 ns, 4.2969 ns/op
OverheadActual   5: 256 op, 1200.00 ns, 4.6875 ns/op
OverheadActual   6: 256 op, 1300.00 ns, 5.0781 ns/op
OverheadActual   7: 256 op, 1300.00 ns, 5.0781 ns/op
OverheadActual   8: 256 op, 1300.00 ns, 5.0781 ns/op
OverheadActual   9: 256 op, 1300.00 ns, 5.0781 ns/op
OverheadActual  10: 256 op, 1300.00 ns, 5.0781 ns/op
OverheadActual  11: 256 op, 1100.00 ns, 4.2969 ns/op
OverheadActual  12: 256 op, 1000.00 ns, 3.9063 ns/op
OverheadActual  13: 256 op, 900.00 ns, 3.5156 ns/op
OverheadActual  14: 256 op, 1000.00 ns, 3.9063 ns/op
OverheadActual  15: 256 op, 1000.00 ns, 3.9063 ns/op
OverheadActual  16: 256 op, 1000.00 ns, 3.9063 ns/op
OverheadActual  17: 256 op, 1000.00 ns, 3.9063 ns/op
OverheadActual  18: 256 op, 1000.00 ns, 3.9063 ns/op
OverheadActual  19: 256 op, 1000.00 ns, 3.9063 ns/op
OverheadActual  20: 256 op, 900.00 ns, 3.5156 ns/op

WorkloadWarmup   1: 256 op, 754297000.00 ns, 2.9465 ms/op
WorkloadWarmup   2: 256 op, 662266300.00 ns, 2.5870 ms/op
WorkloadWarmup   3: 256 op, 600829500.00 ns, 2.3470 ms/op

WorkloadActual   1: 256 op, 594812000.00 ns, 2.3235 ms/op
WorkloadActual   2: 256 op, 631643800.00 ns, 2.4674 ms/op
WorkloadActual   3: 256 op, 670872500.00 ns, 2.6206 ms/op
WorkloadActual   4: 256 op, 621915500.00 ns, 2.4294 ms/op
WorkloadActual   5: 256 op, 658016000.00 ns, 2.5704 ms/op
WorkloadActual   6: 256 op, 647031900.00 ns, 2.5275 ms/op
WorkloadActual   7: 256 op, 618766200.00 ns, 2.4171 ms/op
WorkloadActual   8: 256 op, 662337300.00 ns, 2.5873 ms/op
WorkloadActual   9: 256 op, 622743100.00 ns, 2.4326 ms/op
WorkloadActual  10: 256 op, 610639500.00 ns, 2.3853 ms/op
WorkloadActual  11: 256 op, 569043600.00 ns, 2.2228 ms/op
WorkloadActual  12: 256 op, 590780000.00 ns, 2.3077 ms/op
WorkloadActual  13: 256 op, 587725200.00 ns, 2.2958 ms/op
WorkloadActual  14: 256 op, 626545100.00 ns, 2.4474 ms/op
WorkloadActual  15: 256 op, 570121900.00 ns, 2.2270 ms/op

WorkloadResult   1: 256 op, 594810900.00 ns, 2.3235 ms/op
WorkloadResult   2: 256 op, 631642700.00 ns, 2.4674 ms/op
WorkloadResult   3: 256 op, 670871400.00 ns, 2.6206 ms/op
WorkloadResult   4: 256 op, 621914400.00 ns, 2.4294 ms/op
WorkloadResult   5: 256 op, 658014900.00 ns, 2.5704 ms/op
WorkloadResult   6: 256 op, 647030800.00 ns, 2.5275 ms/op
WorkloadResult   7: 256 op, 618765100.00 ns, 2.4171 ms/op
WorkloadResult   8: 256 op, 662336200.00 ns, 2.5873 ms/op
WorkloadResult   9: 256 op, 622742000.00 ns, 2.4326 ms/op
WorkloadResult  10: 256 op, 610638400.00 ns, 2.3853 ms/op
WorkloadResult  11: 256 op, 569042500.00 ns, 2.2228 ms/op
WorkloadResult  12: 256 op, 590778900.00 ns, 2.3077 ms/op
WorkloadResult  13: 256 op, 587724100.00 ns, 2.2958 ms/op
WorkloadResult  14: 256 op, 626544000.00 ns, 2.4474 ms/op
WorkloadResult  15: 256 op, 570120800.00 ns, 2.2270 ms/op


Mean = 2.417 ms, StdErr = 0.032 ms (1.34%), N = 15, StdDev = 0.125 ms
Min = 2.223 ms, Q1 = 2.316 ms, Median = 2.429 ms, Q3 = 2.497 ms, Max = 2.621 ms
IQR = 0.182 ms, LowerFence = 2.043 ms, UpperFence = 2.770 ms
ConfidenceInterval = [2.283 ms; 2.552 ms] (CI 99.9%), Margin = 0.134 ms (5.55% of Mean)
Skewness = 0, Kurtosis = 1.73, MValue = 2

// ** Remained 3 (10.7%) benchmark(s) to run. Estimated finish 2026-09-09 16:28 (0h 0m from now) **
Setup power plan (GUID: 8c5e7fda-e8bf-4a96-9a85-a6e23a8c635c FriendlyName: High performance)
// **************************
// Benchmark: CardBattleEngineBenchmark.EngineIterateActions: Job-ERIHKH(Toolchain=InProcessNoEmitToolchain, IterationCount=15, LaunchCount=1, WarmupCount=3) [EntityCount=7, MaxDepth=2]
// *** Execute ***
// Launch: 1 / 1

// Benchmark Process Environment Information:
// BenchmarkDotNet v0.15.8
// Runtime=.NET 8.0.28 (8.0.28, 8.0.2826.26413), X64 RyuJIT x86-64-v3
// GC=Concurrent Workstation
// HardwareIntrinsics=AVX2+BMI1+BMI2+F16C+FMA+LZCNT+MOVBE,AVX,SSE3+SSSE3+SSE4.1+SSE4.2+POPCNT,X86Base+SSE+SSE2,AES+PCLMUL,AvxVnni,SERIALIZE VectorSize=256
// Job: Job-ERIHKH(Toolchain=InProcessNoEmitToolchain, IterationCount=15, LaunchCount=1, WarmupCount=3)

OverheadJitting  1: 1 op, 300.00 ns, 300.0000 ns/op
WorkloadJitting  1: 1 op, 32641800.00 ns, 32.6418 ms/op

OverheadJitting  2: 16 op, 400.00 ns, 25.0000 ns/op
WorkloadJitting  2: 16 op, 460510600.00 ns, 28.7819 ms/op

WorkloadPilot    1: 16 op, 482597700.00 ns, 30.1624 ms/op
WorkloadPilot    2: 32 op, 955021700.00 ns, 29.8444 ms/op

OverheadWarmup   1: 32 op, 600.00 ns, 18.7500 ns/op
OverheadWarmup   2: 32 op, 400.00 ns, 12.5000 ns/op
OverheadWarmup   3: 32 op, 500.00 ns, 15.6250 ns/op
OverheadWarmup   4: 32 op, 400.00 ns, 12.5000 ns/op
OverheadWarmup   5: 32 op, 500.00 ns, 15.6250 ns/op
OverheadWarmup   6: 32 op, 400.00 ns, 12.5000 ns/op

OverheadActual   1: 32 op, 500.00 ns, 15.6250 ns/op
OverheadActual   2: 32 op, 400.00 ns, 12.5000 ns/op
OverheadActual   3: 32 op, 400.00 ns, 12.5000 ns/op
OverheadActual   4: 32 op, 400.00 ns, 12.5000 ns/op
OverheadActual   5: 32 op, 400.00 ns, 12.5000 ns/op
OverheadActual   6: 32 op, 900.00 ns, 28.1250 ns/op
OverheadActual   7: 32 op, 500.00 ns, 15.6250 ns/op
OverheadActual   8: 32 op, 400.00 ns, 12.5000 ns/op
OverheadActual   9: 32 op, 300.00 ns, 9.3750 ns/op
OverheadActual  10: 32 op, 300.00 ns, 9.3750 ns/op
OverheadActual  11: 32 op, 400.00 ns, 12.5000 ns/op
OverheadActual  12: 32 op, 500.00 ns, 15.6250 ns/op
OverheadActual  13: 32 op, 400.00 ns, 12.5000 ns/op
OverheadActual  14: 32 op, 500.00 ns, 15.6250 ns/op
OverheadActual  15: 32 op, 400.00 ns, 12.5000 ns/op
OverheadActual  16: 32 op, 400.00 ns, 12.5000 ns/op
OverheadActual  17: 32 op, 400.00 ns, 12.5000 ns/op
OverheadActual  18: 32 op, 400.00 ns, 12.5000 ns/op
OverheadActual  19: 32 op, 400.00 ns, 12.5000 ns/op
OverheadActual  20: 32 op, 500.00 ns, 15.6250 ns/op

WorkloadWarmup   1: 32 op, 994231700.00 ns, 31.0697 ms/op
WorkloadWarmup   2: 32 op, 931661000.00 ns, 29.1144 ms/op
WorkloadWarmup   3: 32 op, 854598800.00 ns, 26.7062 ms/op

WorkloadActual   1: 32 op, 910269700.00 ns, 28.4459 ms/op
WorkloadActual   2: 32 op, 913864400.00 ns, 28.5583 ms/op
WorkloadActual   3: 32 op, 912234200.00 ns, 28.5073 ms/op
WorkloadActual   4: 32 op, 910566600.00 ns, 28.4552 ms/op
WorkloadActual   5: 32 op, 1079308200.00 ns, 33.7284 ms/op
WorkloadActual   6: 32 op, 905143500.00 ns, 28.2857 ms/op
WorkloadActual   7: 32 op, 857370100.00 ns, 26.7928 ms/op
WorkloadActual   8: 32 op, 865819600.00 ns, 27.0569 ms/op
WorkloadActual   9: 32 op, 946211200.00 ns, 29.5691 ms/op
WorkloadActual  10: 32 op, 888743400.00 ns, 27.7732 ms/op
WorkloadActual  11: 32 op, 894306300.00 ns, 27.9471 ms/op
WorkloadActual  12: 32 op, 905673100.00 ns, 28.3023 ms/op
WorkloadActual  13: 32 op, 923900500.00 ns, 28.8719 ms/op
WorkloadActual  14: 32 op, 840421700.00 ns, 26.2632 ms/op
WorkloadActual  15: 32 op, 884585600.00 ns, 27.6433 ms/op

WorkloadResult   1: 32 op, 910269300.00 ns, 28.4459 ms/op
WorkloadResult   2: 32 op, 913864000.00 ns, 28.5583 ms/op
WorkloadResult   3: 32 op, 912233800.00 ns, 28.5073 ms/op
WorkloadResult   4: 32 op, 910566200.00 ns, 28.4552 ms/op
WorkloadResult   5: 32 op, 905143100.00 ns, 28.2857 ms/op
WorkloadResult   6: 32 op, 857369700.00 ns, 26.7928 ms/op
WorkloadResult   7: 32 op, 865819200.00 ns, 27.0569 ms/op
WorkloadResult   8: 32 op, 946210800.00 ns, 29.5691 ms/op
WorkloadResult   9: 32 op, 888743000.00 ns, 27.7732 ms/op
WorkloadResult  10: 32 op, 894305900.00 ns, 27.9471 ms/op
WorkloadResult  11: 32 op, 905672700.00 ns, 28.3023 ms/op
WorkloadResult  12: 32 op, 923900100.00 ns, 28.8719 ms/op
WorkloadResult  13: 32 op, 840421300.00 ns, 26.2632 ms/op
WorkloadResult  14: 32 op, 884585200.00 ns, 27.6433 ms/op


Mean = 28.034 ms, StdErr = 0.233 ms (0.83%), N = 14, StdDev = 0.873 ms
Min = 26.263 ms, Q1 = 27.676 ms, Median = 28.294 ms, Q3 = 28.494 ms, Max = 29.569 ms
IQR = 0.819 ms, LowerFence = 26.448 ms, UpperFence = 29.722 ms
ConfidenceInterval = [27.049 ms; 29.018 ms] (CI 99.9%), Margin = 0.984 ms (3.51% of Mean)
Skewness = -0.41, Kurtosis = 2.39, MValue = 2

// ** Remained 2 (7.1%) benchmark(s) to run. Estimated finish 2026-09-09 16:29 (0h 0m from now) **
Setup power plan (GUID: 8c5e7fda-e8bf-4a96-9a85-a6e23a8c635c FriendlyName: High performance)
// **************************
// Benchmark: CardBattleEngineBenchmark.EngineIterateActions: Job-ERIHKH(Toolchain=InProcessNoEmitToolchain, IterationCount=15, LaunchCount=1, WarmupCount=3) [EntityCount=7, MaxDepth=3]
// *** Execute ***
// Launch: 1 / 1

// Benchmark Process Environment Information:
// BenchmarkDotNet v0.15.8
// Runtime=.NET 8.0.28 (8.0.28, 8.0.2826.26413), X64 RyuJIT x86-64-v3
// GC=Concurrent Workstation
// HardwareIntrinsics=AVX2+BMI1+BMI2+F16C+FMA+LZCNT+MOVBE,AVX,SSE3+SSSE3+SSE4.1+SSE4.2+POPCNT,X86Base+SSE+SSE2,AES+PCLMUL,AvxVnni,SERIALIZE VectorSize=256
// Job: Job-ERIHKH(Toolchain=InProcessNoEmitToolchain, IterationCount=15, LaunchCount=1, WarmupCount=3)

OverheadJitting  1: 1 op, 500.00 ns, 500.0000 ns/op
WorkloadJitting  1: 1 op, 82619500.00 ns, 82.6195 ms/op

WorkloadPilot    1: 2 op, 163644100.00 ns, 81.8221 ms/op
WorkloadPilot    2: 3 op, 233353600.00 ns, 77.7845 ms/op
WorkloadPilot    3: 4 op, 333094000.00 ns, 83.2735 ms/op
WorkloadPilot    4: 5 op, 445112500.00 ns, 89.0225 ms/op
WorkloadPilot    5: 6 op, 508477800.00 ns, 84.7463 ms/op

WorkloadWarmup   1: 6 op, 487972100.00 ns, 81.3287 ms/op
WorkloadWarmup   2: 6 op, 480552700.00 ns, 80.0921 ms/op
WorkloadWarmup   3: 6 op, 490691900.00 ns, 81.7820 ms/op

WorkloadActual   1: 6 op, 498075100.00 ns, 83.0125 ms/op
WorkloadActual   2: 6 op, 495188400.00 ns, 82.5314 ms/op
WorkloadActual   3: 6 op, 485949600.00 ns, 80.9916 ms/op
WorkloadActual   4: 6 op, 513519700.00 ns, 85.5866 ms/op
WorkloadActual   5: 6 op, 499176700.00 ns, 83.1961 ms/op
WorkloadActual   6: 6 op, 497977500.00 ns, 82.9963 ms/op
WorkloadActual   7: 6 op, 595277400.00 ns, 99.2129 ms/op
WorkloadActual   8: 6 op, 543355500.00 ns, 90.5593 ms/op
WorkloadActual   9: 6 op, 521295900.00 ns, 86.8827 ms/op
WorkloadActual  10: 6 op, 526022400.00 ns, 87.6704 ms/op
WorkloadActual  11: 6 op, 497806500.00 ns, 82.9678 ms/op
WorkloadActual  12: 6 op, 483255800.00 ns, 80.5426 ms/op
WorkloadActual  13: 6 op, 491772200.00 ns, 81.9620 ms/op
WorkloadActual  14: 6 op, 503147500.00 ns, 83.8579 ms/op
WorkloadActual  15: 6 op, 466961900.00 ns, 77.8270 ms/op

WorkloadResult   1: 6 op, 498075100.00 ns, 83.0125 ms/op
WorkloadResult   2: 6 op, 495188400.00 ns, 82.5314 ms/op
WorkloadResult   3: 6 op, 485949600.00 ns, 80.9916 ms/op
WorkloadResult   4: 6 op, 513519700.00 ns, 85.5866 ms/op
WorkloadResult   5: 6 op, 499176700.00 ns, 83.1961 ms/op
WorkloadResult   6: 6 op, 497977500.00 ns, 82.9963 ms/op
WorkloadResult   7: 6 op, 543355500.00 ns, 90.5593 ms/op
WorkloadResult   8: 6 op, 521295900.00 ns, 86.8827 ms/op
WorkloadResult   9: 6 op, 526022400.00 ns, 87.6704 ms/op
WorkloadResult  10: 6 op, 497806500.00 ns, 82.9678 ms/op
WorkloadResult  11: 6 op, 483255800.00 ns, 80.5426 ms/op
WorkloadResult  12: 6 op, 491772200.00 ns, 81.9620 ms/op
WorkloadResult  13: 6 op, 503147500.00 ns, 83.8579 ms/op
WorkloadResult  14: 6 op, 466961900.00 ns, 77.8270 ms/op


Mean = 83.613 ms, StdErr = 0.859 ms (1.03%), N = 14, StdDev = 3.215 ms
Min = 77.827 ms, Q1 = 82.104 ms, Median = 83.004 ms, Q3 = 85.154 ms, Max = 90.559 ms
IQR = 3.050 ms, LowerFence = 77.529 ms, UpperFence = 89.730 ms
ConfidenceInterval = [79.987 ms; 87.240 ms] (CI 99.9%), Margin = 3.627 ms (4.34% of Mean)
Skewness = 0.42, Kurtosis = 2.67, MValue = 2.5

// ** Remained 1 (3.6%) benchmark(s) to run. Estimated finish 2026-09-09 16:28 (0h 0m from now) **
Setup power plan (GUID: 8c5e7fda-e8bf-4a96-9a85-a6e23a8c635c FriendlyName: High performance)
// **************************
// Benchmark: CardBattleEngineBenchmark.EngineIterateActions: Job-ERIHKH(Toolchain=InProcessNoEmitToolchain, IterationCount=15, LaunchCount=1, WarmupCount=3) [EntityCount=7, MaxDepth=4]
// *** Execute ***
// Launch: 1 / 1

// Benchmark Process Environment Information:
// BenchmarkDotNet v0.15.8
// Runtime=.NET 8.0.28 (8.0.28, 8.0.2826.26413), X64 RyuJIT x86-64-v3
// GC=Concurrent Workstation
// HardwareIntrinsics=AVX2+BMI1+BMI2+F16C+FMA+LZCNT+MOVBE,AVX,SSE3+SSSE3+SSE4.1+SSE4.2+POPCNT,X86Base+SSE+SSE2,AES+PCLMUL,AvxVnni,SERIALIZE VectorSize=256
// Job: Job-ERIHKH(Toolchain=InProcessNoEmitToolchain, IterationCount=15, LaunchCount=1, WarmupCount=3)

OverheadJitting  1: 1 op, 400.00 ns, 400.0000 ns/op
WorkloadJitting  1: 1 op, 129035700.00 ns, 129.0357 ms/op

WorkloadPilot    1: 2 op, 254657700.00 ns, 127.3289 ms/op
WorkloadPilot    2: 3 op, 386617100.00 ns, 128.8724 ms/op
WorkloadPilot    3: 4 op, 560032400.00 ns, 140.0081 ms/op

WorkloadWarmup   1: 4 op, 504917700.00 ns, 126.2294 ms/op
WorkloadWarmup   2: 4 op, 532091200.00 ns, 133.0228 ms/op
WorkloadWarmup   3: 4 op, 555541200.00 ns, 138.8853 ms/op

WorkloadActual   1: 4 op, 601558800.00 ns, 150.3897 ms/op
WorkloadActual   2: 4 op, 605561200.00 ns, 151.3903 ms/op
WorkloadActual   3: 4 op, 578724200.00 ns, 144.6811 ms/op
WorkloadActual   4: 4 op, 564122100.00 ns, 141.0305 ms/op
WorkloadActual   5: 4 op, 566967600.00 ns, 141.7419 ms/op
WorkloadActual   6: 4 op, 529614200.00 ns, 132.4036 ms/op
WorkloadActual   7: 4 op, 527426100.00 ns, 131.8565 ms/op
WorkloadActual   8: 4 op, 521303300.00 ns, 130.3258 ms/op
WorkloadActual   9: 4 op, 557165100.00 ns, 139.2913 ms/op
WorkloadActual  10: 4 op, 575413400.00 ns, 143.8534 ms/op
WorkloadActual  11: 4 op, 559096100.00 ns, 139.7740 ms/op
WorkloadActual  12: 4 op, 517673400.00 ns, 129.4184 ms/op
WorkloadActual  13: 4 op, 539568400.00 ns, 134.8921 ms/op
WorkloadActual  14: 4 op, 527904200.00 ns, 131.9761 ms/op
WorkloadActual  15: 4 op, 523613200.00 ns, 130.9033 ms/op

WorkloadResult   1: 4 op, 601558800.00 ns, 150.3897 ms/op
WorkloadResult   2: 4 op, 605561200.00 ns, 151.3903 ms/op
WorkloadResult   3: 4 op, 578724200.00 ns, 144.6811 ms/op
WorkloadResult   4: 4 op, 564122100.00 ns, 141.0305 ms/op
WorkloadResult   5: 4 op, 566967600.00 ns, 141.7419 ms/op
WorkloadResult   6: 4 op, 529614200.00 ns, 132.4036 ms/op
WorkloadResult   7: 4 op, 527426100.00 ns, 131.8565 ms/op
WorkloadResult   8: 4 op, 521303300.00 ns, 130.3258 ms/op
WorkloadResult   9: 4 op, 557165100.00 ns, 139.2913 ms/op
WorkloadResult  10: 4 op, 575413400.00 ns, 143.8534 ms/op
WorkloadResult  11: 4 op, 559096100.00 ns, 139.7740 ms/op
WorkloadResult  12: 4 op, 517673400.00 ns, 129.4184 ms/op
WorkloadResult  13: 4 op, 539568400.00 ns, 134.8921 ms/op
WorkloadResult  14: 4 op, 527904200.00 ns, 131.9761 ms/op
WorkloadResult  15: 4 op, 523613200.00 ns, 130.9033 ms/op


Mean = 138.262 ms, StdErr = 1.873 ms (1.35%), N = 15, StdDev = 7.253 ms
Min = 129.418 ms, Q1 = 131.916 ms, Median = 139.291 ms, Q3 = 142.798 ms, Max = 151.390 ms
IQR = 10.881 ms, LowerFence = 115.594 ms, UpperFence = 159.120 ms
ConfidenceInterval = [130.507 ms; 146.016 ms] (CI 99.9%), Margin = 7.754 ms (5.61% of Mean)
Skewness = 0.39, Kurtosis = 1.73, MValue = 2

// ** Remained 0 (0.0%) benchmark(s) to run. Estimated finish 2026-09-09 16:28 (0h 0m from now) **
Successfully reverted power plan (GUID: 381b4222-f694-41f0-9685-ff5bb260df2e FriendlyName: Balanced)
// ***** BenchmarkRunner: Finish  *****

// * Export *
  BenchmarkDotNet.Artifacts\results\MyBenchmarks.CardBattleEngineBenchmark-report.csv
  BenchmarkDotNet.Artifacts\results\MyBenchmarks.CardBattleEngineBenchmark-report-github.md
  BenchmarkDotNet.Artifacts\results\MyBenchmarks.CardBattleEngineBenchmark-report.html

// * Detailed results *
CardBattleEngineBenchmark.EngineIterateActions: Job-ERIHKH(Toolchain=InProcessNoEmitToolchain, IterationCount=15, LaunchCount=1, WarmupCount=3) [EntityCount=1, MaxDepth=1]
Runtime = ; GC = 
Mean = 53.257 μs, StdErr = 1.138 μs (2.14%), N = 13, StdDev = 4.102 μs
Min = 48.197 μs, Q1 = 50.356 μs, Median = 52.922 μs, Q3 = 54.379 μs, Max = 63.176 μs
IQR = 4.023 μs, LowerFence = 44.322 μs, UpperFence = 60.413 μs
ConfidenceInterval = [48.344 μs; 58.170 μs] (CI 99.9%), Margin = 4.913 μs (9.22% of Mean)
Skewness = 0.87, Kurtosis = 3.14, MValue = 2
-------------------- Histogram --------------------
[45.907 μs ; 49.251 μs) | @@
[49.251 μs ; 53.831 μs) | @@@@@@@
[53.831 μs ; 58.179 μs) | @@@
[58.179 μs ; 60.886 μs) | 
[60.886 μs ; 65.466 μs) | @
---------------------------------------------------

CardBattleEngineBenchmark.EngineIterateActions: Job-ERIHKH(Toolchain=InProcessNoEmitToolchain, IterationCount=15, LaunchCount=1, WarmupCount=3) [EntityCount=1, MaxDepth=2]
Runtime = ; GC = 
Mean = 81.621 μs, StdErr = 0.725 μs (0.89%), N = 13, StdDev = 2.613 μs
Min = 74.997 μs, Q1 = 80.280 μs, Median = 82.160 μs, Q3 = 83.017 μs, Max = 85.315 μs
IQR = 2.737 μs, LowerFence = 76.174 μs, UpperFence = 87.123 μs
ConfidenceInterval = [78.493 μs; 84.750 μs] (CI 99.9%), Margin = 3.129 μs (3.83% of Mean)
Skewness = -0.93, Kurtosis = 3.65, MValue = 2
-------------------- Histogram --------------------
[73.539 μs ; 76.456 μs) | @
[76.456 μs ; 79.964 μs) | 
[79.964 μs ; 82.881 μs) | @@@@@@@@
[82.881 μs ; 85.624 μs) | @@@@
---------------------------------------------------

CardBattleEngineBenchmark.EngineIterateActions: Job-ERIHKH(Toolchain=InProcessNoEmitToolchain, IterationCount=15, LaunchCount=1, WarmupCount=3) [EntityCount=1, MaxDepth=3]
Runtime = ; GC = 
Mean = 118.461 μs, StdErr = 1.900 μs (1.60%), N = 15, StdDev = 7.359 μs
Min = 108.467 μs, Q1 = 112.794 μs, Median = 116.997 μs, Q3 = 125.012 μs, Max = 131.862 μs
IQR = 12.218 μs, LowerFence = 94.467 μs, UpperFence = 143.339 μs
ConfidenceInterval = [110.594 μs; 126.329 μs] (CI 99.9%), Margin = 7.867 μs (6.64% of Mean)
Skewness = 0.32, Kurtosis = 1.6, MValue = 3
-------------------- Histogram --------------------
[104.551 μs ; 110.173 μs) | @
[110.173 μs ; 118.006 μs) | @@@@@@@@
[118.006 μs ; 124.419 μs) | @
[124.419 μs ; 132.252 μs) | @@@@@
---------------------------------------------------

CardBattleEngineBenchmark.EngineIterateActions: Job-ERIHKH(Toolchain=InProcessNoEmitToolchain, IterationCount=15, LaunchCount=1, WarmupCount=3) [EntityCount=1, MaxDepth=4]
Runtime = ; GC = 
Mean = 117.745 μs, StdErr = 1.528 μs (1.30%), N = 15, StdDev = 5.919 μs
Min = 108.303 μs, Q1 = 113.449 μs, Median = 117.834 μs, Q3 = 121.174 μs, Max = 129.807 μs
IQR = 7.725 μs, LowerFence = 101.862 μs, UpperFence = 132.761 μs
ConfidenceInterval = [111.417 μs; 124.073 μs] (CI 99.9%), Margin = 6.328 μs (5.37% of Mean)
Skewness = 0.33, Kurtosis = 2.12, MValue = 3
-------------------- Histogram --------------------
[107.217 μs ; 112.799 μs) | @@@
[112.799 μs ; 119.099 μs) | @@@@@@@@
[119.099 μs ; 123.514 μs) | 
[123.514 μs ; 129.815 μs) | @@@@
---------------------------------------------------

CardBattleEngineBenchmark.EngineIterateActions: Job-ERIHKH(Toolchain=InProcessNoEmitToolchain, IterationCount=15, LaunchCount=1, WarmupCount=3) [EntityCount=2, MaxDepth=1]
Runtime = ; GC = 
Mean = 171.502 μs, StdErr = 2.710 μs (1.58%), N = 13, StdDev = 9.770 μs
Min = 159.817 μs, Q1 = 165.744 μs, Median = 170.424 μs, Q3 = 172.521 μs, Max = 195.205 μs
IQR = 6.777 μs, LowerFence = 155.579 μs, UpperFence = 182.687 μs
ConfidenceInterval = [159.802 μs; 183.202 μs] (CI 99.9%), Margin = 11.700 μs (6.82% of Mean)
Skewness = 1.1, Kurtosis = 3.29, MValue = 2
-------------------- Histogram --------------------
[154.363 μs ; 162.202 μs) | @
[162.202 μs ; 173.108 μs) | @@@@@@@@@
[173.108 μs ; 186.819 μs) | @@
[186.819 μs ; 200.658 μs) | @
---------------------------------------------------

CardBattleEngineBenchmark.EngineIterateActions: Job-ERIHKH(Toolchain=InProcessNoEmitToolchain, IterationCount=15, LaunchCount=1, WarmupCount=3) [EntityCount=2, MaxDepth=2]
Runtime = ; GC = 
Mean = 429.381 μs, StdErr = 6.438 μs (1.50%), N = 15, StdDev = 24.935 μs
Min = 400.082 μs, Q1 = 412.466 μs, Median = 420.112 μs, Q3 = 446.328 μs, Max = 490.737 μs
IQR = 33.862 μs, LowerFence = 361.673 μs, UpperFence = 497.121 μs
ConfidenceInterval = [402.724 μs; 456.037 μs] (CI 99.9%), Margin = 26.657 μs (6.21% of Mean)
Skewness = 0.87, Kurtosis = 2.89, MValue = 2.22
-------------------- Histogram --------------------
[396.827 μs ; 431.526 μs) | @@@@@@@@@
[431.526 μs ; 458.066 μs) | @@@@@
[458.066 μs ; 477.467 μs) | 
[477.467 μs ; 504.007 μs) | @
---------------------------------------------------

CardBattleEngineBenchmark.EngineIterateActions: Job-ERIHKH(Toolchain=InProcessNoEmitToolchain, IterationCount=15, LaunchCount=1, WarmupCount=3) [EntityCount=2, MaxDepth=3]
Runtime = ; GC = 
Mean = 652.672 μs, StdErr = 10.611 μs (1.63%), N = 14, StdDev = 39.702 μs
Min = 595.264 μs, Q1 = 634.410 μs, Median = 641.863 μs, Q3 = 680.806 μs, Max = 740.893 μs
IQR = 46.396 μs, LowerFence = 564.817 μs, UpperFence = 750.400 μs
ConfidenceInterval = [607.886 μs; 697.458 μs] (CI 99.9%), Margin = 44.786 μs (6.86% of Mean)
Skewness = 0.51, Kurtosis = 2.45, MValue = 2.29
-------------------- Histogram --------------------
[573.643 μs ; 603.038 μs) | @
[603.038 μs ; 646.279 μs) | @@@@@@@
[646.279 μs ; 693.851 μs) | @@@@@
[693.851 μs ; 719.272 μs) | 
[719.272 μs ; 762.513 μs) | @
---------------------------------------------------

CardBattleEngineBenchmark.EngineIterateActions: Job-ERIHKH(Toolchain=InProcessNoEmitToolchain, IterationCount=15, LaunchCount=1, WarmupCount=3) [EntityCount=2, MaxDepth=4]
Runtime = ; GC = 
Mean = 754.458 μs, StdErr = 7.651 μs (1.01%), N = 14, StdDev = 28.629 μs
Min = 719.650 μs, Q1 = 729.379 μs, Median = 750.668 μs, Q3 = 776.326 μs, Max = 810.978 μs
IQR = 46.948 μs, LowerFence = 658.957 μs, UpperFence = 846.748 μs
ConfidenceInterval = [722.164 μs; 786.753 μs] (CI 99.9%), Margin = 32.295 μs (4.28% of Mean)
Skewness = 0.38, Kurtosis = 1.77, MValue = 2
-------------------- Histogram --------------------
[716.156 μs ; 747.337 μs) | @@@@@@@
[747.337 μs ; 788.590 μs) | @@@@@@
[788.590 μs ; 826.568 μs) | @
---------------------------------------------------

CardBattleEngineBenchmark.EngineIterateActions: Job-ERIHKH(Toolchain=InProcessNoEmitToolchain, IterationCount=15, LaunchCount=1, WarmupCount=3) [EntityCount=3, MaxDepth=1]
Runtime = ; GC = 
Mean = 391.539 μs, StdErr = 3.248 μs (0.83%), N = 13, StdDev = 11.712 μs
Min = 374.152 μs, Q1 = 382.981 μs, Median = 390.667 μs, Q3 = 399.231 μs, Max = 418.056 μs
IQR = 16.250 μs, LowerFence = 358.607 μs, UpperFence = 423.606 μs
ConfidenceInterval = [377.513 μs; 405.564 μs] (CI 99.9%), Margin = 14.026 μs (3.58% of Mean)
Skewness = 0.54, Kurtosis = 2.71, MValue = 2.25
-------------------- Histogram --------------------
[372.029 μs ; 385.104 μs) | @@@@
[385.104 μs ; 402.454 μs) | @@@@@@@@
[402.454 μs ; 411.518 μs) | 
[411.518 μs ; 424.594 μs) | @
---------------------------------------------------

CardBattleEngineBenchmark.EngineIterateActions: Job-ERIHKH(Toolchain=InProcessNoEmitToolchain, IterationCount=15, LaunchCount=1, WarmupCount=3) [EntityCount=3, MaxDepth=2]
Runtime = ; GC = 
Mean = 1.495 ms, StdErr = 0.017 ms (1.13%), N = 15, StdDev = 0.065 ms
Min = 1.388 ms, Q1 = 1.446 ms, Median = 1.507 ms, Q3 = 1.523 ms, Max = 1.608 ms
IQR = 0.077 ms, LowerFence = 1.331 ms, UpperFence = 1.639 ms
ConfidenceInterval = [1.426 ms; 1.565 ms] (CI 99.9%), Margin = 0.070 ms (4.66% of Mean)
Skewness = 0.23, Kurtosis = 1.85, MValue = 2.29
-------------------- Histogram --------------------
[1.377 ms ; 1.444 ms) | @@@
[1.444 ms ; 1.513 ms) | @@@@@@@
[1.513 ms ; 1.562 ms) | @@
[1.562 ms ; 1.643 ms) | @@@
---------------------------------------------------

CardBattleEngineBenchmark.EngineIterateActions: Job-ERIHKH(Toolchain=InProcessNoEmitToolchain, IterationCount=15, LaunchCount=1, WarmupCount=3) [EntityCount=3, MaxDepth=3]
Runtime = ; GC = 
Mean = 2.235 ms, StdErr = 0.034 ms (1.53%), N = 15, StdDev = 0.132 ms
Min = 2.040 ms, Q1 = 2.132 ms, Median = 2.244 ms, Q3 = 2.326 ms, Max = 2.456 ms
IQR = 0.194 ms, LowerFence = 1.842 ms, UpperFence = 2.617 ms
ConfidenceInterval = [2.094 ms; 2.377 ms] (CI 99.9%), Margin = 0.141 ms (6.32% of Mean)
Skewness = 0.04, Kurtosis = 1.58, MValue = 3.67
-------------------- Histogram --------------------
[2.035 ms ; 2.176 ms) | @@@@@@
[2.176 ms ; 2.239 ms) | @
[2.239 ms ; 2.379 ms) | @@@@@@
[2.379 ms ; 2.527 ms) | @@
---------------------------------------------------

CardBattleEngineBenchmark.EngineIterateActions: Job-ERIHKH(Toolchain=InProcessNoEmitToolchain, IterationCount=15, LaunchCount=1, WarmupCount=3) [EntityCount=3, MaxDepth=4]
Runtime = ; GC = 
Mean = 2.881 ms, StdErr = 0.030 ms (1.05%), N = 14, StdDev = 0.113 ms
Min = 2.671 ms, Q1 = 2.802 ms, Median = 2.898 ms, Q3 = 2.973 ms, Max = 3.015 ms
IQR = 0.172 ms, LowerFence = 2.544 ms, UpperFence = 3.231 ms
ConfidenceInterval = [2.754 ms; 3.008 ms] (CI 99.9%), Margin = 0.127 ms (4.41% of Mean)
Skewness = -0.48, Kurtosis = 1.76, MValue = 3
-------------------- Histogram --------------------
[2.665 ms ; 2.788 ms) | @@@@
[2.788 ms ; 2.858 ms) | 
[2.858 ms ; 2.981 ms) | @@@@@@@@
[2.981 ms ; 3.077 ms) | @@
---------------------------------------------------

CardBattleEngineBenchmark.EngineIterateActions: Job-ERIHKH(Toolchain=InProcessNoEmitToolchain, IterationCount=15, LaunchCount=1, WarmupCount=3) [EntityCount=4, MaxDepth=1]
Runtime = ; GC = 
Mean = 792.646 μs, StdErr = 8.545 μs (1.08%), N = 13, StdDev = 30.808 μs
Min = 749.927 μs, Q1 = 769.038 μs, Median = 789.063 μs, Q3 = 807.633 μs, Max = 867.493 μs
IQR = 38.595 μs, LowerFence = 711.145 μs, UpperFence = 865.526 μs
ConfidenceInterval = [755.751 μs; 829.540 μs] (CI 99.9%), Margin = 36.894 μs (4.65% of Mean)
Skewness = 0.84, Kurtosis = 3.22, MValue = 2
-------------------- Histogram --------------------
[732.730 μs ; 761.496 μs) | @
[761.496 μs ; 795.890 μs) | @@@@@@@@
[795.890 μs ; 832.885 μs) | @@@
[832.885 μs ; 850.296 μs) | 
[850.296 μs ; 884.690 μs) | @
---------------------------------------------------

CardBattleEngineBenchmark.EngineIterateActions: Job-ERIHKH(Toolchain=InProcessNoEmitToolchain, IterationCount=15, LaunchCount=1, WarmupCount=3) [EntityCount=4, MaxDepth=2]
Runtime = ; GC = 
Mean = 4.379 ms, StdErr = 0.091 ms (2.08%), N = 15, StdDev = 0.354 ms
Min = 3.984 ms, Q1 = 4.056 ms, Median = 4.340 ms, Q3 = 4.638 ms, Max = 5.016 ms
IQR = 0.582 ms, LowerFence = 3.183 ms, UpperFence = 5.511 ms
ConfidenceInterval = [4.001 ms; 4.757 ms] (CI 99.9%), Margin = 0.378 ms (8.63% of Mean)
Skewness = 0.45, Kurtosis = 1.64, MValue = 2.75
-------------------- Histogram --------------------
[3.796 ms ; 3.999 ms) | @
[3.999 ms ; 4.375 ms) | @@@@@@@@
[4.375 ms ; 4.554 ms) | @
[4.554 ms ; 4.930 ms) | @@@@
[4.930 ms ; 5.204 ms) | @
---------------------------------------------------

CardBattleEngineBenchmark.EngineIterateActions: Job-ERIHKH(Toolchain=InProcessNoEmitToolchain, IterationCount=15, LaunchCount=1, WarmupCount=3) [EntityCount=4, MaxDepth=3]
Runtime = ; GC = 
Mean = 7.590 ms, StdErr = 0.177 ms (2.34%), N = 14, StdDev = 0.664 ms
Min = 6.770 ms, Q1 = 7.055 ms, Median = 7.458 ms, Q3 = 8.265 ms, Max = 8.578 ms
IQR = 1.211 ms, LowerFence = 5.239 ms, UpperFence = 10.082 ms
ConfidenceInterval = [6.842 ms; 8.339 ms] (CI 99.9%), Margin = 0.749 ms (9.86% of Mean)
Skewness = 0.45, Kurtosis = 1.5, MValue = 2.75
-------------------- Histogram --------------------
[6.408 ms ; 6.830 ms) | @
[6.830 ms ; 7.552 ms) | @@@@@@@@
[7.552 ms ; 8.150 ms) | @
[8.150 ms ; 8.939 ms) | @@@@
---------------------------------------------------

CardBattleEngineBenchmark.EngineIterateActions: Job-ERIHKH(Toolchain=InProcessNoEmitToolchain, IterationCount=15, LaunchCount=1, WarmupCount=3) [EntityCount=4, MaxDepth=4]
Runtime = ; GC = 
Mean = 9.388 ms, StdErr = 0.129 ms (1.38%), N = 15, StdDev = 0.501 ms
Min = 8.753 ms, Q1 = 9.014 ms, Median = 9.289 ms, Q3 = 9.718 ms, Max = 10.548 ms
IQR = 0.703 ms, LowerFence = 7.960 ms, UpperFence = 10.772 ms
ConfidenceInterval = [8.852 ms; 9.923 ms] (CI 99.9%), Margin = 0.536 ms (5.70% of Mean)
Skewness = 0.61, Kurtosis = 2.52, MValue = 2.29
-------------------- Histogram --------------------
[ 8.697 ms ;  9.230 ms) | @@@@@@@
[ 9.230 ms ;  9.934 ms) | @@@@@@@
[ 9.934 ms ; 10.282 ms) | 
[10.282 ms ; 10.815 ms) | @
---------------------------------------------------

CardBattleEngineBenchmark.EngineIterateActions: Job-ERIHKH(Toolchain=InProcessNoEmitToolchain, IterationCount=15, LaunchCount=1, WarmupCount=3) [EntityCount=5, MaxDepth=1]
Runtime = ; GC = 
Mean = 1.378 ms, StdErr = 0.013 ms (0.96%), N = 15, StdDev = 0.051 ms
Min = 1.319 ms, Q1 = 1.338 ms, Median = 1.371 ms, Q3 = 1.403 ms, Max = 1.489 ms
IQR = 0.064 ms, LowerFence = 1.242 ms, UpperFence = 1.499 ms
ConfidenceInterval = [1.323 ms; 1.432 ms] (CI 99.9%), Margin = 0.055 ms (3.96% of Mean)
Skewness = 0.71, Kurtosis = 2.48, MValue = 2.5
-------------------- Histogram --------------------
[1.318 ms ; 1.372 ms) | @@@@@@@@
[1.372 ms ; 1.421 ms) | @@@@@
[1.421 ms ; 1.451 ms) | 
[1.451 ms ; 1.505 ms) | @@
---------------------------------------------------

CardBattleEngineBenchmark.EngineIterateActions: Job-ERIHKH(Toolchain=InProcessNoEmitToolchain, IterationCount=15, LaunchCount=1, WarmupCount=3) [EntityCount=5, MaxDepth=2]
Runtime = ; GC = 
Mean = 9.268 ms, StdErr = 0.079 ms (0.85%), N = 15, StdDev = 0.306 ms
Min = 8.730 ms, Q1 = 9.071 ms, Median = 9.189 ms, Q3 = 9.564 ms, Max = 9.679 ms
IQR = 0.493 ms, LowerFence = 8.331 ms, UpperFence = 10.304 ms
ConfidenceInterval = [8.941 ms; 9.596 ms] (CI 99.9%), Margin = 0.327 ms (3.53% of Mean)
Skewness = -0.1, Kurtosis = 1.5, MValue = 3.43
-------------------- Histogram --------------------
[8.567 ms ; 8.883 ms) | @
[8.883 ms ; 9.209 ms) | @@@@@@@
[9.209 ms ; 9.448 ms) | @
[9.448 ms ; 9.774 ms) | @@@@@@
---------------------------------------------------

CardBattleEngineBenchmark.EngineIterateActions: Job-ERIHKH(Toolchain=InProcessNoEmitToolchain, IterationCount=15, LaunchCount=1, WarmupCount=3) [EntityCount=5, MaxDepth=3]
Runtime = ; GC = 
Mean = 23.471 ms, StdErr = 0.239 ms (1.02%), N = 15, StdDev = 0.925 ms
Min = 22.232 ms, Q1 = 22.633 ms, Median = 23.466 ms, Q3 = 23.839 ms, Max = 25.369 ms
IQR = 1.206 ms, LowerFence = 20.825 ms, UpperFence = 25.647 ms
ConfidenceInterval = [22.482 ms; 24.460 ms] (CI 99.9%), Margin = 0.989 ms (4.21% of Mean)
Skewness = 0.48, Kurtosis = 2.11, MValue = 2
-------------------- Histogram --------------------
[21.987 ms ; 23.090 ms) | @@@@@
[23.090 ms ; 24.074 ms) | @@@@@@@
[24.074 ms ; 25.514 ms) | @@@
---------------------------------------------------

CardBattleEngineBenchmark.EngineIterateActions: Job-ERIHKH(Toolchain=InProcessNoEmitToolchain, IterationCount=15, LaunchCount=1, WarmupCount=3) [EntityCount=5, MaxDepth=4]
Runtime = ; GC = 
Mean = 35.070 ms, StdErr = 0.345 ms (0.98%), N = 14, StdDev = 1.292 ms
Min = 33.175 ms, Q1 = 34.338 ms, Median = 34.543 ms, Q3 = 35.570 ms, Max = 38.189 ms
IQR = 1.232 ms, LowerFence = 32.490 ms, UpperFence = 37.418 ms
ConfidenceInterval = [33.613 ms; 36.528 ms] (CI 99.9%), Margin = 1.457 ms (4.16% of Mean)
Skewness = 0.94, Kurtosis = 3.12, MValue = 2
-------------------- Histogram --------------------
[32.471 ms ; 34.061 ms) | @
[34.061 ms ; 35.468 ms) | @@@@@@@@@
[35.468 ms ; 36.969 ms) | @@@
[36.969 ms ; 38.892 ms) | @
---------------------------------------------------

CardBattleEngineBenchmark.EngineIterateActions: Job-ERIHKH(Toolchain=InProcessNoEmitToolchain, IterationCount=15, LaunchCount=1, WarmupCount=3) [EntityCount=6, MaxDepth=1]
Runtime = ; GC = 
Mean = 2.353 ms, StdErr = 0.039 ms (1.64%), N = 15, StdDev = 0.149 ms
Min = 2.163 ms, Q1 = 2.223 ms, Median = 2.326 ms, Q3 = 2.455 ms, Max = 2.605 ms
IQR = 0.232 ms, LowerFence = 1.876 ms, UpperFence = 2.803 ms
ConfidenceInterval = [2.194 ms; 2.513 ms] (CI 99.9%), Margin = 0.160 ms (6.78% of Mean)
Skewness = 0.19, Kurtosis = 1.43, MValue = 3.43
-------------------- Histogram --------------------
[2.158 ms ; 2.317 ms) | @@@@@@@
[2.317 ms ; 2.411 ms) | @
[2.411 ms ; 2.570 ms) | @@@@@@
[2.570 ms ; 2.685 ms) | @
---------------------------------------------------

CardBattleEngineBenchmark.EngineIterateActions: Job-ERIHKH(Toolchain=InProcessNoEmitToolchain, IterationCount=15, LaunchCount=1, WarmupCount=3) [EntityCount=6, MaxDepth=2]
Runtime = ; GC = 
Mean = 22.167 ms, StdErr = 0.260 ms (1.17%), N = 15, StdDev = 1.006 ms
Min = 20.298 ms, Q1 = 21.692 ms, Median = 22.179 ms, Q3 = 22.756 ms, Max = 23.613 ms
IQR = 1.064 ms, LowerFence = 20.096 ms, UpperFence = 24.352 ms
ConfidenceInterval = [21.091 ms; 23.242 ms] (CI 99.9%), Margin = 1.075 ms (4.85% of Mean)
Skewness = -0.24, Kurtosis = 2.11, MValue = 2
-------------------- Histogram --------------------
[20.264 ms ; 21.461 ms) | @@@
[21.461 ms ; 22.532 ms) | @@@@@@@@
[22.532 ms ; 23.856 ms) | @@@@
---------------------------------------------------

CardBattleEngineBenchmark.EngineIterateActions: Job-ERIHKH(Toolchain=InProcessNoEmitToolchain, IterationCount=15, LaunchCount=1, WarmupCount=3) [EntityCount=6, MaxDepth=3]
Runtime = ; GC = 
Mean = 55.272 ms, StdErr = 0.479 ms (0.87%), N = 15, StdDev = 1.855 ms
Min = 52.604 ms, Q1 = 53.681 ms, Median = 55.926 ms, Q3 = 56.623 ms, Max = 58.137 ms
IQR = 2.943 ms, LowerFence = 49.267 ms, UpperFence = 61.037 ms
ConfidenceInterval = [53.289 ms; 57.255 ms] (CI 99.9%), Margin = 1.983 ms (3.59% of Mean)
Skewness = -0.02, Kurtosis = 1.33, MValue = 4
-------------------- Histogram --------------------
[52.491 ms ; 54.465 ms) | @@@@@@@
[54.465 ms ; 55.772 ms) | 
[55.772 ms ; 57.746 ms) | @@@@@@@
[57.746 ms ; 59.124 ms) | @
---------------------------------------------------

CardBattleEngineBenchmark.EngineIterateActions: Job-ERIHKH(Toolchain=InProcessNoEmitToolchain, IterationCount=15, LaunchCount=1, WarmupCount=3) [EntityCount=6, MaxDepth=4]
Runtime = ; GC = 
Mean = 86.978 ms, StdErr = 1.053 ms (1.21%), N = 15, StdDev = 4.078 ms
Min = 80.759 ms, Q1 = 84.117 ms, Median = 86.730 ms, Q3 = 88.671 ms, Max = 94.898 ms
IQR = 4.555 ms, LowerFence = 77.285 ms, UpperFence = 95.504 ms
ConfidenceInterval = [82.618 ms; 91.338 ms] (CI 99.9%), Margin = 4.360 ms (5.01% of Mean)
Skewness = 0.39, Kurtosis = 2.1, MValue = 2.25
-------------------- Histogram --------------------
[78.588 ms ; 83.009 ms) | @@
[83.009 ms ; 87.350 ms) | @@@@@@@@
[87.350 ms ; 91.322 ms) | @@
[91.322 ms ; 95.663 ms) | @@@
---------------------------------------------------

CardBattleEngineBenchmark.EngineIterateActions: Job-ERIHKH(Toolchain=InProcessNoEmitToolchain, IterationCount=15, LaunchCount=1, WarmupCount=3) [EntityCount=7, MaxDepth=1]
Runtime = ; GC = 
Mean = 2.417 ms, StdErr = 0.032 ms (1.34%), N = 15, StdDev = 0.125 ms
Min = 2.223 ms, Q1 = 2.316 ms, Median = 2.429 ms, Q3 = 2.497 ms, Max = 2.621 ms
IQR = 0.182 ms, LowerFence = 2.043 ms, UpperFence = 2.770 ms
ConfidenceInterval = [2.283 ms; 2.552 ms] (CI 99.9%), Margin = 0.134 ms (5.55% of Mean)
Skewness = 0, Kurtosis = 1.73, MValue = 2
-------------------- Histogram --------------------
[2.206 ms ; 2.360 ms) | @@@@@
[2.360 ms ; 2.507 ms) | @@@@@@
[2.507 ms ; 2.641 ms) | @@@@
---------------------------------------------------

CardBattleEngineBenchmark.EngineIterateActions: Job-ERIHKH(Toolchain=InProcessNoEmitToolchain, IterationCount=15, LaunchCount=1, WarmupCount=3) [EntityCount=7, MaxDepth=2]
Runtime = ; GC = 
Mean = 28.034 ms, StdErr = 0.233 ms (0.83%), N = 14, StdDev = 0.873 ms
Min = 26.263 ms, Q1 = 27.676 ms, Median = 28.294 ms, Q3 = 28.494 ms, Max = 29.569 ms
IQR = 0.819 ms, LowerFence = 26.448 ms, UpperFence = 29.722 ms
ConfidenceInterval = [27.049 ms; 29.018 ms] (CI 99.9%), Margin = 0.984 ms (3.51% of Mean)
Skewness = -0.41, Kurtosis = 2.39, MValue = 2
-------------------- Histogram --------------------
[26.185 ms ; 27.135 ms) | @@@
[27.135 ms ; 28.576 ms) | @@@@@@@@@
[28.576 ms ; 29.696 ms) | @@
---------------------------------------------------

CardBattleEngineBenchmark.EngineIterateActions: Job-ERIHKH(Toolchain=InProcessNoEmitToolchain, IterationCount=15, LaunchCount=1, WarmupCount=3) [EntityCount=7, MaxDepth=3]
Runtime = ; GC = 
Mean = 83.613 ms, StdErr = 0.859 ms (1.03%), N = 14, StdDev = 3.215 ms
Min = 77.827 ms, Q1 = 82.104 ms, Median = 83.004 ms, Q3 = 85.154 ms, Max = 90.559 ms
IQR = 3.050 ms, LowerFence = 77.529 ms, UpperFence = 89.730 ms
ConfidenceInterval = [79.987 ms; 87.240 ms] (CI 99.9%), Margin = 3.627 ms (4.34% of Mean)
Skewness = 0.42, Kurtosis = 2.67, MValue = 2.5
-------------------- Histogram --------------------
[76.076 ms ; 80.450 ms) | @
[80.450 ms ; 83.951 ms) | @@@@@@@@@
[83.951 ms ; 88.379 ms) | @@@
[88.379 ms ; 92.310 ms) | @
---------------------------------------------------

CardBattleEngineBenchmark.EngineIterateActions: Job-ERIHKH(Toolchain=InProcessNoEmitToolchain, IterationCount=15, LaunchCount=1, WarmupCount=3) [EntityCount=7, MaxDepth=4]
Runtime = ; GC = 
Mean = 138.262 ms, StdErr = 1.873 ms (1.35%), N = 15, StdDev = 7.253 ms
Min = 129.418 ms, Q1 = 131.916 ms, Median = 139.291 ms, Q3 = 142.798 ms, Max = 151.390 ms
IQR = 10.881 ms, LowerFence = 115.594 ms, UpperFence = 159.120 ms
ConfidenceInterval = [130.507 ms; 146.016 ms] (CI 99.9%), Margin = 7.754 ms (5.61% of Mean)
Skewness = 0.39, Kurtosis = 1.73, MValue = 2
-------------------- Histogram --------------------
[128.295 ms ; 136.015 ms) | @@@@@@@
[136.015 ms ; 145.846 ms) | @@@@@@
[145.846 ms ; 155.251 ms) | @@
---------------------------------------------------

// * Summary *

BenchmarkDotNet v0.15.8, Windows 11 (10.0.26200.9445/25H2/2025Update/HudsonValley2)
Intel Core Ultra 7 165H 1.40GHz, 1 CPU, 22 logical and 16 physical cores
.NET SDK 10.0.301
  [Host] : .NET 8.0.28 (8.0.28, 8.0.2826.26413), X64 RyuJIT x86-64-v3

Toolchain=InProcessNoEmitToolchain  IterationCount=15  LaunchCount=1  
WarmupCount=3  

| Method               | EntityCount | MaxDepth | Mean          | Error        | StdDev       |
|--------------------- |------------ |--------- |--------------:|-------------:|-------------:|
| EngineIterateActions | 1           | 1        |      53.26 μs |     4.913 μs |     4.102 μs |
| EngineIterateActions | 1           | 2        |      81.62 μs |     3.129 μs |     2.613 μs |
| EngineIterateActions | 1           | 3        |     118.46 μs |     7.867 μs |     7.359 μs |
| EngineIterateActions | 1           | 4        |     117.74 μs |     6.328 μs |     5.919 μs |
| EngineIterateActions | 2           | 1        |     171.50 μs |    11.700 μs |     9.770 μs |
| EngineIterateActions | 2           | 2        |     429.38 μs |    26.657 μs |    24.935 μs |
| EngineIterateActions | 2           | 3        |     652.67 μs |    44.786 μs |    39.702 μs |
| EngineIterateActions | 2           | 4        |     754.46 μs |    32.295 μs |    28.629 μs |
| EngineIterateActions | 3           | 1        |     391.54 μs |    14.026 μs |    11.712 μs |
| EngineIterateActions | 3           | 2        |   1,495.45 μs |    69.666 μs |    65.166 μs |
| EngineIterateActions | 3           | 3        |   2,235.47 μs |   141.361 μs |   132.230 μs |
| EngineIterateActions | 3           | 4        |   2,880.94 μs |   127.144 μs |   112.710 μs |
| EngineIterateActions | 4           | 1        |     792.65 μs |    36.894 μs |    30.808 μs |
| EngineIterateActions | 4           | 2        |   4,378.91 μs |   377.963 μs |   353.547 μs |
| EngineIterateActions | 4           | 3        |   7,590.25 μs |   748.672 μs |   663.678 μs |
| EngineIterateActions | 4           | 4        |   9,387.57 μs |   535.516 μs |   500.922 μs |
| EngineIterateActions | 5           | 1        |   1,377.98 μs |    54.504 μs |    50.983 μs |
| EngineIterateActions | 5           | 2        |   9,268.31 μs |   327.350 μs |   306.203 μs |
| EngineIterateActions | 5           | 3        |  23,471.19 μs |   988.744 μs |   924.871 μs |
| EngineIterateActions | 5           | 4        |  35,070.35 μs | 1,457.461 μs | 1,292.001 μs |
| EngineIterateActions | 6           | 1        |   2,353.44 μs |   159.601 μs |   149.291 μs |
| EngineIterateActions | 6           | 2        |  22,166.72 μs | 1,075.267 μs | 1,005.805 μs |
| EngineIterateActions | 6           | 3        |  55,272.00 μs | 1,983.147 μs | 1,855.037 μs |
| EngineIterateActions | 6           | 4        |  86,977.78 μs | 4,359.958 μs | 4,078.308 μs |
| EngineIterateActions | 7           | 1        |   2,417.44 μs |   134.071 μs |   125.410 μs |
| EngineIterateActions | 7           | 2        |  28,033.71 μs |   984.383 μs |   872.630 μs |
| EngineIterateActions | 7           | 3        |  83,613.15 μs | 3,626.610 μs | 3,214.895 μs |
| EngineIterateActions | 7           | 4        | 138,261.86 μs | 7,754.429 μs | 7,253.498 μs |

// * Warnings *
MultimodalDistribution
  CardBattleEngineBenchmark.EngineIterateActions: Toolchain=InProcessNoEmitToolchain, IterationCount=15, LaunchCount=1, WarmupCount=3 -> It seems that the distribution can have several modes (mValue = 3)
  CardBattleEngineBenchmark.EngineIterateActions: Toolchain=InProcessNoEmitToolchain, IterationCount=15, LaunchCount=1, WarmupCount=3 -> It seems that the distribution is bimodal (mValue = 3.67)
  CardBattleEngineBenchmark.EngineIterateActions: Toolchain=InProcessNoEmitToolchain, IterationCount=15, LaunchCount=1, WarmupCount=3 -> It seems that the distribution is bimodal (mValue = 3.43)
  CardBattleEngineBenchmark.EngineIterateActions: Toolchain=InProcessNoEmitToolchain, IterationCount=15, LaunchCount=1, WarmupCount=3 -> It seems that the distribution is bimodal (mValue = 4)

// * Hints *
Outliers
  CardBattleEngineBenchmark.EngineIterateActions: Toolchain=InProcessNoEmitToolchain, IterationCount=15, LaunchCount=1, WarmupCount=3 -> 2 outliers were removed (66.24 μs, 69.63 μs)
  CardBattleEngineBenchmark.EngineIterateActions: Toolchain=InProcessNoEmitToolchain, IterationCount=15, LaunchCount=1, WarmupCount=3 -> 2 outliers were removed (89.94 μs, 91.09 μs)
  CardBattleEngineBenchmark.EngineIterateActions: Toolchain=InProcessNoEmitToolchain, IterationCount=15, LaunchCount=1, WarmupCount=3 -> 2 outliers were removed (211.33 μs, 232.36 μs)
  CardBattleEngineBenchmark.EngineIterateActions: Toolchain=InProcessNoEmitToolchain, IterationCount=15, LaunchCount=1, WarmupCount=3 -> 1 outlier  was  removed (758.49 μs)
  CardBattleEngineBenchmark.EngineIterateActions: Toolchain=InProcessNoEmitToolchain, IterationCount=15, LaunchCount=1, WarmupCount=3 -> 1 outlier  was  removed (906.84 μs)
  CardBattleEngineBenchmark.EngineIterateActions: Toolchain=InProcessNoEmitToolchain, IterationCount=15, LaunchCount=1, WarmupCount=3 -> 2 outliers were removed (455.84 μs, 457.01 μs)
  CardBattleEngineBenchmark.EngineIterateActions: Toolchain=InProcessNoEmitToolchain, IterationCount=15, LaunchCount=1, WarmupCount=3 -> 1 outlier  was  removed (3.23 ms)
  CardBattleEngineBenchmark.EngineIterateActions: Toolchain=InProcessNoEmitToolchain, IterationCount=15, LaunchCount=1, WarmupCount=3 -> 2 outliers were removed (894.23 μs, 906.28 μs)
  CardBattleEngineBenchmark.EngineIterateActions: Toolchain=InProcessNoEmitToolchain, IterationCount=15, LaunchCount=1, WarmupCount=3 -> 1 outlier  was  removed (11.12 ms)
  CardBattleEngineBenchmark.EngineIterateActions: Toolchain=InProcessNoEmitToolchain, IterationCount=15, LaunchCount=1, WarmupCount=3 -> 1 outlier  was  removed (39.31 ms)
  CardBattleEngineBenchmark.EngineIterateActions: Toolchain=InProcessNoEmitToolchain, IterationCount=15, LaunchCount=1, WarmupCount=3 -> 1 outlier  was  removed, 2 outliers were detected (26.26 ms, 33.73 ms)
  CardBattleEngineBenchmark.EngineIterateActions: Toolchain=InProcessNoEmitToolchain, IterationCount=15, LaunchCount=1, WarmupCount=3 -> 1 outlier  was  removed (99.21 ms)

// * Legends *
  EntityCount : Value of the 'EntityCount' parameter
  MaxDepth    : Value of the 'MaxDepth' parameter
  Mean        : Arithmetic mean of all measurements
  Error       : Half of 99.9% confidence interval
  StdDev      : Standard deviation of all measurements
  1 μs        : 1 Microsecond (0.000001 sec)

// ***** BenchmarkRunner: End *****
Run time: 00:06:48 (408.47 sec), executed benchmarks: 28

Global total time: 00:06:50 (410.2 sec), executed benchmarks: 28
// * Artifacts cleanup *
Artifacts cleanup is finished
