// Validating benchmarks:
// ***** BenchmarkRunner: Start   *****
// ***** Found 28 benchmark(s) in total *****
// ***** Building 1 exe(s) in Parallel: Start   *****
// ***** Done, took 00:00:00 (0.01 sec)   *****
// Found 28 benchmarks:
//   CardBattleEngineBenchmark.EngineIterateActions: Job-ERIHKH(Toolchain=InProcessNoEmitToolchain, IterationCount=15, LaunchCount=1, WarmupCount=3) [EntityCount=1, MaxDepth=1]
//   CardBattleEngineBenchmark.EngineIterateActions: Job-ERIHKH(Toolchain=InProcessNoEmitToolchain, IterationCount=15, LaunchCount=1, WarmupCount=3) [EntityCount=1, MaxDepth=2]
//   CardBattleEngineBenchmark.EngineIterateActions: Job-ERIHKH(Toolchain=InProcessNoEmitToolchain, IterationCount=15, LaunchCount=1, WarmupCount=3) [EntityCount=1, MaxDepth=3]
//   CardBattleEngineBenchmark.EngineIterateActions: Job-ERIHKH(Toolchain=InProcessNoEmitToolchain, IterationCount=15, LaunchCount=1, WarmupCount=3) [EntityCount=1, MaxDepth=4]
//   CardBattleEngineBenchmark.EngineIterateActions: Job-ERIHKH(Toolchain=InProcessNoEmitToolchain, IterationCount=15, LaunchCount=1, WarmupCount=3) [EntityCount=2, MaxDepth=1]
//   CardBattleEngineBenchmark.EngineIterateActions: Job-ERIHKH(Toolchain=InProcessNoEmitToolchain, IterationCount=15, LaunchCount=1, WarmupCount=3) [EntityCount=2, MaxDepth=2]
//   CardBattleEngineBenchmark.EngineIterateActions: Job-ERIHKH(Toolchain=InProcessNoEmitToolchain, IterationCount=15, LaunchCount=1, WarmupCount=3) [EntityCount=2, MaxDepth=3]
//   CardBattleEngineBenchmark.EngineIterateActions: Job-ERIHKH(Toolchain=InProcessNoEmitToolchain, IterationCount=15, LaunchCount=1, WarmupCount=3) [EntityCount=2, MaxDepth=4]
//   CardBattleEngineBenchmark.EngineIterateActions: Job-ERIHKH(Toolchain=InProcessNoEmitToolchain, IterationCount=15, LaunchCount=1, WarmupCount=3) [EntityCount=3, MaxDepth=1]
//   CardBattleEngineBenchmark.EngineIterateActions: Job-ERIHKH(Toolchain=InProcessNoEmitToolchain, IterationCount=15, LaunchCount=1, WarmupCount=3) [EntityCount=3, MaxDepth=2]
//   CardBattleEngineBenchmark.EngineIterateActions: Job-ERIHKH(Toolchain=InProcessNoEmitToolchain, IterationCount=15, LaunchCount=1, WarmupCount=3) [EntityCount=3, MaxDepth=3]
//   CardBattleEngineBenchmark.EngineIterateActions: Job-ERIHKH(Toolchain=InProcessNoEmitToolchain, IterationCount=15, LaunchCount=1, WarmupCount=3) [EntityCount=3, MaxDepth=4]
//   CardBattleEngineBenchmark.EngineIterateActions: Job-ERIHKH(Toolchain=InProcessNoEmitToolchain, IterationCount=15, LaunchCount=1, WarmupCount=3) [EntityCount=4, MaxDepth=1]
//   CardBattleEngineBenchmark.EngineIterateActions: Job-ERIHKH(Toolchain=InProcessNoEmitToolchain, IterationCount=15, LaunchCount=1, WarmupCount=3) [EntityCount=4, MaxDepth=2]
//   CardBattleEngineBenchmark.EngineIterateActions: Job-ERIHKH(Toolchain=InProcessNoEmitToolchain, IterationCount=15, LaunchCount=1, WarmupCount=3) [EntityCount=4, MaxDepth=3]
//   CardBattleEngineBenchmark.EngineIterateActions: Job-ERIHKH(Toolchain=InProcessNoEmitToolchain, IterationCount=15, LaunchCount=1, WarmupCount=3) [EntityCount=4, MaxDepth=4]
//   CardBattleEngineBenchmark.EngineIterateActions: Job-ERIHKH(Toolchain=InProcessNoEmitToolchain, IterationCount=15, LaunchCount=1, WarmupCount=3) [EntityCount=5, MaxDepth=1]
//   CardBattleEngineBenchmark.EngineIterateActions: Job-ERIHKH(Toolchain=InProcessNoEmitToolchain, IterationCount=15, LaunchCount=1, WarmupCount=3) [EntityCount=5, MaxDepth=2]
//   CardBattleEngineBenchmark.EngineIterateActions: Job-ERIHKH(Toolchain=InProcessNoEmitToolchain, IterationCount=15, LaunchCount=1, WarmupCount=3) [EntityCount=5, MaxDepth=3]
//   CardBattleEngineBenchmark.EngineIterateActions: Job-ERIHKH(Toolchain=InProcessNoEmitToolchain, IterationCount=15, LaunchCount=1, WarmupCount=3) [EntityCount=5, MaxDepth=4]
//   CardBattleEngineBenchmark.EngineIterateActions: Job-ERIHKH(Toolchain=InProcessNoEmitToolchain, IterationCount=15, LaunchCount=1, WarmupCount=3) [EntityCount=6, MaxDepth=1]
//   CardBattleEngineBenchmark.EngineIterateActions: Job-ERIHKH(Toolchain=InProcessNoEmitToolchain, IterationCount=15, LaunchCount=1, WarmupCount=3) [EntityCount=6, MaxDepth=2]
//   CardBattleEngineBenchmark.EngineIterateActions: Job-ERIHKH(Toolchain=InProcessNoEmitToolchain, IterationCount=15, LaunchCount=1, WarmupCount=3) [EntityCount=6, MaxDepth=3]
//   CardBattleEngineBenchmark.EngineIterateActions: Job-ERIHKH(Toolchain=InProcessNoEmitToolchain, IterationCount=15, LaunchCount=1, WarmupCount=3) [EntityCount=6, MaxDepth=4]
//   CardBattleEngineBenchmark.EngineIterateActions: Job-ERIHKH(Toolchain=InProcessNoEmitToolchain, IterationCount=15, LaunchCount=1, WarmupCount=3) [EntityCount=7, MaxDepth=1]
//   CardBattleEngineBenchmark.EngineIterateActions: Job-ERIHKH(Toolchain=InProcessNoEmitToolchain, IterationCount=15, LaunchCount=1, WarmupCount=3) [EntityCount=7, MaxDepth=2]
//   CardBattleEngineBenchmark.EngineIterateActions: Job-ERIHKH(Toolchain=InProcessNoEmitToolchain, IterationCount=15, LaunchCount=1, WarmupCount=3) [EntityCount=7, MaxDepth=3]
//   CardBattleEngineBenchmark.EngineIterateActions: Job-ERIHKH(Toolchain=InProcessNoEmitToolchain, IterationCount=15, LaunchCount=1, WarmupCount=3) [EntityCount=7, MaxDepth=4]

Setup power plan (GUID: 8c5e7fda-e8bf-4a96-9a85-a6e23a8c635c FriendlyName: High performance)
// **************************
// Benchmark: CardBattleEngineBenchmark.EngineIterateActions: Job-ERIHKH(Toolchain=InProcessNoEmitToolchain, IterationCount=15, LaunchCount=1, WarmupCount=3) [EntityCount=1, MaxDepth=1]
// *** Execute ***
// Launch: 1 / 1

// Benchmark Process Environment Information:
// BenchmarkDotNet v0.15.8
// Runtime=.NET 8.0.28 (8.0.28, 8.0.2826.26413), X64 RyuJIT x86-64-v3
// GC=Concurrent Workstation
// HardwareIntrinsics=AVX2+BMI1+BMI2+F16C+FMA+LZCNT+MOVBE,AVX,SSE3+SSSE3+SSE4.1+SSE4.2+POPCNT,X86Base+SSE+SSE2,AES+PCLMUL,AvxVnni,SERIALIZE VectorSize=256
// Job: Job-ERIHKH(Toolchain=InProcessNoEmitToolchain, IterationCount=15, LaunchCount=1, WarmupCount=3)

OverheadJitting  1: 1 op, 79000.00 ns, 79.0000 us/op
WorkloadJitting  1: 1 op, 28746600.00 ns, 28.7466 ms/op

OverheadJitting  2: 16 op, 118600.00 ns, 7.4125 us/op
WorkloadJitting  2: 16 op, 3989300.00 ns, 249.3313 us/op

WorkloadPilot    1: 16 op, 3982100.00 ns, 248.8813 us/op
WorkloadPilot    2: 32 op, 5638400.00 ns, 176.2000 us/op
WorkloadPilot    3: 64 op, 12865500.00 ns, 201.0234 us/op
WorkloadPilot    4: 128 op, 24604600.00 ns, 192.2234 us/op
WorkloadPilot    5: 256 op, 43435700.00 ns, 169.6707 us/op
WorkloadPilot    6: 512 op, 93237400.00 ns, 182.1043 us/op
WorkloadPilot    7: 1024 op, 218791500.00 ns, 213.6636 us/op
WorkloadPilot    8: 2048 op, 357223200.00 ns, 174.4254 us/op
WorkloadPilot    9: 4096 op, 267912300.00 ns, 65.4083 us/op
WorkloadPilot   10: 8192 op, 516697300.00 ns, 63.0734 us/op

OverheadWarmup   1: 8192 op, 38200.00 ns, 4.6631 ns/op
OverheadWarmup   2: 8192 op, 35400.00 ns, 4.3213 ns/op
OverheadWarmup   3: 8192 op, 26000.00 ns, 3.1738 ns/op
OverheadWarmup   4: 8192 op, 25800.00 ns, 3.1494 ns/op
OverheadWarmup   5: 8192 op, 33000.00 ns, 4.0283 ns/op
OverheadWarmup   6: 8192 op, 30600.00 ns, 3.7354 ns/op
OverheadWarmup   7: 8192 op, 33200.00 ns, 4.0527 ns/op
OverheadWarmup   8: 8192 op, 28700.00 ns, 3.5034 ns/op

OverheadActual   1: 8192 op, 29800.00 ns, 3.6377 ns/op
OverheadActual   2: 8192 op, 28700.00 ns, 3.5034 ns/op
OverheadActual   3: 8192 op, 28800.00 ns, 3.5156 ns/op
OverheadActual   4: 8192 op, 28800.00 ns, 3.5156 ns/op
OverheadActual   5: 8192 op, 26500.00 ns, 3.2349 ns/op
OverheadActual   6: 8192 op, 26500.00 ns, 3.2349 ns/op
OverheadActual   7: 8192 op, 28700.00 ns, 3.5034 ns/op
OverheadActual   8: 8192 op, 26400.00 ns, 3.2227 ns/op
OverheadActual   9: 8192 op, 27200.00 ns, 3.3203 ns/op
OverheadActual  10: 8192 op, 28700.00 ns, 3.5034 ns/op
OverheadActual  11: 8192 op, 28500.00 ns, 3.4790 ns/op
OverheadActual  12: 8192 op, 26500.00 ns, 3.2349 ns/op
OverheadActual  13: 8192 op, 28800.00 ns, 3.5156 ns/op
OverheadActual  14: 8192 op, 28800.00 ns, 3.5156 ns/op
OverheadActual  15: 8192 op, 26600.00 ns, 3.2471 ns/op

WorkloadWarmup   1: 8192 op, 501546500.00 ns, 61.2239 us/op
WorkloadWarmup   2: 8192 op, 473298200.00 ns, 57.7757 us/op
WorkloadWarmup   3: 8192 op, 442157700.00 ns, 53.9743 us/op

WorkloadActual   1: 8192 op, 460920700.00 ns, 56.2647 us/op
WorkloadActual   2: 8192 op, 466513300.00 ns, 56.9474 us/op
WorkloadActual   3: 8192 op, 442037200.00 ns, 53.9596 us/op
WorkloadActual   4: 8192 op, 469402300.00 ns, 57.3001 us/op
WorkloadActual   5: 8192 op, 444382700.00 ns, 54.2459 us/op
WorkloadActual   6: 8192 op, 561123300.00 ns, 68.4965 us/op
WorkloadActual   7: 8192 op, 565734800.00 ns, 69.0594 us/op
WorkloadActual   8: 8192 op, 462600600.00 ns, 56.4698 us/op
WorkloadActual   9: 8192 op, 506450200.00 ns, 61.8225 us/op
WorkloadActual  10: 8192 op, 563749300.00 ns, 68.8171 us/op
WorkloadActual  11: 8192 op, 600522600.00 ns, 73.3060 us/op
WorkloadActual  12: 8192 op, 442125100.00 ns, 53.9703 us/op
WorkloadActual  13: 8192 op, 456805500.00 ns, 55.7624 us/op
WorkloadActual  14: 8192 op, 514630900.00 ns, 62.8212 us/op
WorkloadActual  15: 8192 op, 452322200.00 ns, 55.2151 us/op

WorkloadResult   1: 8192 op, 460892000.00 ns, 56.2612 us/op
WorkloadResult   2: 8192 op, 466484600.00 ns, 56.9439 us/op
WorkloadResult   3: 8192 op, 442008500.00 ns, 53.9561 us/op
WorkloadResult   4: 8192 op, 469373600.00 ns, 57.2966 us/op
WorkloadResult   5: 8192 op, 444354000.00 ns, 54.2424 us/op
WorkloadResult   6: 8192 op, 561094600.00 ns, 68.4930 us/op
WorkloadResult   7: 8192 op, 565706100.00 ns, 69.0559 us/op
WorkloadResult   8: 8192 op, 462571900.00 ns, 56.4663 us/op
WorkloadResult   9: 8192 op, 506421500.00 ns, 61.8190 us/op
WorkloadResult  10: 8192 op, 563720600.00 ns, 68.8135 us/op
WorkloadResult  11: 8192 op, 600493900.00 ns, 73.3025 us/op
WorkloadResult  12: 8192 op, 442096400.00 ns, 53.9668 us/op
WorkloadResult  13: 8192 op, 456776800.00 ns, 55.7589 us/op
WorkloadResult  14: 8192 op, 514602200.00 ns, 62.8177 us/op
WorkloadResult  15: 8192 op, 452293500.00 ns, 55.2116 us/op


Mean = 60.294 μs, StdErr = 1.703 μs (2.82%), N = 15, StdDev = 6.595 μs
Min = 53.956 μs, Q1 = 55.485 μs, Median = 56.944 μs, Q3 = 65.655 μs, Max = 73.302 μs
IQR = 10.170 μs, LowerFence = 40.230 μs, UpperFence = 80.910 μs
ConfidenceInterval = [53.244 μs; 67.344 μs] (CI 99.9%), Margin = 7.050 μs (11.69% of Mean)
Skewness = 0.68, Kurtosis = 1.79, MValue = 2.44

// ** Remained 27 (96.4%) benchmark(s) to run. Estimated finish 2026-09-09 16:35 (0h 4m from now) **
Setup power plan (GUID: 8c5e7fda-e8bf-4a96-9a85-a6e23a8c635c FriendlyName: High performance)
// **************************
// Benchmark: CardBattleEngineBenchmark.EngineIterateActions: Job-ERIHKH(Toolchain=InProcessNoEmitToolchain, IterationCount=15, LaunchCount=1, WarmupCount=3) [EntityCount=1, MaxDepth=2]
// *** Execute ***
// Launch: 1 / 1

// Benchmark Process Environment Information:
// BenchmarkDotNet v0.15.8
// Runtime=.NET 8.0.28 (8.0.28, 8.0.2826.26413), X64 RyuJIT x86-64-v3
// GC=Concurrent Workstation
// HardwareIntrinsics=AVX2+BMI1+BMI2+F16C+FMA+LZCNT+MOVBE,AVX,SSE3+SSSE3+SSE4.1+SSE4.2+POPCNT,X86Base+SSE+SSE2,AES+PCLMUL,AvxVnni,SERIALIZE VectorSize=256
// Job: Job-ERIHKH(Toolchain=InProcessNoEmitToolchain, IterationCount=15, LaunchCount=1, WarmupCount=3)

OverheadJitting  1: 1 op, 700.00 ns, 700.0000 ns/op
WorkloadJitting  1: 1 op, 387400.00 ns, 387.4000 us/op

OverheadJitting  2: 16 op, 600.00 ns, 37.5000 ns/op
WorkloadJitting  2: 16 op, 1170000.00 ns, 73.1250 us/op

WorkloadPilot    1: 16 op, 1261800.00 ns, 78.8625 us/op
WorkloadPilot    2: 32 op, 3352900.00 ns, 104.7781 us/op
WorkloadPilot    3: 64 op, 5240400.00 ns, 81.8813 us/op
WorkloadPilot    4: 128 op, 10925300.00 ns, 85.3539 us/op
WorkloadPilot    5: 256 op, 18341000.00 ns, 71.6445 us/op
WorkloadPilot    6: 512 op, 48912600.00 ns, 95.5324 us/op
WorkloadPilot    7: 1024 op, 100815800.00 ns, 98.4529 us/op
WorkloadPilot    8: 2048 op, 204808500.00 ns, 100.0042 us/op
WorkloadPilot    9: 4096 op, 341507300.00 ns, 83.3758 us/op
WorkloadPilot   10: 8192 op, 730411100.00 ns, 89.1615 us/op

OverheadWarmup   1: 8192 op, 23900.00 ns, 2.9175 ns/op
OverheadWarmup   2: 8192 op, 17400.00 ns, 2.1240 ns/op
OverheadWarmup   3: 8192 op, 18200.00 ns, 2.2217 ns/op
OverheadWarmup   4: 8192 op, 16500.00 ns, 2.0142 ns/op
OverheadWarmup   5: 8192 op, 16900.00 ns, 2.0630 ns/op
OverheadWarmup   6: 8192 op, 17000.00 ns, 2.0752 ns/op
OverheadWarmup   7: 8192 op, 18600.00 ns, 2.2705 ns/op
OverheadWarmup   8: 8192 op, 18600.00 ns, 2.2705 ns/op

OverheadActual   1: 8192 op, 18900.00 ns, 2.3071 ns/op
OverheadActual   2: 8192 op, 19000.00 ns, 2.3193 ns/op
OverheadActual   3: 8192 op, 19300.00 ns, 2.3560 ns/op
OverheadActual   4: 8192 op, 19800.00 ns, 2.4170 ns/op
OverheadActual   5: 8192 op, 19800.00 ns, 2.4170 ns/op
OverheadActual   6: 8192 op, 20000.00 ns, 2.4414 ns/op
OverheadActual   7: 8192 op, 19900.00 ns, 2.4292 ns/op
OverheadActual   8: 8192 op, 19800.00 ns, 2.4170 ns/op
OverheadActual   9: 8192 op, 20200.00 ns, 2.4658 ns/op
OverheadActual  10: 8192 op, 19900.00 ns, 2.4292 ns/op
OverheadActual  11: 8192 op, 19900.00 ns, 2.4292 ns/op
OverheadActual  12: 8192 op, 19600.00 ns, 2.3926 ns/op
OverheadActual  13: 8192 op, 19500.00 ns, 2.3804 ns/op
OverheadActual  14: 8192 op, 19700.00 ns, 2.4048 ns/op
OverheadActual  15: 8192 op, 19300.00 ns, 2.3560 ns/op

WorkloadWarmup   1: 8192 op, 644377600.00 ns, 78.6594 us/op
WorkloadWarmup   2: 8192 op, 649565600.00 ns, 79.2927 us/op
WorkloadWarmup   3: 8192 op, 637170100.00 ns, 77.7796 us/op

WorkloadActual   1: 8192 op, 629412400.00 ns, 76.8326 us/op
WorkloadActual   2: 8192 op, 616345100.00 ns, 75.2374 us/op
WorkloadActual   3: 8192 op, 666122900.00 ns, 81.3138 us/op
WorkloadActual   4: 8192 op, 636702300.00 ns, 77.7224 us/op
WorkloadActual   5: 8192 op, 755878700.00 ns, 92.2703 us/op
WorkloadActual   6: 8192 op, 699094900.00 ns, 85.3387 us/op
WorkloadActual   7: 8192 op, 612069700.00 ns, 74.7155 us/op
WorkloadActual   8: 8192 op, 657454800.00 ns, 80.2557 us/op
WorkloadActual   9: 8192 op, 612940700.00 ns, 74.8219 us/op
WorkloadActual  10: 8192 op, 610100700.00 ns, 74.4752 us/op
WorkloadActual  11: 8192 op, 673060800.00 ns, 82.1607 us/op
WorkloadActual  12: 8192 op, 683998300.00 ns, 83.4959 us/op
WorkloadActual  13: 8192 op, 658997900.00 ns, 80.4441 us/op
WorkloadActual  14: 8192 op, 680301300.00 ns, 83.0446 us/op
WorkloadActual  15: 8192 op, 630985500.00 ns, 77.0246 us/op

WorkloadResult   1: 8192 op, 629392600.00 ns, 76.8302 us/op
WorkloadResult   2: 8192 op, 616325300.00 ns, 75.2350 us/op
WorkloadResult   3: 8192 op, 666103100.00 ns, 81.3114 us/op
WorkloadResult   4: 8192 op, 636682500.00 ns, 77.7200 us/op
WorkloadResult   5: 8192 op, 755858900.00 ns, 92.2679 us/op
WorkloadResult   6: 8192 op, 699075100.00 ns, 85.3363 us/op
WorkloadResult   7: 8192 op, 612049900.00 ns, 74.7131 us/op
WorkloadResult   8: 8192 op, 657435000.00 ns, 80.2533 us/op
WorkloadResult   9: 8192 op, 612920900.00 ns, 74.8194 us/op
WorkloadResult  10: 8192 op, 610080900.00 ns, 74.4728 us/op
WorkloadResult  11: 8192 op, 673041000.00 ns, 82.1583 us/op
WorkloadResult  12: 8192 op, 683978500.00 ns, 83.4935 us/op
WorkloadResult  13: 8192 op, 658978100.00 ns, 80.4417 us/op
WorkloadResult  14: 8192 op, 680281500.00 ns, 83.0422 us/op
WorkloadResult  15: 8192 op, 630965700.00 ns, 77.0222 us/op


Mean = 79.941 μs, StdErr = 1.271 μs (1.59%), N = 15, StdDev = 4.922 μs
Min = 74.473 μs, Q1 = 76.033 μs, Median = 80.253 μs, Q3 = 82.600 μs, Max = 92.268 μs
IQR = 6.568 μs, LowerFence = 66.181 μs, UpperFence = 92.452 μs
ConfidenceInterval = [74.679 μs; 85.203 μs] (CI 99.9%), Margin = 5.262 μs (6.58% of Mean)
Skewness = 0.84, Kurtosis = 3.09, MValue = 2.29

// ** Remained 26 (92.9%) benchmark(s) to run. Estimated finish 2026-09-09 16:35 (0h 5m from now) **
Setup power plan (GUID: 8c5e7fda-e8bf-4a96-9a85-a6e23a8c635c FriendlyName: High performance)
// **************************
// Benchmark: CardBattleEngineBenchmark.EngineIterateActions: Job-ERIHKH(Toolchain=InProcessNoEmitToolchain, IterationCount=15, LaunchCount=1, WarmupCount=3) [EntityCount=1, MaxDepth=3]
// *** Execute ***
// Launch: 1 / 1

// Benchmark Process Environment Information:
// BenchmarkDotNet v0.15.8
// Runtime=.NET 8.0.28 (8.0.28, 8.0.2826.26413), X64 RyuJIT x86-64-v3
// GC=Concurrent Workstation
// HardwareIntrinsics=AVX2+BMI1+BMI2+F16C+FMA+LZCNT+MOVBE,AVX,SSE3+SSSE3+SSE4.1+SSE4.2+POPCNT,X86Base+SSE+SSE2,AES+PCLMUL,AvxVnni,SERIALIZE VectorSize=256
// Job: Job-ERIHKH(Toolchain=InProcessNoEmitToolchain, IterationCount=15, LaunchCount=1, WarmupCount=3)

OverheadJitting  1: 1 op, 400.00 ns, 400.0000 ns/op
WorkloadJitting  1: 1 op, 166600.00 ns, 166.6000 us/op

OverheadJitting  2: 16 op, 300.00 ns, 18.7500 ns/op
WorkloadJitting  2: 16 op, 2017900.00 ns, 126.1188 us/op

WorkloadPilot    1: 16 op, 1994100.00 ns, 124.6313 us/op
WorkloadPilot    2: 32 op, 5433200.00 ns, 169.7875 us/op
WorkloadPilot    3: 64 op, 6601400.00 ns, 103.1469 us/op
WorkloadPilot    4: 128 op, 14921400.00 ns, 116.5734 us/op
WorkloadPilot    5: 256 op, 26829100.00 ns, 104.8012 us/op
WorkloadPilot    6: 512 op, 60552300.00 ns, 118.2662 us/op
WorkloadPilot    7: 1024 op, 118966200.00 ns, 116.1779 us/op
WorkloadPilot    8: 2048 op, 238085500.00 ns, 116.2527 us/op
WorkloadPilot    9: 4096 op, 474612200.00 ns, 115.8721 us/op
WorkloadPilot   10: 8192 op, 952734300.00 ns, 116.3006 us/op

OverheadWarmup   1: 8192 op, 19200.00 ns, 2.3438 ns/op
OverheadWarmup   2: 8192 op, 17800.00 ns, 2.1729 ns/op
OverheadWarmup   3: 8192 op, 19000.00 ns, 2.3193 ns/op
OverheadWarmup   4: 8192 op, 24400.00 ns, 2.9785 ns/op
OverheadWarmup   5: 8192 op, 26700.00 ns, 3.2593 ns/op
OverheadWarmup   6: 8192 op, 21100.00 ns, 2.5757 ns/op
OverheadWarmup   7: 8192 op, 18600.00 ns, 2.2705 ns/op
OverheadWarmup   8: 8192 op, 19300.00 ns, 2.3560 ns/op
OverheadWarmup   9: 8192 op, 19400.00 ns, 2.3682 ns/op
OverheadWarmup  10: 8192 op, 24200.00 ns, 2.9541 ns/op

OverheadActual   1: 8192 op, 25000.00 ns, 3.0518 ns/op
OverheadActual   2: 8192 op, 22900.00 ns, 2.7954 ns/op
OverheadActual   3: 8192 op, 22600.00 ns, 2.7588 ns/op
OverheadActual   4: 8192 op, 22800.00 ns, 2.7832 ns/op
OverheadActual   5: 8192 op, 22000.00 ns, 2.6855 ns/op
OverheadActual   6: 8192 op, 22200.00 ns, 2.7100 ns/op
OverheadActual   7: 8192 op, 36000.00 ns, 4.3945 ns/op
OverheadActual   8: 8192 op, 19300.00 ns, 2.3560 ns/op
OverheadActual   9: 8192 op, 19900.00 ns, 2.4292 ns/op
OverheadActual  10: 8192 op, 20400.00 ns, 2.4902 ns/op
OverheadActual  11: 8192 op, 20800.00 ns, 2.5391 ns/op
OverheadActual  12: 8192 op, 21600.00 ns, 2.6367 ns/op
OverheadActual  13: 8192 op, 21400.00 ns, 2.6123 ns/op
OverheadActual  14: 8192 op, 21700.00 ns, 2.6489 ns/op
OverheadActual  15: 8192 op, 32600.00 ns, 3.9795 ns/op
OverheadActual  16: 8192 op, 18700.00 ns, 2.2827 ns/op
OverheadActual  17: 8192 op, 19500.00 ns, 2.3804 ns/op
OverheadActual  18: 8192 op, 20400.00 ns, 2.4902 ns/op
OverheadActual  19: 8192 op, 21700.00 ns, 2.6489 ns/op
OverheadActual  20: 8192 op, 19700.00 ns, 2.4048 ns/op

WorkloadWarmup   1: 8192 op, 1000937900.00 ns, 122.1848 us/op
WorkloadWarmup   2: 8192 op, 942908600.00 ns, 115.1011 us/op
WorkloadWarmup   3: 8192 op, 868202000.00 ns, 105.9817 us/op

WorkloadActual   1: 8192 op, 940960500.00 ns, 114.8633 us/op
WorkloadActual   2: 8192 op, 1038629800.00 ns, 126.7859 us/op
WorkloadActual   3: 8192 op, 840136500.00 ns, 102.5557 us/op
WorkloadActual   4: 8192 op, 821255800.00 ns, 100.2510 us/op
WorkloadActual   5: 8192 op, 808581500.00 ns, 98.7038 us/op
WorkloadActual   6: 8192 op, 826971400.00 ns, 100.9487 us/op
WorkloadActual   7: 8192 op, 860515800.00 ns, 105.0434 us/op
WorkloadActual   8: 8192 op, 852475600.00 ns, 104.0620 us/op
WorkloadActual   9: 8192 op, 892012300.00 ns, 108.8882 us/op
WorkloadActual  10: 8192 op, 847260600.00 ns, 103.4254 us/op
WorkloadActual  11: 8192 op, 856447300.00 ns, 104.5468 us/op
WorkloadActual  12: 8192 op, 853857600.00 ns, 104.2307 us/op
WorkloadActual  13: 8192 op, 838612500.00 ns, 102.3697 us/op
WorkloadActual  14: 8192 op, 883180500.00 ns, 107.8101 us/op
WorkloadActual  15: 8192 op, 965185100.00 ns, 117.8204 us/op

WorkloadResult   1: 8192 op, 940938850.00 ns, 114.8607 us/op
WorkloadResult   2: 8192 op, 840114850.00 ns, 102.5531 us/op
WorkloadResult   3: 8192 op, 821234150.00 ns, 100.2483 us/op
WorkloadResult   4: 8192 op, 808559850.00 ns, 98.7012 us/op
WorkloadResult   5: 8192 op, 826949750.00 ns, 100.9460 us/op
WorkloadResult   6: 8192 op, 860494150.00 ns, 105.0408 us/op
WorkloadResult   7: 8192 op, 852453950.00 ns, 104.0593 us/op
WorkloadResult   8: 8192 op, 891990650.00 ns, 108.8856 us/op
WorkloadResult   9: 8192 op, 847238950.00 ns, 103.4227 us/op
WorkloadResult  10: 8192 op, 856425650.00 ns, 104.5441 us/op
WorkloadResult  11: 8192 op, 853835950.00 ns, 104.2280 us/op
WorkloadResult  12: 8192 op, 838590850.00 ns, 102.3670 us/op
WorkloadResult  13: 8192 op, 883158850.00 ns, 107.8075 us/op


Mean = 104.436 μs, StdErr = 1.165 μs (1.12%), N = 13, StdDev = 4.202 μs
Min = 98.701 μs, Q1 = 102.367 μs, Median = 104.059 μs, Q3 = 105.041 μs, Max = 114.861 μs
IQR = 2.674 μs, LowerFence = 98.356 μs, UpperFence = 109.051 μs
ConfidenceInterval = [99.404 μs; 109.468 μs] (CI 99.9%), Margin = 5.032 μs (4.82% of Mean)
Skewness = 0.97, Kurtosis = 3.43, MValue = 2

// ** Remained 25 (89.3%) benchmark(s) to run. Estimated finish 2026-09-09 16:36 (0h 5m from now) **
Setup power plan (GUID: 8c5e7fda-e8bf-4a96-9a85-a6e23a8c635c FriendlyName: High performance)
// **************************
// Benchmark: CardBattleEngineBenchmark.EngineIterateActions: Job-ERIHKH(Toolchain=InProcessNoEmitToolchain, IterationCount=15, LaunchCount=1, WarmupCount=3) [EntityCount=1, MaxDepth=4]
// *** Execute ***
// Launch: 1 / 1

// Benchmark Process Environment Information:
// BenchmarkDotNet v0.15.8
// Runtime=.NET 8.0.28 (8.0.28, 8.0.2826.26413), X64 RyuJIT x86-64-v3
// GC=Concurrent Workstation
// HardwareIntrinsics=AVX2+BMI1+BMI2+F16C+FMA+LZCNT+MOVBE,AVX,SSE3+SSSE3+SSE4.1+SSE4.2+POPCNT,X86Base+SSE+SSE2,AES+PCLMUL,AvxVnni,SERIALIZE VectorSize=256
// Job: Job-ERIHKH(Toolchain=InProcessNoEmitToolchain, IterationCount=15, LaunchCount=1, WarmupCount=3)

OverheadJitting  1: 1 op, 400.00 ns, 400.0000 ns/op
WorkloadJitting  1: 1 op, 167200.00 ns, 167.2000 us/op

OverheadJitting  2: 16 op, 700.00 ns, 43.7500 ns/op
WorkloadJitting  2: 16 op, 1737900.00 ns, 108.6188 us/op

WorkloadPilot    1: 16 op, 2114100.00 ns, 132.1313 us/op
WorkloadPilot    2: 32 op, 5447800.00 ns, 170.2438 us/op
WorkloadPilot    3: 64 op, 6514100.00 ns, 101.7828 us/op
WorkloadPilot    4: 128 op, 13828000.00 ns, 108.0313 us/op
WorkloadPilot    5: 256 op, 27921400.00 ns, 109.0680 us/op
WorkloadPilot    6: 512 op, 61582100.00 ns, 120.2775 us/op
WorkloadPilot    7: 1024 op, 132843200.00 ns, 129.7297 us/op
WorkloadPilot    8: 2048 op, 234779000.00 ns, 114.6382 us/op
WorkloadPilot    9: 4096 op, 438622200.00 ns, 107.0855 us/op
WorkloadPilot   10: 8192 op, 862932500.00 ns, 105.3384 us/op

OverheadWarmup   1: 8192 op, 17600.00 ns, 2.1484 ns/op
OverheadWarmup   2: 8192 op, 17400.00 ns, 2.1240 ns/op
OverheadWarmup   3: 8192 op, 17500.00 ns, 2.1362 ns/op
OverheadWarmup   4: 8192 op, 17500.00 ns, 2.1362 ns/op
OverheadWarmup   5: 8192 op, 17100.00 ns, 2.0874 ns/op
OverheadWarmup   6: 8192 op, 17400.00 ns, 2.1240 ns/op

OverheadActual   1: 8192 op, 17100.00 ns, 2.0874 ns/op
OverheadActual   2: 8192 op, 17500.00 ns, 2.1362 ns/op
OverheadActual   3: 8192 op, 18900.00 ns, 2.3071 ns/op
OverheadActual   4: 8192 op, 18500.00 ns, 2.2583 ns/op
OverheadActual   5: 8192 op, 18900.00 ns, 2.3071 ns/op
OverheadActual   6: 8192 op, 20300.00 ns, 2.4780 ns/op
OverheadActual   7: 8192 op, 23900.00 ns, 2.9175 ns/op
OverheadActual   8: 8192 op, 26800.00 ns, 3.2715 ns/op
OverheadActual   9: 8192 op, 19700.00 ns, 2.4048 ns/op
OverheadActual  10: 8192 op, 19800.00 ns, 2.4170 ns/op
OverheadActual  11: 8192 op, 19400.00 ns, 2.3682 ns/op
OverheadActual  12: 8192 op, 19300.00 ns, 2.3560 ns/op
OverheadActual  13: 8192 op, 19500.00 ns, 2.3804 ns/op
OverheadActual  14: 8192 op, 17300.00 ns, 2.1118 ns/op
OverheadActual  15: 8192 op, 19400.00 ns, 2.3682 ns/op
OverheadActual  16: 8192 op, 19300.00 ns, 2.3560 ns/op
OverheadActual  17: 8192 op, 17400.00 ns, 2.1240 ns/op
OverheadActual  18: 8192 op, 23000.00 ns, 2.8076 ns/op
OverheadActual  19: 8192 op, 18100.00 ns, 2.2095 ns/op
OverheadActual  20: 8192 op, 18200.00 ns, 2.2217 ns/op

WorkloadWarmup   1: 8192 op, 902769200.00 ns, 110.2013 us/op
WorkloadWarmup   2: 8192 op, 946051800.00 ns, 115.4848 us/op
WorkloadWarmup   3: 8192 op, 948795900.00 ns, 115.8198 us/op

WorkloadActual   1: 8192 op, 907298600.00 ns, 110.7542 us/op
WorkloadActual   2: 8192 op, 868038800.00 ns, 105.9618 us/op
WorkloadActual   3: 8192 op, 892746900.00 ns, 108.9779 us/op
WorkloadActual   4: 8192 op, 873847700.00 ns, 106.6709 us/op
WorkloadActual   5: 8192 op, 932041700.00 ns, 113.7746 us/op
WorkloadActual   6: 8192 op, 941232600.00 ns, 114.8966 us/op
WorkloadActual   7: 8192 op, 985698500.00 ns, 120.3245 us/op
WorkloadActual   8: 8192 op, 914472500.00 ns, 111.6299 us/op
WorkloadActual   9: 8192 op, 950959000.00 ns, 116.0839 us/op
WorkloadActual  10: 8192 op, 943668900.00 ns, 115.1940 us/op
WorkloadActual  11: 8192 op, 906690700.00 ns, 110.6800 us/op
WorkloadActual  12: 8192 op, 908462200.00 ns, 110.8963 us/op
WorkloadActual  13: 8192 op, 887319400.00 ns, 108.3154 us/op
WorkloadActual  14: 8192 op, 890882600.00 ns, 108.7503 us/op
WorkloadActual  15: 8192 op, 905217300.00 ns, 110.5002 us/op

WorkloadResult   1: 8192 op, 907279300.00 ns, 110.7519 us/op
WorkloadResult   2: 8192 op, 868019500.00 ns, 105.9594 us/op
WorkloadResult   3: 8192 op, 892727600.00 ns, 108.9755 us/op
WorkloadResult   4: 8192 op, 873828400.00 ns, 106.6685 us/op
WorkloadResult   5: 8192 op, 932022400.00 ns, 113.7723 us/op
WorkloadResult   6: 8192 op, 941213300.00 ns, 114.8942 us/op
WorkloadResult   7: 8192 op, 985679200.00 ns, 120.3222 us/op
WorkloadResult   8: 8192 op, 914453200.00 ns, 111.6276 us/op
WorkloadResult   9: 8192 op, 950939700.00 ns, 116.0815 us/op
WorkloadResult  10: 8192 op, 943649600.00 ns, 115.1916 us/op
WorkloadResult  11: 8192 op, 906671400.00 ns, 110.6777 us/op
WorkloadResult  12: 8192 op, 908442900.00 ns, 110.8939 us/op
WorkloadResult  13: 8192 op, 887300100.00 ns, 108.3130 us/op
WorkloadResult  14: 8192 op, 890863300.00 ns, 108.7480 us/op
WorkloadResult  15: 8192 op, 905198000.00 ns, 110.4978 us/op


Mean = 111.558 μs, StdErr = 1.000 μs (0.90%), N = 15, StdDev = 3.872 μs
Min = 105.959 μs, Q1 = 108.862 μs, Median = 110.752 μs, Q3 = 114.333 μs, Max = 120.322 μs
IQR = 5.471 μs, LowerFence = 100.655 μs, UpperFence = 122.540 μs
ConfidenceInterval = [107.419 μs; 115.697 μs] (CI 99.9%), Margin = 4.139 μs (3.71% of Mean)
Skewness = 0.57, Kurtosis = 2.5, MValue = 2

// ** Remained 24 (85.7%) benchmark(s) to run. Estimated finish 2026-09-09 16:37 (0h 6m from now) **
Setup power plan (GUID: 8c5e7fda-e8bf-4a96-9a85-a6e23a8c635c FriendlyName: High performance)
// **************************
// Benchmark: CardBattleEngineBenchmark.EngineIterateActions: Job-ERIHKH(Toolchain=InProcessNoEmitToolchain, IterationCount=15, LaunchCount=1, WarmupCount=3) [EntityCount=2, MaxDepth=1]
// *** Execute ***
// Launch: 1 / 1

// Benchmark Process Environment Information:
// BenchmarkDotNet v0.15.8
// Runtime=.NET 8.0.28 (8.0.28, 8.0.2826.26413), X64 RyuJIT x86-64-v3
// GC=Concurrent Workstation
// HardwareIntrinsics=AVX2+BMI1+BMI2+F16C+FMA+LZCNT+MOVBE,AVX,SSE3+SSSE3+SSE4.1+SSE4.2+POPCNT,X86Base+SSE+SSE2,AES+PCLMUL,AvxVnni,SERIALIZE VectorSize=256
// Job: Job-ERIHKH(Toolchain=InProcessNoEmitToolchain, IterationCount=15, LaunchCount=1, WarmupCount=3)

OverheadJitting  1: 1 op, 400.00 ns, 400.0000 ns/op
WorkloadJitting  1: 1 op, 216200.00 ns, 216.2000 us/op

OverheadJitting  2: 16 op, 600.00 ns, 37.5000 ns/op
WorkloadJitting  2: 16 op, 2495900.00 ns, 155.9938 us/op

WorkloadPilot    1: 16 op, 3308600.00 ns, 206.7875 us/op
WorkloadPilot    2: 32 op, 6290100.00 ns, 196.5656 us/op
WorkloadPilot    3: 64 op, 10106900.00 ns, 157.9203 us/op
WorkloadPilot    4: 128 op, 21971400.00 ns, 171.6516 us/op
WorkloadPilot    5: 256 op, 41067600.00 ns, 160.4203 us/op
WorkloadPilot    6: 512 op, 90018300.00 ns, 175.8170 us/op
WorkloadPilot    7: 1024 op, 209837100.00 ns, 204.9190 us/op
WorkloadPilot    8: 2048 op, 333125200.00 ns, 162.6588 us/op
WorkloadPilot    9: 4096 op, 674352900.00 ns, 164.6369 us/op

OverheadWarmup   1: 4096 op, 9200.00 ns, 2.2461 ns/op
OverheadWarmup   2: 4096 op, 9100.00 ns, 2.2217 ns/op
OverheadWarmup   3: 4096 op, 9600.00 ns, 2.3438 ns/op
OverheadWarmup   4: 4096 op, 8700.00 ns, 2.1240 ns/op
OverheadWarmup   5: 4096 op, 8600.00 ns, 2.0996 ns/op
OverheadWarmup   6: 4096 op, 8600.00 ns, 2.0996 ns/op
OverheadWarmup   7: 4096 op, 9300.00 ns, 2.2705 ns/op

OverheadActual   1: 4096 op, 9600.00 ns, 2.3438 ns/op
OverheadActual   2: 4096 op, 9800.00 ns, 2.3926 ns/op
OverheadActual   3: 4096 op, 9600.00 ns, 2.3438 ns/op
OverheadActual   4: 4096 op, 9700.00 ns, 2.3682 ns/op
OverheadActual   5: 4096 op, 9600.00 ns, 2.3438 ns/op
OverheadActual   6: 4096 op, 9800.00 ns, 2.3926 ns/op
OverheadActual   7: 4096 op, 8900.00 ns, 2.1729 ns/op
OverheadActual   8: 4096 op, 9900.00 ns, 2.4170 ns/op
OverheadActual   9: 4096 op, 9800.00 ns, 2.3926 ns/op
OverheadActual  10: 4096 op, 10000.00 ns, 2.4414 ns/op
OverheadActual  11: 4096 op, 10300.00 ns, 2.5146 ns/op
OverheadActual  12: 4096 op, 8900.00 ns, 2.1729 ns/op
OverheadActual  13: 4096 op, 10400.00 ns, 2.5391 ns/op
OverheadActual  14: 4096 op, 9000.00 ns, 2.1973 ns/op
OverheadActual  15: 4096 op, 8900.00 ns, 2.1729 ns/op
OverheadActual  16: 4096 op, 8800.00 ns, 2.1484 ns/op
OverheadActual  17: 4096 op, 8900.00 ns, 2.1729 ns/op
OverheadActual  18: 4096 op, 8800.00 ns, 2.1484 ns/op
OverheadActual  19: 4096 op, 9500.00 ns, 2.3193 ns/op

WorkloadWarmup   1: 4096 op, 651488300.00 ns, 159.0548 us/op
WorkloadWarmup   2: 4096 op, 649247100.00 ns, 158.5076 us/op
WorkloadWarmup   3: 4096 op, 665146200.00 ns, 162.3892 us/op

WorkloadActual   1: 4096 op, 649023200.00 ns, 158.4529 us/op
WorkloadActual   2: 4096 op, 646885400.00 ns, 157.9310 us/op
WorkloadActual   3: 4096 op, 659462200.00 ns, 161.0015 us/op
WorkloadActual   4: 4096 op, 670600600.00 ns, 163.7208 us/op
WorkloadActual   5: 4096 op, 663863900.00 ns, 162.0761 us/op
WorkloadActual   6: 4096 op, 630195200.00 ns, 153.8563 us/op
WorkloadActual   7: 4096 op, 674671400.00 ns, 164.7147 us/op
WorkloadActual   8: 4096 op, 645550300.00 ns, 157.6051 us/op
WorkloadActual   9: 4096 op, 643501900.00 ns, 157.1050 us/op
WorkloadActual  10: 4096 op, 815475200.00 ns, 199.0906 us/op
WorkloadActual  11: 4096 op, 781432200.00 ns, 190.7793 us/op
WorkloadActual  12: 4096 op, 697060300.00 ns, 170.1807 us/op
WorkloadActual  13: 4096 op, 838756100.00 ns, 204.7744 us/op
WorkloadActual  14: 4096 op, 720189600.00 ns, 175.8275 us/op
WorkloadActual  15: 4096 op, 692757700.00 ns, 169.1303 us/op

WorkloadResult   1: 4096 op, 649013600.00 ns, 158.4506 us/op
WorkloadResult   2: 4096 op, 646875800.00 ns, 157.9287 us/op
WorkloadResult   3: 4096 op, 659452600.00 ns, 160.9992 us/op
WorkloadResult   4: 4096 op, 670591000.00 ns, 163.7185 us/op
WorkloadResult   5: 4096 op, 663854300.00 ns, 162.0738 us/op
WorkloadResult   6: 4096 op, 630185600.00 ns, 153.8539 us/op
WorkloadResult   7: 4096 op, 674661800.00 ns, 164.7124 us/op
WorkloadResult   8: 4096 op, 645540700.00 ns, 157.6027 us/op
WorkloadResult   9: 4096 op, 643492300.00 ns, 157.1026 us/op
WorkloadResult  10: 4096 op, 781422600.00 ns, 190.7770 us/op
WorkloadResult  11: 4096 op, 697050700.00 ns, 170.1784 us/op
WorkloadResult  12: 4096 op, 720180000.00 ns, 175.8252 us/op
WorkloadResult  13: 4096 op, 692748100.00 ns, 169.1280 us/op


Mean = 164.796 μs, StdErr = 2.757 μs (1.67%), N = 13, StdDev = 9.939 μs
Min = 153.854 μs, Q1 = 157.929 μs, Median = 162.074 μs, Q3 = 169.128 μs, Max = 190.777 μs
IQR = 11.199 μs, LowerFence = 141.130 μs, UpperFence = 185.927 μs
ConfidenceInterval = [152.894 μs; 176.699 μs] (CI 99.9%), Margin = 11.903 μs (7.22% of Mean)
Skewness = 1.28, Kurtosis = 3.91, MValue = 2

// ** Remained 23 (82.1%) benchmark(s) to run. Estimated finish 2026-09-09 16:37 (0h 5m from now) **
Setup power plan (GUID: 8c5e7fda-e8bf-4a96-9a85-a6e23a8c635c FriendlyName: High performance)
// **************************
// Benchmark: CardBattleEngineBenchmark.EngineIterateActions: Job-ERIHKH(Toolchain=InProcessNoEmitToolchain, IterationCount=15, LaunchCount=1, WarmupCount=3) [EntityCount=2, MaxDepth=2]
// *** Execute ***
// Launch: 1 / 1

// Benchmark Process Environment Information:
// BenchmarkDotNet v0.15.8
// Runtime=.NET 8.0.28 (8.0.28, 8.0.2826.26413), X64 RyuJIT x86-64-v3
// GC=Concurrent Workstation
// HardwareIntrinsics=AVX2+BMI1+BMI2+F16C+FMA+LZCNT+MOVBE,AVX,SSE3+SSSE3+SSE4.1+SSE4.2+POPCNT,X86Base+SSE+SSE2,AES+PCLMUL,AvxVnni,SERIALIZE VectorSize=256
// Job: Job-ERIHKH(Toolchain=InProcessNoEmitToolchain, IterationCount=15, LaunchCount=1, WarmupCount=3)

OverheadJitting  1: 1 op, 500.00 ns, 500.0000 ns/op
WorkloadJitting  1: 1 op, 456800.00 ns, 456.8000 us/op

OverheadJitting  2: 16 op, 600.00 ns, 37.5000 ns/op
WorkloadJitting  2: 16 op, 8174700.00 ns, 510.9188 us/op

WorkloadPilot    1: 16 op, 8927400.00 ns, 557.9625 us/op
WorkloadPilot    2: 32 op, 14860600.00 ns, 464.3938 us/op
WorkloadPilot    3: 64 op, 43566900.00 ns, 680.7328 us/op
WorkloadPilot    4: 128 op, 84233300.00 ns, 658.0727 us/op
WorkloadPilot    5: 256 op, 162194100.00 ns, 633.5707 us/op
WorkloadPilot    6: 512 op, 321318000.00 ns, 627.5742 us/op
WorkloadPilot    7: 1024 op, 585936500.00 ns, 572.2036 us/op

OverheadWarmup   1: 1024 op, 2800.00 ns, 2.7344 ns/op
OverheadWarmup   2: 1024 op, 2700.00 ns, 2.6367 ns/op
OverheadWarmup   3: 1024 op, 2600.00 ns, 2.5391 ns/op
OverheadWarmup   4: 1024 op, 2700.00 ns, 2.6367 ns/op
OverheadWarmup   5: 1024 op, 2600.00 ns, 2.5391 ns/op
OverheadWarmup   6: 1024 op, 2600.00 ns, 2.5391 ns/op
OverheadWarmup   7: 1024 op, 2500.00 ns, 2.4414 ns/op

OverheadActual   1: 1024 op, 2500.00 ns, 2.4414 ns/op
OverheadActual   2: 1024 op, 2600.00 ns, 2.5391 ns/op
OverheadActual   3: 1024 op, 2500.00 ns, 2.4414 ns/op
OverheadActual   4: 1024 op, 2500.00 ns, 2.4414 ns/op
OverheadActual   5: 1024 op, 2500.00 ns, 2.4414 ns/op
OverheadActual   6: 1024 op, 2600.00 ns, 2.5391 ns/op
OverheadActual   7: 1024 op, 2500.00 ns, 2.4414 ns/op
OverheadActual   8: 1024 op, 2600.00 ns, 2.5391 ns/op
OverheadActual   9: 1024 op, 2500.00 ns, 2.4414 ns/op
OverheadActual  10: 1024 op, 2400.00 ns, 2.3438 ns/op
OverheadActual  11: 1024 op, 2700.00 ns, 2.6367 ns/op
OverheadActual  12: 1024 op, 3000.00 ns, 2.9297 ns/op
OverheadActual  13: 1024 op, 3000.00 ns, 2.9297 ns/op
OverheadActual  14: 1024 op, 2900.00 ns, 2.8320 ns/op
OverheadActual  15: 1024 op, 3000.00 ns, 2.9297 ns/op
OverheadActual  16: 1024 op, 3000.00 ns, 2.9297 ns/op
OverheadActual  17: 1024 op, 2900.00 ns, 2.8320 ns/op
OverheadActual  18: 1024 op, 2900.00 ns, 2.8320 ns/op
OverheadActual  19: 1024 op, 2800.00 ns, 2.7344 ns/op
OverheadActual  20: 1024 op, 2800.00 ns, 2.7344 ns/op

WorkloadWarmup   1: 1024 op, 471703700.00 ns, 460.6481 us/op
WorkloadWarmup   2: 1024 op, 442024300.00 ns, 431.6644 us/op
WorkloadWarmup   3: 1024 op, 489897800.00 ns, 478.4158 us/op

WorkloadActual   1: 1024 op, 518143300.00 ns, 505.9993 us/op
WorkloadActual   2: 1024 op, 605663100.00 ns, 591.4679 us/op
WorkloadActual   3: 1024 op, 593271000.00 ns, 579.3662 us/op
WorkloadActual   4: 1024 op, 575763400.00 ns, 562.2689 us/op
WorkloadActual   5: 1024 op, 542049600.00 ns, 529.3453 us/op
WorkloadActual   6: 1024 op, 616631200.00 ns, 602.1789 us/op
WorkloadActual   7: 1024 op, 665603200.00 ns, 650.0031 us/op
WorkloadActual   8: 1024 op, 670014600.00 ns, 654.3111 us/op
WorkloadActual   9: 1024 op, 629953600.00 ns, 615.1891 us/op
WorkloadActual  10: 1024 op, 636806500.00 ns, 621.8813 us/op
WorkloadActual  11: 1024 op, 596002000.00 ns, 582.0332 us/op
WorkloadActual  12: 1024 op, 553249100.00 ns, 540.2823 us/op
WorkloadActual  13: 1024 op, 587058400.00 ns, 573.2992 us/op
WorkloadActual  14: 1024 op, 600432200.00 ns, 586.3596 us/op
WorkloadActual  15: 1024 op, 507223700.00 ns, 495.3356 us/op

WorkloadResult   1: 1024 op, 518140650.00 ns, 505.9967 us/op
WorkloadResult   2: 1024 op, 605660450.00 ns, 591.4653 us/op
WorkloadResult   3: 1024 op, 593268350.00 ns, 579.3636 us/op
WorkloadResult   4: 1024 op, 575760750.00 ns, 562.2664 us/op
WorkloadResult   5: 1024 op, 542046950.00 ns, 529.3427 us/op
WorkloadResult   6: 1024 op, 616628550.00 ns, 602.1763 us/op
WorkloadResult   7: 1024 op, 665600550.00 ns, 650.0005 us/op
WorkloadResult   8: 1024 op, 670011950.00 ns, 654.3085 us/op
WorkloadResult   9: 1024 op, 629950950.00 ns, 615.1865 us/op
WorkloadResult  10: 1024 op, 636803850.00 ns, 621.8788 us/op
WorkloadResult  11: 1024 op, 595999350.00 ns, 582.0306 us/op
WorkloadResult  12: 1024 op, 553246450.00 ns, 540.2797 us/op
WorkloadResult  13: 1024 op, 587055750.00 ns, 573.2966 us/op
WorkloadResult  14: 1024 op, 600429550.00 ns, 586.3570 us/op
WorkloadResult  15: 1024 op, 507221050.00 ns, 495.3331 us/op


Mean = 579.285 μs, StdErr = 12.193 μs (2.10%), N = 15, StdDev = 47.225 μs
Min = 495.333 μs, Q1 = 551.273 μs, Median = 582.031 μs, Q3 = 608.681 μs, Max = 654.309 μs
IQR = 57.408 μs, LowerFence = 465.161 μs, UpperFence = 694.794 μs
ConfidenceInterval = [528.799 μs; 629.772 μs] (CI 99.9%), Margin = 50.486 μs (8.72% of Mean)
Skewness = -0.17, Kurtosis = 2, MValue = 2.75

// ** Remained 22 (78.6%) benchmark(s) to run. Estimated finish 2026-09-09 16:37 (0h 5m from now) **
Setup power plan (GUID: 8c5e7fda-e8bf-4a96-9a85-a6e23a8c635c FriendlyName: High performance)
// **************************
// Benchmark: CardBattleEngineBenchmark.EngineIterateActions: Job-ERIHKH(Toolchain=InProcessNoEmitToolchain, IterationCount=15, LaunchCount=1, WarmupCount=3) [EntityCount=2, MaxDepth=3]
// *** Execute ***
// Launch: 1 / 1

// Benchmark Process Environment Information:
// BenchmarkDotNet v0.15.8
// Runtime=.NET 8.0.28 (8.0.28, 8.0.2826.26413), X64 RyuJIT x86-64-v3
// GC=Concurrent Workstation
// HardwareIntrinsics=AVX2+BMI1+BMI2+F16C+FMA+LZCNT+MOVBE,AVX,SSE3+SSSE3+SSE4.1+SSE4.2+POPCNT,X86Base+SSE+SSE2,AES+PCLMUL,AvxVnni,SERIALIZE VectorSize=256
// Job: Job-ERIHKH(Toolchain=InProcessNoEmitToolchain, IterationCount=15, LaunchCount=1, WarmupCount=3)

OverheadJitting  1: 1 op, 200.00 ns, 200.0000 ns/op
WorkloadJitting  1: 1 op, 602900.00 ns, 602.9000 us/op

OverheadJitting  2: 16 op, 300.00 ns, 18.7500 ns/op
WorkloadJitting  2: 16 op, 11283700.00 ns, 705.2313 us/op

WorkloadPilot    1: 16 op, 12206300.00 ns, 762.8938 us/op
WorkloadPilot    2: 32 op, 18637700.00 ns, 582.4281 us/op
WorkloadPilot    3: 64 op, 36829400.00 ns, 575.4594 us/op
WorkloadPilot    4: 128 op, 79927500.00 ns, 624.4336 us/op
WorkloadPilot    5: 256 op, 170652700.00 ns, 666.6121 us/op
WorkloadPilot    6: 512 op, 361697000.00 ns, 706.4395 us/op
WorkloadPilot    7: 1024 op, 675011100.00 ns, 659.1905 us/op

OverheadWarmup   1: 1024 op, 3100.00 ns, 3.0273 ns/op
OverheadWarmup   2: 1024 op, 3300.00 ns, 3.2227 ns/op
OverheadWarmup   3: 1024 op, 5400.00 ns, 5.2734 ns/op
OverheadWarmup   4: 1024 op, 3500.00 ns, 3.4180 ns/op
OverheadWarmup   5: 1024 op, 2900.00 ns, 2.8320 ns/op
OverheadWarmup   6: 1024 op, 2700.00 ns, 2.6367 ns/op
OverheadWarmup   7: 1024 op, 3800.00 ns, 3.7109 ns/op
OverheadWarmup   8: 1024 op, 2800.00 ns, 2.7344 ns/op

OverheadActual   1: 1024 op, 2600.00 ns, 2.5391 ns/op
OverheadActual   2: 1024 op, 2700.00 ns, 2.6367 ns/op
OverheadActual   3: 1024 op, 2500.00 ns, 2.4414 ns/op
OverheadActual   4: 1024 op, 2600.00 ns, 2.5391 ns/op
OverheadActual   5: 1024 op, 3100.00 ns, 3.0273 ns/op
OverheadActual   6: 1024 op, 3200.00 ns, 3.1250 ns/op
OverheadActual   7: 1024 op, 3200.00 ns, 3.1250 ns/op
OverheadActual   8: 1024 op, 2500.00 ns, 2.4414 ns/op
OverheadActual   9: 1024 op, 3200.00 ns, 3.1250 ns/op
OverheadActual  10: 1024 op, 3000.00 ns, 2.9297 ns/op
OverheadActual  11: 1024 op, 3600.00 ns, 3.5156 ns/op
OverheadActual  12: 1024 op, 3400.00 ns, 3.3203 ns/op
OverheadActual  13: 1024 op, 3100.00 ns, 3.0273 ns/op
OverheadActual  14: 1024 op, 3400.00 ns, 3.3203 ns/op
OverheadActual  15: 1024 op, 3100.00 ns, 3.0273 ns/op
OverheadActual  16: 1024 op, 3200.00 ns, 3.1250 ns/op
OverheadActual  17: 1024 op, 3100.00 ns, 3.0273 ns/op
OverheadActual  18: 1024 op, 3100.00 ns, 3.0273 ns/op
OverheadActual  19: 1024 op, 3200.00 ns, 3.1250 ns/op
OverheadActual  20: 1024 op, 3200.00 ns, 3.1250 ns/op

WorkloadWarmup   1: 1024 op, 672174400.00 ns, 656.4203 us/op
WorkloadWarmup   2: 1024 op, 624579600.00 ns, 609.9410 us/op
WorkloadWarmup   3: 1024 op, 651423000.00 ns, 636.1553 us/op

WorkloadActual   1: 1024 op, 618160000.00 ns, 603.6719 us/op
WorkloadActual   2: 1024 op, 682276300.00 ns, 666.2854 us/op
WorkloadActual   3: 1024 op, 645880300.00 ns, 630.7425 us/op
WorkloadActual   4: 1024 op, 728141900.00 ns, 711.0761 us/op
WorkloadActual   5: 1024 op, 802926900.00 ns, 784.1083 us/op
WorkloadActual   6: 1024 op, 826970800.00 ns, 807.5887 us/op
WorkloadActual   7: 1024 op, 858753400.00 ns, 838.6264 us/op
WorkloadActual   8: 1024 op, 661009800.00 ns, 645.5174 us/op
WorkloadActual   9: 1024 op, 860054600.00 ns, 839.8971 us/op
WorkloadActual  10: 1024 op, 777181200.00 ns, 758.9660 us/op
WorkloadActual  11: 1024 op, 715250300.00 ns, 698.4866 us/op
WorkloadActual  12: 1024 op, 722448000.00 ns, 705.5156 us/op
WorkloadActual  13: 1024 op, 730878000.00 ns, 713.7480 us/op
WorkloadActual  14: 1024 op, 704143100.00 ns, 687.6397 us/op
WorkloadActual  15: 1024 op, 829910800.00 ns, 810.4598 us/op

WorkloadResult   1: 1024 op, 618156900.00 ns, 603.6688 us/op
WorkloadResult   2: 1024 op, 682273200.00 ns, 666.2824 us/op
WorkloadResult   3: 1024 op, 645877200.00 ns, 630.7395 us/op
WorkloadResult   4: 1024 op, 728138800.00 ns, 711.0730 us/op
WorkloadResult   5: 1024 op, 802923800.00 ns, 784.1053 us/op
WorkloadResult   6: 1024 op, 826967700.00 ns, 807.5856 us/op
WorkloadResult   7: 1024 op, 858750300.00 ns, 838.6233 us/op
WorkloadResult   8: 1024 op, 661006700.00 ns, 645.5144 us/op
WorkloadResult   9: 1024 op, 860051500.00 ns, 839.8940 us/op
WorkloadResult  10: 1024 op, 777178100.00 ns, 758.9630 us/op
WorkloadResult  11: 1024 op, 715247200.00 ns, 698.4836 us/op
WorkloadResult  12: 1024 op, 722444900.00 ns, 705.5126 us/op
WorkloadResult  13: 1024 op, 730874900.00 ns, 713.7450 us/op
WorkloadResult  14: 1024 op, 704140000.00 ns, 687.6367 us/op
WorkloadResult  15: 1024 op, 829907700.00 ns, 810.4567 us/op


Mean = 726.819 μs, StdErr = 19.640 μs (2.70%), N = 15, StdDev = 76.065 μs
Min = 603.669 μs, Q1 = 676.960 μs, Median = 711.073 μs, Q3 = 795.845 μs, Max = 839.894 μs
IQR = 118.886 μs, LowerFence = 498.631 μs, UpperFence = 974.174 μs
ConfidenceInterval = [645.501 μs; 808.137 μs] (CI 99.9%), Margin = 81.318 μs (11.19% of Mean)
Skewness = 0.09, Kurtosis = 1.59, MValue = 3.71

// ** Remained 21 (75.0%) benchmark(s) to run. Estimated finish 2026-09-09 16:37 (0h 5m from now) **
Setup power plan (GUID: 8c5e7fda-e8bf-4a96-9a85-a6e23a8c635c FriendlyName: High performance)
// **************************
// Benchmark: CardBattleEngineBenchmark.EngineIterateActions: Job-ERIHKH(Toolchain=InProcessNoEmitToolchain, IterationCount=15, LaunchCount=1, WarmupCount=3) [EntityCount=2, MaxDepth=4]
// *** Execute ***
// Launch: 1 / 1

// Benchmark Process Environment Information:
// BenchmarkDotNet v0.15.8
// Runtime=.NET 8.0.28 (8.0.28, 8.0.2826.26413), X64 RyuJIT x86-64-v3
// GC=Concurrent Workstation
// HardwareIntrinsics=AVX2+BMI1+BMI2+F16C+FMA+LZCNT+MOVBE,AVX,SSE3+SSSE3+SSE4.1+SSE4.2+POPCNT,X86Base+SSE+SSE2,AES+PCLMUL,AvxVnni,SERIALIZE VectorSize=256
// Job: Job-ERIHKH(Toolchain=InProcessNoEmitToolchain, IterationCount=15, LaunchCount=1, WarmupCount=3)

OverheadJitting  1: 1 op, 600.00 ns, 600.0000 ns/op
WorkloadJitting  1: 1 op, 828700.00 ns, 828.7000 us/op

OverheadJitting  2: 16 op, 500.00 ns, 31.2500 ns/op
WorkloadJitting  2: 16 op, 16333100.00 ns, 1.0208 ms/op

WorkloadPilot    1: 16 op, 17922500.00 ns, 1.1202 ms/op
WorkloadPilot    2: 32 op, 29260700.00 ns, 914.3969 us/op
WorkloadPilot    3: 64 op, 57253900.00 ns, 894.5922 us/op
WorkloadPilot    4: 128 op, 103638300.00 ns, 809.6742 us/op
WorkloadPilot    5: 256 op, 210909300.00 ns, 823.8645 us/op
WorkloadPilot    6: 512 op, 442485900.00 ns, 864.2303 us/op
WorkloadPilot    7: 1024 op, 909179300.00 ns, 887.8704 us/op

OverheadWarmup   1: 1024 op, 4200.00 ns, 4.1016 ns/op
OverheadWarmup   2: 1024 op, 3200.00 ns, 3.1250 ns/op
OverheadWarmup   3: 1024 op, 3800.00 ns, 3.7109 ns/op
OverheadWarmup   4: 1024 op, 3600.00 ns, 3.5156 ns/op
OverheadWarmup   5: 1024 op, 3700.00 ns, 3.6133 ns/op
OverheadWarmup   6: 1024 op, 3800.00 ns, 3.7109 ns/op
OverheadWarmup   7: 1024 op, 3700.00 ns, 3.6133 ns/op

OverheadActual   1: 1024 op, 4200.00 ns, 4.1016 ns/op
OverheadActual   2: 1024 op, 3700.00 ns, 3.6133 ns/op
OverheadActual   3: 1024 op, 3800.00 ns, 3.7109 ns/op
OverheadActual   4: 1024 op, 3600.00 ns, 3.5156 ns/op
OverheadActual   5: 1024 op, 3500.00 ns, 3.4180 ns/op
OverheadActual   6: 1024 op, 4000.00 ns, 3.9063 ns/op
OverheadActual   7: 1024 op, 3800.00 ns, 3.7109 ns/op
OverheadActual   8: 1024 op, 4000.00 ns, 3.9063 ns/op
OverheadActual   9: 1024 op, 3900.00 ns, 3.8086 ns/op
OverheadActual  10: 1024 op, 4000.00 ns, 3.9063 ns/op
OverheadActual  11: 1024 op, 4400.00 ns, 4.2969 ns/op
OverheadActual  12: 1024 op, 4000.00 ns, 3.9063 ns/op
OverheadActual  13: 1024 op, 4000.00 ns, 3.9063 ns/op
OverheadActual  14: 1024 op, 3900.00 ns, 3.8086 ns/op
OverheadActual  15: 1024 op, 3900.00 ns, 3.8086 ns/op
OverheadActual  16: 1024 op, 3900.00 ns, 3.8086 ns/op

WorkloadWarmup   1: 1024 op, 819553400.00 ns, 800.3451 us/op
WorkloadWarmup   2: 1024 op, 1099481500.00 ns, 1.0737 ms/op
WorkloadWarmup   3: 1024 op, 1159922100.00 ns, 1.1327 ms/op

WorkloadActual   1: 1024 op, 1213487500.00 ns, 1.1850 ms/op
WorkloadActual   2: 1024 op, 897807900.00 ns, 876.7655 us/op
WorkloadActual   3: 1024 op, 856898500.00 ns, 836.8149 us/op
WorkloadActual   4: 1024 op, 1070192200.00 ns, 1.0451 ms/op
WorkloadActual   5: 1024 op, 1228511900.00 ns, 1.1997 ms/op
WorkloadActual   6: 1024 op, 1093991000.00 ns, 1.0684 ms/op
WorkloadActual   7: 1024 op, 905551600.00 ns, 884.3277 us/op
WorkloadActual   8: 1024 op, 1064866200.00 ns, 1.0399 ms/op
WorkloadActual   9: 1024 op, 908855600.00 ns, 887.5543 us/op
WorkloadActual  10: 1024 op, 916006400.00 ns, 894.5375 us/op
WorkloadActual  11: 1024 op, 909945900.00 ns, 888.6190 us/op
WorkloadActual  12: 1024 op, 831990000.00 ns, 812.4902 us/op
WorkloadActual  13: 1024 op, 847259500.00 ns, 827.4019 us/op
WorkloadActual  14: 1024 op, 859757900.00 ns, 839.6073 us/op
WorkloadActual  15: 1024 op, 893399000.00 ns, 872.4600 us/op

WorkloadResult   1: 1024 op, 1213483600.00 ns, 1.1850 ms/op
WorkloadResult   2: 1024 op, 897804000.00 ns, 876.7617 us/op
WorkloadResult   3: 1024 op, 856894600.00 ns, 836.8111 us/op
WorkloadResult   4: 1024 op, 1070188300.00 ns, 1.0451 ms/op
WorkloadResult   5: 1024 op, 1228508000.00 ns, 1.1997 ms/op
WorkloadResult   6: 1024 op, 1093987100.00 ns, 1.0683 ms/op
WorkloadResult   7: 1024 op, 905547700.00 ns, 884.3239 us/op
WorkloadResult   8: 1024 op, 1064862300.00 ns, 1.0399 ms/op
WorkloadResult   9: 1024 op, 908851700.00 ns, 887.5505 us/op
WorkloadResult  10: 1024 op, 916002500.00 ns, 894.5337 us/op
WorkloadResult  11: 1024 op, 909942000.00 ns, 888.6152 us/op
WorkloadResult  12: 1024 op, 831986100.00 ns, 812.4864 us/op
WorkloadResult  13: 1024 op, 847255600.00 ns, 827.3980 us/op
WorkloadResult  14: 1024 op, 859754000.00 ns, 839.6035 us/op
WorkloadResult  15: 1024 op, 893395100.00 ns, 872.4562 us/op


Mean = 943.910 μs, StdErr = 33.349 μs (3.53%), N = 15, StdDev = 129.161 μs
Min = 812.486 μs, Q1 = 856.030 μs, Median = 887.550 μs, Q3 = 1,042.505 μs, Max = 1,199.715 μs
IQR = 186.475 μs, LowerFence = 576.317 μs, UpperFence = 1,322.218 μs
ConfidenceInterval = [805.830 μs; 1,081.991 μs] (CI 99.9%), Margin = 138.081 μs (14.63% of Mean)
Skewness = 0.84, Kurtosis = 2.13, MValue = 2.6

// ** Remained 20 (71.4%) benchmark(s) to run. Estimated finish 2026-09-09 16:37 (0h 5m from now) **
Setup power plan (GUID: 8c5e7fda-e8bf-4a96-9a85-a6e23a8c635c FriendlyName: High performance)
// **************************
// Benchmark: CardBattleEngineBenchmark.EngineIterateActions: Job-ERIHKH(Toolchain=InProcessNoEmitToolchain, IterationCount=15, LaunchCount=1, WarmupCount=3) [EntityCount=3, MaxDepth=1]
// *** Execute ***
// Launch: 1 / 1

// Benchmark Process Environment Information:
// BenchmarkDotNet v0.15.8
// Runtime=.NET 8.0.28 (8.0.28, 8.0.2826.26413), X64 RyuJIT x86-64-v3
// GC=Concurrent Workstation
// HardwareIntrinsics=AVX2+BMI1+BMI2+F16C+FMA+LZCNT+MOVBE,AVX,SSE3+SSSE3+SSE4.1+SSE4.2+POPCNT,X86Base+SSE+SSE2,AES+PCLMUL,AvxVnni,SERIALIZE VectorSize=256
// Job: Job-ERIHKH(Toolchain=InProcessNoEmitToolchain, IterationCount=15, LaunchCount=1, WarmupCount=3)

OverheadJitting  1: 1 op, 400.00 ns, 400.0000 ns/op
WorkloadJitting  1: 1 op, 622800.00 ns, 622.8000 us/op

OverheadJitting  2: 16 op, 400.00 ns, 25.0000 ns/op
WorkloadJitting  2: 16 op, 12398900.00 ns, 774.9313 us/op

WorkloadPilot    1: 16 op, 14842000.00 ns, 927.6250 us/op
WorkloadPilot    2: 32 op, 16068200.00 ns, 502.1313 us/op
WorkloadPilot    3: 64 op, 31649600.00 ns, 494.5250 us/op
WorkloadPilot    4: 128 op, 56786300.00 ns, 443.6430 us/op
WorkloadPilot    5: 256 op, 112290400.00 ns, 438.6344 us/op
WorkloadPilot    6: 512 op, 251317200.00 ns, 490.8539 us/op
WorkloadPilot    7: 1024 op, 545319500.00 ns, 532.5386 us/op

OverheadWarmup   1: 1024 op, 5300.00 ns, 5.1758 ns/op
OverheadWarmup   2: 1024 op, 4100.00 ns, 4.0039 ns/op
OverheadWarmup   3: 1024 op, 4300.00 ns, 4.1992 ns/op
OverheadWarmup   4: 1024 op, 3900.00 ns, 3.8086 ns/op
OverheadWarmup   5: 1024 op, 3900.00 ns, 3.8086 ns/op
OverheadWarmup   6: 1024 op, 3400.00 ns, 3.3203 ns/op

OverheadActual   1: 1024 op, 4700.00 ns, 4.5898 ns/op
OverheadActual   2: 1024 op, 4100.00 ns, 4.0039 ns/op
OverheadActual   3: 1024 op, 3900.00 ns, 3.8086 ns/op
OverheadActual   4: 1024 op, 3700.00 ns, 3.6133 ns/op
OverheadActual   5: 1024 op, 3800.00 ns, 3.7109 ns/op
OverheadActual   6: 1024 op, 3900.00 ns, 3.8086 ns/op
OverheadActual   7: 1024 op, 3400.00 ns, 3.3203 ns/op
OverheadActual   8: 1024 op, 4200.00 ns, 4.1016 ns/op
OverheadActual   9: 1024 op, 3700.00 ns, 3.6133 ns/op
OverheadActual  10: 1024 op, 4100.00 ns, 4.0039 ns/op
OverheadActual  11: 1024 op, 3900.00 ns, 3.8086 ns/op
OverheadActual  12: 1024 op, 3700.00 ns, 3.6133 ns/op
OverheadActual  13: 1024 op, 3900.00 ns, 3.8086 ns/op
OverheadActual  14: 1024 op, 3400.00 ns, 3.3203 ns/op
OverheadActual  15: 1024 op, 5000.00 ns, 4.8828 ns/op
OverheadActual  16: 1024 op, 4300.00 ns, 4.1992 ns/op
OverheadActual  17: 1024 op, 4400.00 ns, 4.2969 ns/op
OverheadActual  18: 1024 op, 4300.00 ns, 4.1992 ns/op
OverheadActual  19: 1024 op, 5400.00 ns, 5.2734 ns/op
OverheadActual  20: 1024 op, 5000.00 ns, 4.8828 ns/op

WorkloadWarmup   1: 1024 op, 563983700.00 ns, 550.7653 us/op
WorkloadWarmup   2: 1024 op, 541409500.00 ns, 528.7202 us/op
WorkloadWarmup   3: 1024 op, 494909400.00 ns, 483.3100 us/op

WorkloadActual   1: 1024 op, 500624300.00 ns, 488.8909 us/op
WorkloadActual   2: 1024 op, 484992100.00 ns, 473.6251 us/op
WorkloadActual   3: 1024 op, 452018700.00 ns, 441.4245 us/op
WorkloadActual   4: 1024 op, 446919800.00 ns, 436.4451 us/op
WorkloadActual   5: 1024 op, 446062500.00 ns, 435.6079 us/op
WorkloadActual   6: 1024 op, 400455600.00 ns, 391.0699 us/op
WorkloadActual   7: 1024 op, 434056300.00 ns, 423.8831 us/op
WorkloadActual   8: 1024 op, 386848500.00 ns, 377.7817 us/op
WorkloadActual   9: 1024 op, 395666100.00 ns, 386.3927 us/op
WorkloadActual  10: 1024 op, 411416600.00 ns, 401.7740 us/op
WorkloadActual  11: 1024 op, 409908400.00 ns, 400.3012 us/op
WorkloadActual  12: 1024 op, 421510400.00 ns, 411.6313 us/op
WorkloadActual  13: 1024 op, 442867700.00 ns, 432.4880 us/op
WorkloadActual  14: 1024 op, 458778000.00 ns, 448.0254 us/op
WorkloadActual  15: 1024 op, 479990000.00 ns, 468.7402 us/op

WorkloadResult   1: 1024 op, 500620300.00 ns, 488.8870 us/op
WorkloadResult   2: 1024 op, 484988100.00 ns, 473.6212 us/op
WorkloadResult   3: 1024 op, 452014700.00 ns, 441.4206 us/op
WorkloadResult   4: 1024 op, 446915800.00 ns, 436.4412 us/op
WorkloadResult   5: 1024 op, 446058500.00 ns, 435.6040 us/op
WorkloadResult   6: 1024 op, 400451600.00 ns, 391.0660 us/op
WorkloadResult   7: 1024 op, 434052300.00 ns, 423.8792 us/op
WorkloadResult   8: 1024 op, 386844500.00 ns, 377.7778 us/op
WorkloadResult   9: 1024 op, 395662100.00 ns, 386.3888 us/op
WorkloadResult  10: 1024 op, 411412600.00 ns, 401.7701 us/op
WorkloadResult  11: 1024 op, 409904400.00 ns, 400.2973 us/op
WorkloadResult  12: 1024 op, 421506400.00 ns, 411.6273 us/op
WorkloadResult  13: 1024 op, 442863700.00 ns, 432.4841 us/op
WorkloadResult  14: 1024 op, 458774000.00 ns, 448.0215 us/op
WorkloadResult  15: 1024 op, 479986000.00 ns, 468.7363 us/op


Mean = 427.868 μs, StdErr = 8.601 μs (2.01%), N = 15, StdDev = 33.313 μs
Min = 377.778 μs, Q1 = 401.034 μs, Median = 432.484 μs, Q3 = 444.721 μs, Max = 488.887 μs
IQR = 43.687 μs, LowerFence = 335.503 μs, UpperFence = 510.252 μs
ConfidenceInterval = [392.255 μs; 463.481 μs] (CI 99.9%), Margin = 35.613 μs (8.32% of Mean)
Skewness = 0.2, Kurtosis = 1.81, MValue = 2

// ** Remained 19 (67.9%) benchmark(s) to run. Estimated finish 2026-09-09 16:37 (0h 4m from now) **
Setup power plan (GUID: 8c5e7fda-e8bf-4a96-9a85-a6e23a8c635c FriendlyName: High performance)
// **************************
// Benchmark: CardBattleEngineBenchmark.EngineIterateActions: Job-ERIHKH(Toolchain=InProcessNoEmitToolchain, IterationCount=15, LaunchCount=1, WarmupCount=3) [EntityCount=3, MaxDepth=2]
// *** Execute ***
// Launch: 1 / 1

// Benchmark Process Environment Information:
// BenchmarkDotNet v0.15.8
// Runtime=.NET 8.0.28 (8.0.28, 8.0.2826.26413), X64 RyuJIT x86-64-v3
// GC=Concurrent Workstation
// HardwareIntrinsics=AVX2+BMI1+BMI2+F16C+FMA+LZCNT+MOVBE,AVX,SSE3+SSSE3+SSE4.1+SSE4.2+POPCNT,X86Base+SSE+SSE2,AES+PCLMUL,AvxVnni,SERIALIZE VectorSize=256
// Job: Job-ERIHKH(Toolchain=InProcessNoEmitToolchain, IterationCount=15, LaunchCount=1, WarmupCount=3)

OverheadJitting  1: 1 op, 500.00 ns, 500.0000 ns/op
WorkloadJitting  1: 1 op, 1454500.00 ns, 1.4545 ms/op

OverheadJitting  2: 16 op, 500.00 ns, 31.2500 ns/op
WorkloadJitting  2: 16 op, 23157600.00 ns, 1.4474 ms/op

WorkloadPilot    1: 16 op, 23175700.00 ns, 1.4485 ms/op
WorkloadPilot    2: 32 op, 50015500.00 ns, 1.5630 ms/op
WorkloadPilot    3: 64 op, 90587200.00 ns, 1.4154 ms/op
WorkloadPilot    4: 128 op, 201658600.00 ns, 1.5755 ms/op
WorkloadPilot    5: 256 op, 421608100.00 ns, 1.6469 ms/op
WorkloadPilot    6: 512 op, 776391800.00 ns, 1.5164 ms/op

OverheadWarmup   1: 512 op, 1800.00 ns, 3.5156 ns/op
OverheadWarmup   2: 512 op, 1800.00 ns, 3.5156 ns/op
OverheadWarmup   3: 512 op, 1800.00 ns, 3.5156 ns/op
OverheadWarmup   4: 512 op, 1900.00 ns, 3.7109 ns/op
OverheadWarmup   5: 512 op, 1800.00 ns, 3.5156 ns/op

OverheadActual   1: 512 op, 1700.00 ns, 3.3203 ns/op
OverheadActual   2: 512 op, 1800.00 ns, 3.5156 ns/op
OverheadActual   3: 512 op, 1900.00 ns, 3.7109 ns/op
OverheadActual   4: 512 op, 1800.00 ns, 3.5156 ns/op
OverheadActual   5: 512 op, 1900.00 ns, 3.7109 ns/op
OverheadActual   6: 512 op, 1900.00 ns, 3.7109 ns/op
OverheadActual   7: 512 op, 2000.00 ns, 3.9063 ns/op
OverheadActual   8: 512 op, 1700.00 ns, 3.3203 ns/op
OverheadActual   9: 512 op, 2300.00 ns, 4.4922 ns/op
OverheadActual  10: 512 op, 1800.00 ns, 3.5156 ns/op
OverheadActual  11: 512 op, 2000.00 ns, 3.9063 ns/op
OverheadActual  12: 512 op, 1800.00 ns, 3.5156 ns/op
OverheadActual  13: 512 op, 1900.00 ns, 3.7109 ns/op
OverheadActual  14: 512 op, 1800.00 ns, 3.5156 ns/op
OverheadActual  15: 512 op, 1700.00 ns, 3.3203 ns/op
OverheadActual  16: 512 op, 1700.00 ns, 3.3203 ns/op
OverheadActual  17: 512 op, 1800.00 ns, 3.5156 ns/op
OverheadActual  18: 512 op, 1900.00 ns, 3.7109 ns/op
OverheadActual  19: 512 op, 1700.00 ns, 3.3203 ns/op
OverheadActual  20: 512 op, 1700.00 ns, 3.3203 ns/op

WorkloadWarmup   1: 512 op, 777832800.00 ns, 1.5192 ms/op
WorkloadWarmup   2: 512 op, 932925400.00 ns, 1.8221 ms/op
WorkloadWarmup   3: 512 op, 914993000.00 ns, 1.7871 ms/op

WorkloadActual   1: 512 op, 897029100.00 ns, 1.7520 ms/op
WorkloadActual   2: 512 op, 876640700.00 ns, 1.7122 ms/op
WorkloadActual   3: 512 op, 818233000.00 ns, 1.5981 ms/op
WorkloadActual   4: 512 op, 845181300.00 ns, 1.6507 ms/op
WorkloadActual   5: 512 op, 848160800.00 ns, 1.6566 ms/op
WorkloadActual   6: 512 op, 938815400.00 ns, 1.8336 ms/op
WorkloadActual   7: 512 op, 954580400.00 ns, 1.8644 ms/op
WorkloadActual   8: 512 op, 815284100.00 ns, 1.5924 ms/op
WorkloadActual   9: 512 op, 786189300.00 ns, 1.5355 ms/op
WorkloadActual  10: 512 op, 817516600.00 ns, 1.5967 ms/op
WorkloadActual  11: 512 op, 846283900.00 ns, 1.6529 ms/op
WorkloadActual  12: 512 op, 866272700.00 ns, 1.6919 ms/op
WorkloadActual  13: 512 op, 858030700.00 ns, 1.6758 ms/op
WorkloadActual  14: 512 op, 849337700.00 ns, 1.6589 ms/op
WorkloadActual  15: 512 op, 889181500.00 ns, 1.7367 ms/op

WorkloadResult   1: 512 op, 897027300.00 ns, 1.7520 ms/op
WorkloadResult   2: 512 op, 876638900.00 ns, 1.7122 ms/op
WorkloadResult   3: 512 op, 818231200.00 ns, 1.5981 ms/op
WorkloadResult   4: 512 op, 845179500.00 ns, 1.6507 ms/op
WorkloadResult   5: 512 op, 848159000.00 ns, 1.6566 ms/op
WorkloadResult   6: 512 op, 938813600.00 ns, 1.8336 ms/op
WorkloadResult   7: 512 op, 954578600.00 ns, 1.8644 ms/op
WorkloadResult   8: 512 op, 815282300.00 ns, 1.5923 ms/op
WorkloadResult   9: 512 op, 786187500.00 ns, 1.5355 ms/op
WorkloadResult  10: 512 op, 817514800.00 ns, 1.5967 ms/op
WorkloadResult  11: 512 op, 846282100.00 ns, 1.6529 ms/op
WorkloadResult  12: 512 op, 866270900.00 ns, 1.6919 ms/op
WorkloadResult  13: 512 op, 858028900.00 ns, 1.6758 ms/op
WorkloadResult  14: 512 op, 849335900.00 ns, 1.6589 ms/op
WorkloadResult  15: 512 op, 889179700.00 ns, 1.7367 ms/op


Mean = 1.681 ms, StdErr = 0.023 ms (1.37%), N = 15, StdDev = 0.089 ms
Min = 1.536 ms, Q1 = 1.624 ms, Median = 1.659 ms, Q3 = 1.724 ms, Max = 1.864 ms
IQR = 0.100 ms, LowerFence = 1.474 ms, UpperFence = 1.874 ms
ConfidenceInterval = [1.585 ms; 1.776 ms] (CI 99.9%), Margin = 0.096 ms (5.69% of Mean)
Skewness = 0.5, Kurtosis = 2.43, MValue = 2

// ** Remained 18 (64.3%) benchmark(s) to run. Estimated finish 2026-09-09 16:37 (0h 4m from now) **
Setup power plan (GUID: 8c5e7fda-e8bf-4a96-9a85-a6e23a8c635c FriendlyName: High performance)
// **************************
// Benchmark: CardBattleEngineBenchmark.EngineIterateActions: Job-ERIHKH(Toolchain=InProcessNoEmitToolchain, IterationCount=15, LaunchCount=1, WarmupCount=3) [EntityCount=3, MaxDepth=3]
// *** Execute ***
// Launch: 1 / 1

// Benchmark Process Environment Information:
// BenchmarkDotNet v0.15.8
// Runtime=.NET 8.0.28 (8.0.28, 8.0.2826.26413), X64 RyuJIT x86-64-v3
// GC=Concurrent Workstation
// HardwareIntrinsics=AVX2+BMI1+BMI2+F16C+FMA+LZCNT+MOVBE,AVX,SSE3+SSSE3+SSE4.1+SSE4.2+POPCNT,X86Base+SSE+SSE2,AES+PCLMUL,AvxVnni,SERIALIZE VectorSize=256
// Job: Job-ERIHKH(Toolchain=InProcessNoEmitToolchain, IterationCount=15, LaunchCount=1, WarmupCount=3)

OverheadJitting  1: 1 op, 400.00 ns, 400.0000 ns/op
WorkloadJitting  1: 1 op, 3297900.00 ns, 3.2979 ms/op

OverheadJitting  2: 16 op, 700.00 ns, 43.7500 ns/op
WorkloadJitting  2: 16 op, 62767900.00 ns, 3.9230 ms/op

WorkloadPilot    1: 16 op, 41768000.00 ns, 2.6105 ms/op
WorkloadPilot    2: 32 op, 79893700.00 ns, 2.4967 ms/op
WorkloadPilot    3: 64 op, 156160200.00 ns, 2.4400 ms/op
WorkloadPilot    4: 128 op, 290864600.00 ns, 2.2724 ms/op
WorkloadPilot    5: 256 op, 592904900.00 ns, 2.3160 ms/op

OverheadWarmup   1: 256 op, 1300.00 ns, 5.0781 ns/op
OverheadWarmup   2: 256 op, 1100.00 ns, 4.2969 ns/op
OverheadWarmup   3: 256 op, 1200.00 ns, 4.6875 ns/op
OverheadWarmup   4: 256 op, 1000.00 ns, 3.9063 ns/op
OverheadWarmup   5: 256 op, 1200.00 ns, 4.6875 ns/op
OverheadWarmup   6: 256 op, 1100.00 ns, 4.2969 ns/op

OverheadActual   1: 256 op, 1300.00 ns, 5.0781 ns/op
OverheadActual   2: 256 op, 1100.00 ns, 4.2969 ns/op
OverheadActual   3: 256 op, 1000.00 ns, 3.9063 ns/op
OverheadActual   4: 256 op, 900.00 ns, 3.5156 ns/op
OverheadActual   5: 256 op, 1100.00 ns, 4.2969 ns/op
OverheadActual   6: 256 op, 1000.00 ns, 3.9063 ns/op
OverheadActual   7: 256 op, 900.00 ns, 3.5156 ns/op
OverheadActual   8: 256 op, 900.00 ns, 3.5156 ns/op
OverheadActual   9: 256 op, 900.00 ns, 3.5156 ns/op
OverheadActual  10: 256 op, 1000.00 ns, 3.9063 ns/op
OverheadActual  11: 256 op, 1000.00 ns, 3.9063 ns/op
OverheadActual  12: 256 op, 800.00 ns, 3.1250 ns/op
OverheadActual  13: 256 op, 900.00 ns, 3.5156 ns/op
OverheadActual  14: 256 op, 1100.00 ns, 4.2969 ns/op
OverheadActual  15: 256 op, 1200.00 ns, 4.6875 ns/op
OverheadActual  16: 256 op, 1500.00 ns, 5.8594 ns/op
OverheadActual  17: 256 op, 1700.00 ns, 6.6406 ns/op
OverheadActual  18: 256 op, 1700.00 ns, 6.6406 ns/op
OverheadActual  19: 256 op, 1000.00 ns, 3.9063 ns/op
OverheadActual  20: 256 op, 1600.00 ns, 6.2500 ns/op

WorkloadWarmup   1: 256 op, 606531100.00 ns, 2.3693 ms/op
WorkloadWarmup   2: 256 op, 615581700.00 ns, 2.4046 ms/op
WorkloadWarmup   3: 256 op, 683347700.00 ns, 2.6693 ms/op

WorkloadActual   1: 256 op, 595582800.00 ns, 2.3265 ms/op
WorkloadActual   2: 256 op, 714341200.00 ns, 2.7904 ms/op
WorkloadActual   3: 256 op, 689808700.00 ns, 2.6946 ms/op
WorkloadActual   4: 256 op, 609765200.00 ns, 2.3819 ms/op
WorkloadActual   5: 256 op, 649338100.00 ns, 2.5365 ms/op
WorkloadActual   6: 256 op, 682375500.00 ns, 2.6655 ms/op
WorkloadActual   7: 256 op, 656479400.00 ns, 2.5644 ms/op
WorkloadActual   8: 256 op, 736923400.00 ns, 2.8786 ms/op
WorkloadActual   9: 256 op, 666433500.00 ns, 2.6033 ms/op
WorkloadActual  10: 256 op, 687775200.00 ns, 2.6866 ms/op
WorkloadActual  11: 256 op, 685978100.00 ns, 2.6796 ms/op
WorkloadActual  12: 256 op, 651869500.00 ns, 2.5464 ms/op
WorkloadActual  13: 256 op, 632480500.00 ns, 2.4706 ms/op
WorkloadActual  14: 256 op, 710397100.00 ns, 2.7750 ms/op
WorkloadActual  15: 256 op, 676668200.00 ns, 2.6432 ms/op

WorkloadResult   1: 256 op, 595581800.00 ns, 2.3265 ms/op
WorkloadResult   2: 256 op, 714340200.00 ns, 2.7904 ms/op
WorkloadResult   3: 256 op, 689807700.00 ns, 2.6946 ms/op
WorkloadResult   4: 256 op, 609764200.00 ns, 2.3819 ms/op
WorkloadResult   5: 256 op, 649337100.00 ns, 2.5365 ms/op
WorkloadResult   6: 256 op, 682374500.00 ns, 2.6655 ms/op
WorkloadResult   7: 256 op, 656478400.00 ns, 2.5644 ms/op
WorkloadResult   8: 256 op, 736922400.00 ns, 2.8786 ms/op
WorkloadResult   9: 256 op, 666432500.00 ns, 2.6033 ms/op
WorkloadResult  10: 256 op, 687774200.00 ns, 2.6866 ms/op
WorkloadResult  11: 256 op, 685977100.00 ns, 2.6796 ms/op
WorkloadResult  12: 256 op, 651868500.00 ns, 2.5464 ms/op
WorkloadResult  13: 256 op, 632479500.00 ns, 2.4706 ms/op
WorkloadResult  14: 256 op, 710396100.00 ns, 2.7750 ms/op
WorkloadResult  15: 256 op, 676667200.00 ns, 2.6432 ms/op


Mean = 2.616 ms, StdErr = 0.039 ms (1.48%), N = 15, StdDev = 0.150 ms
Min = 2.326 ms, Q1 = 2.541 ms, Median = 2.643 ms, Q3 = 2.691 ms, Max = 2.879 ms
IQR = 0.149 ms, LowerFence = 2.318 ms, UpperFence = 2.914 ms
ConfidenceInterval = [2.455 ms; 2.777 ms] (CI 99.9%), Margin = 0.161 ms (6.15% of Mean)
Skewness = -0.25, Kurtosis = 2.21, MValue = 2.67

// ** Remained 17 (60.7%) benchmark(s) to run. Estimated finish 2026-09-09 16:37 (0h 4m from now) **
Setup power plan (GUID: 8c5e7fda-e8bf-4a96-9a85-a6e23a8c635c FriendlyName: High performance)
// **************************
// Benchmark: CardBattleEngineBenchmark.EngineIterateActions: Job-ERIHKH(Toolchain=InProcessNoEmitToolchain, IterationCount=15, LaunchCount=1, WarmupCount=3) [EntityCount=3, MaxDepth=4]
// *** Execute ***
// Launch: 1 / 1

// Benchmark Process Environment Information:
// BenchmarkDotNet v0.15.8
// Runtime=.NET 8.0.28 (8.0.28, 8.0.2826.26413), X64 RyuJIT x86-64-v3
// GC=Concurrent Workstation
// HardwareIntrinsics=AVX2+BMI1+BMI2+F16C+FMA+LZCNT+MOVBE,AVX,SSE3+SSSE3+SSE4.1+SSE4.2+POPCNT,X86Base+SSE+SSE2,AES+PCLMUL,AvxVnni,SERIALIZE VectorSize=256
// Job: Job-ERIHKH(Toolchain=InProcessNoEmitToolchain, IterationCount=15, LaunchCount=1, WarmupCount=3)

OverheadJitting  1: 1 op, 500.00 ns, 500.0000 ns/op
WorkloadJitting  1: 1 op, 2631800.00 ns, 2.6318 ms/op

OverheadJitting  2: 16 op, 500.00 ns, 31.2500 ns/op
WorkloadJitting  2: 16 op, 52212700.00 ns, 3.2633 ms/op

WorkloadPilot    1: 16 op, 45855300.00 ns, 2.8660 ms/op
WorkloadPilot    2: 32 op, 108878300.00 ns, 3.4024 ms/op
WorkloadPilot    3: 64 op, 196700300.00 ns, 3.0734 ms/op
WorkloadPilot    4: 128 op, 488852500.00 ns, 3.8192 ms/op
WorkloadPilot    5: 256 op, 1104190000.00 ns, 4.3132 ms/op

OverheadWarmup   1: 256 op, 1500.00 ns, 5.8594 ns/op
OverheadWarmup   2: 256 op, 1200.00 ns, 4.6875 ns/op
OverheadWarmup   3: 256 op, 1300.00 ns, 5.0781 ns/op
OverheadWarmup   4: 256 op, 1300.00 ns, 5.0781 ns/op
OverheadWarmup   5: 256 op, 1000.00 ns, 3.9063 ns/op
OverheadWarmup   6: 256 op, 1000.00 ns, 3.9063 ns/op

OverheadActual   1: 256 op, 1100.00 ns, 4.2969 ns/op
OverheadActual   2: 256 op, 1200.00 ns, 4.6875 ns/op
OverheadActual   3: 256 op, 1100.00 ns, 4.2969 ns/op
OverheadActual   4: 256 op, 1000.00 ns, 3.9063 ns/op
OverheadActual   5: 256 op, 1100.00 ns, 4.2969 ns/op
OverheadActual   6: 256 op, 1100.00 ns, 4.2969 ns/op
OverheadActual   7: 256 op, 1000.00 ns, 3.9063 ns/op
OverheadActual   8: 256 op, 1300.00 ns, 5.0781 ns/op
OverheadActual   9: 256 op, 1200.00 ns, 4.6875 ns/op
OverheadActual  10: 256 op, 1200.00 ns, 4.6875 ns/op
OverheadActual  11: 256 op, 1200.00 ns, 4.6875 ns/op
OverheadActual  12: 256 op, 1200.00 ns, 4.6875 ns/op
OverheadActual  13: 256 op, 1500.00 ns, 5.8594 ns/op
OverheadActual  14: 256 op, 1500.00 ns, 5.8594 ns/op
OverheadActual  15: 256 op, 1600.00 ns, 6.2500 ns/op
OverheadActual  16: 256 op, 1300.00 ns, 5.0781 ns/op
OverheadActual  17: 256 op, 1200.00 ns, 4.6875 ns/op
OverheadActual  18: 256 op, 1200.00 ns, 4.6875 ns/op
OverheadActual  19: 256 op, 1500.00 ns, 5.8594 ns/op
OverheadActual  20: 256 op, 1400.00 ns, 5.4688 ns/op

WorkloadWarmup   1: 256 op, 960161000.00 ns, 3.7506 ms/op
WorkloadWarmup   2: 256 op, 996931000.00 ns, 3.8943 ms/op
WorkloadWarmup   3: 256 op, 919111100.00 ns, 3.5903 ms/op

WorkloadActual   1: 256 op, 971615000.00 ns, 3.7954 ms/op
WorkloadActual   2: 256 op, 900877900.00 ns, 3.5191 ms/op
WorkloadActual   3: 256 op, 729953900.00 ns, 2.8514 ms/op
WorkloadActual   4: 256 op, 876798700.00 ns, 3.4250 ms/op
WorkloadActual   5: 256 op, 941680100.00 ns, 3.6784 ms/op
WorkloadActual   6: 256 op, 967188800.00 ns, 3.7781 ms/op
WorkloadActual   7: 256 op, 1093412400.00 ns, 4.2711 ms/op
WorkloadActual   8: 256 op, 1158767300.00 ns, 4.5264 ms/op
WorkloadActual   9: 256 op, 990581800.00 ns, 3.8695 ms/op
WorkloadActual  10: 256 op, 1059006400.00 ns, 4.1367 ms/op
WorkloadActual  11: 256 op, 1058612000.00 ns, 4.1352 ms/op
WorkloadActual  12: 256 op, 1064471500.00 ns, 4.1581 ms/op
WorkloadActual  13: 256 op, 1114055500.00 ns, 4.3518 ms/op
WorkloadActual  14: 256 op, 992530700.00 ns, 3.8771 ms/op
WorkloadActual  15: 256 op, 1032671900.00 ns, 4.0339 ms/op

WorkloadResult   1: 256 op, 971613800.00 ns, 3.7954 ms/op
WorkloadResult   2: 256 op, 900876700.00 ns, 3.5190 ms/op
WorkloadResult   3: 256 op, 729952700.00 ns, 2.8514 ms/op
WorkloadResult   4: 256 op, 876797500.00 ns, 3.4250 ms/op
WorkloadResult   5: 256 op, 941678900.00 ns, 3.6784 ms/op
WorkloadResult   6: 256 op, 967187600.00 ns, 3.7781 ms/op
WorkloadResult   7: 256 op, 1093411200.00 ns, 4.2711 ms/op
WorkloadResult   8: 256 op, 1158766100.00 ns, 4.5264 ms/op
WorkloadResult   9: 256 op, 990580600.00 ns, 3.8695 ms/op
WorkloadResult  10: 256 op, 1059005200.00 ns, 4.1367 ms/op
WorkloadResult  11: 256 op, 1058610800.00 ns, 4.1352 ms/op
WorkloadResult  12: 256 op, 1064470300.00 ns, 4.1581 ms/op
WorkloadResult  13: 256 op, 1114054300.00 ns, 4.3518 ms/op
WorkloadResult  14: 256 op, 992529500.00 ns, 3.8771 ms/op
WorkloadResult  15: 256 op, 1032670700.00 ns, 4.0339 ms/op


Mean = 3.894 ms, StdErr = 0.109 ms (2.79%), N = 15, StdDev = 0.421 ms
Min = 2.851 ms, Q1 = 3.728 ms, Median = 3.877 ms, Q3 = 4.147 ms, Max = 4.526 ms
IQR = 0.419 ms, LowerFence = 3.100 ms, UpperFence = 4.776 ms
ConfidenceInterval = [3.444 ms; 4.343 ms] (CI 99.9%), Margin = 0.450 ms (11.55% of Mean)
Skewness = -0.76, Kurtosis = 3.17, MValue = 2

// ** Remained 16 (57.1%) benchmark(s) to run. Estimated finish 2026-09-09 16:37 (0h 4m from now) **
Setup power plan (GUID: 8c5e7fda-e8bf-4a96-9a85-a6e23a8c635c FriendlyName: High performance)
// **************************
// Benchmark: CardBattleEngineBenchmark.EngineIterateActions: Job-ERIHKH(Toolchain=InProcessNoEmitToolchain, IterationCount=15, LaunchCount=1, WarmupCount=3) [EntityCount=4, MaxDepth=1]
// *** Execute ***
// Launch: 1 / 1

// Benchmark Process Environment Information:
// BenchmarkDotNet v0.15.8
// Runtime=.NET 8.0.28 (8.0.28, 8.0.2826.26413), X64 RyuJIT x86-64-v3
// GC=Concurrent Workstation
// HardwareIntrinsics=AVX2+BMI1+BMI2+F16C+FMA+LZCNT+MOVBE,AVX,SSE3+SSSE3+SSE4.1+SSE4.2+POPCNT,X86Base+SSE+SSE2,AES+PCLMUL,AvxVnni,SERIALIZE VectorSize=256
// Job: Job-ERIHKH(Toolchain=InProcessNoEmitToolchain, IterationCount=15, LaunchCount=1, WarmupCount=3)

OverheadJitting  1: 1 op, 400.00 ns, 400.0000 ns/op
WorkloadJitting  1: 1 op, 1152900.00 ns, 1.1529 ms/op

OverheadJitting  2: 16 op, 500.00 ns, 31.2500 ns/op
WorkloadJitting  2: 16 op, 14543900.00 ns, 908.9938 us/op

WorkloadPilot    1: 16 op, 13838000.00 ns, 864.8750 us/op
WorkloadPilot    2: 32 op, 27627700.00 ns, 863.3656 us/op
WorkloadPilot    3: 64 op, 59531100.00 ns, 930.1734 us/op
WorkloadPilot    4: 128 op, 110574200.00 ns, 863.8609 us/op
WorkloadPilot    5: 256 op, 205952600.00 ns, 804.5023 us/op
WorkloadPilot    6: 512 op, 421654000.00 ns, 823.5430 us/op
WorkloadPilot    7: 1024 op, 867410100.00 ns, 847.0802 us/op

OverheadWarmup   1: 1024 op, 4200.00 ns, 4.1016 ns/op
OverheadWarmup   2: 1024 op, 3600.00 ns, 3.5156 ns/op
OverheadWarmup   3: 1024 op, 3500.00 ns, 3.4180 ns/op
OverheadWarmup   4: 1024 op, 3300.00 ns, 3.2227 ns/op
OverheadWarmup   5: 1024 op, 3200.00 ns, 3.1250 ns/op
OverheadWarmup   6: 1024 op, 3100.00 ns, 3.0273 ns/op
OverheadWarmup   7: 1024 op, 3000.00 ns, 2.9297 ns/op
OverheadWarmup   8: 1024 op, 3100.00 ns, 3.0273 ns/op
OverheadWarmup   9: 1024 op, 3300.00 ns, 3.2227 ns/op
OverheadWarmup  10: 1024 op, 3400.00 ns, 3.3203 ns/op

OverheadActual   1: 1024 op, 3200.00 ns, 3.1250 ns/op
OverheadActual   2: 1024 op, 3500.00 ns, 3.4180 ns/op
OverheadActual   3: 1024 op, 3400.00 ns, 3.3203 ns/op
OverheadActual   4: 1024 op, 3300.00 ns, 3.2227 ns/op
OverheadActual   5: 1024 op, 3200.00 ns, 3.1250 ns/op
OverheadActual   6: 1024 op, 3400.00 ns, 3.3203 ns/op
OverheadActual   7: 1024 op, 3400.00 ns, 3.3203 ns/op
OverheadActual   8: 1024 op, 3400.00 ns, 3.3203 ns/op
OverheadActual   9: 1024 op, 3400.00 ns, 3.3203 ns/op
OverheadActual  10: 1024 op, 3300.00 ns, 3.2227 ns/op
OverheadActual  11: 1024 op, 3300.00 ns, 3.2227 ns/op
OverheadActual  12: 1024 op, 3000.00 ns, 2.9297 ns/op
OverheadActual  13: 1024 op, 3400.00 ns, 3.3203 ns/op
OverheadActual  14: 1024 op, 3400.00 ns, 3.3203 ns/op
OverheadActual  15: 1024 op, 3300.00 ns, 3.2227 ns/op

WorkloadWarmup   1: 1024 op, 987713600.00 ns, 964.5641 us/op
WorkloadWarmup   2: 1024 op, 1026664400.00 ns, 1.0026 ms/op
WorkloadWarmup   3: 1024 op, 783505500.00 ns, 765.1421 us/op

WorkloadActual   1: 1024 op, 879399700.00 ns, 858.7888 us/op
WorkloadActual   2: 1024 op, 1026567800.00 ns, 1.0025 ms/op
WorkloadActual   3: 1024 op, 841955000.00 ns, 822.2217 us/op
WorkloadActual   4: 1024 op, 1030861900.00 ns, 1.0067 ms/op
WorkloadActual   5: 1024 op, 829798500.00 ns, 810.3501 us/op
WorkloadActual   6: 1024 op, 860232200.00 ns, 840.0705 us/op
WorkloadActual   7: 1024 op, 949975900.00 ns, 927.7108 us/op
WorkloadActual   8: 1024 op, 1289702500.00 ns, 1.2595 ms/op
WorkloadActual   9: 1024 op, 1270784400.00 ns, 1.2410 ms/op
WorkloadActual  10: 1024 op, 1277464700.00 ns, 1.2475 ms/op
WorkloadActual  11: 1024 op, 1162388100.00 ns, 1.1351 ms/op
WorkloadActual  12: 1024 op, 1273754200.00 ns, 1.2439 ms/op
WorkloadActual  13: 1024 op, 1279456900.00 ns, 1.2495 ms/op
WorkloadActual  14: 1024 op, 1327713300.00 ns, 1.2966 ms/op
WorkloadActual  15: 1024 op, 1603822800.00 ns, 1.5662 ms/op

WorkloadResult   1: 1024 op, 879396300.00 ns, 858.7854 us/op
WorkloadResult   2: 1024 op, 1026564400.00 ns, 1.0025 ms/op
WorkloadResult   3: 1024 op, 841951600.00 ns, 822.2184 us/op
WorkloadResult   4: 1024 op, 1030858500.00 ns, 1.0067 ms/op
WorkloadResult   5: 1024 op, 829795100.00 ns, 810.3468 us/op
WorkloadResult   6: 1024 op, 860228800.00 ns, 840.0672 us/op
WorkloadResult   7: 1024 op, 949972500.00 ns, 927.7075 us/op
WorkloadResult   8: 1024 op, 1289699100.00 ns, 1.2595 ms/op
WorkloadResult   9: 1024 op, 1270781000.00 ns, 1.2410 ms/op
WorkloadResult  10: 1024 op, 1277461300.00 ns, 1.2475 ms/op
WorkloadResult  11: 1024 op, 1162384700.00 ns, 1.1351 ms/op
WorkloadResult  12: 1024 op, 1273750800.00 ns, 1.2439 ms/op
WorkloadResult  13: 1024 op, 1279453500.00 ns, 1.2495 ms/op
WorkloadResult  14: 1024 op, 1327709900.00 ns, 1.2966 ms/op
WorkloadResult  15: 1024 op, 1603819400.00 ns, 1.5662 ms/op


Mean = 1.101 ms, StdErr = 0.058 ms (5.25%), N = 15, StdDev = 0.224 ms
Min = 0.810 ms, Q1 = 0.893 ms, Median = 1.135 ms, Q3 = 1.248 ms, Max = 1.566 ms
IQR = 0.355 ms, LowerFence = 0.360 ms, UpperFence = 1.781 ms
ConfidenceInterval = [0.861 ms; 1.340 ms] (CI 99.9%), Margin = 0.239 ms (21.75% of Mean)
Skewness = 0.24, Kurtosis = 1.94, MValue = 2.29

// ** Remained 15 (53.6%) benchmark(s) to run. Estimated finish 2026-09-09 16:37 (0h 3m from now) **
Setup power plan (GUID: 8c5e7fda-e8bf-4a96-9a85-a6e23a8c635c FriendlyName: High performance)
// **************************
// Benchmark: CardBattleEngineBenchmark.EngineIterateActions: Job-ERIHKH(Toolchain=InProcessNoEmitToolchain, IterationCount=15, LaunchCount=1, WarmupCount=3) [EntityCount=4, MaxDepth=2]
// *** Execute ***
// Launch: 1 / 1

// Benchmark Process Environment Information:
// BenchmarkDotNet v0.15.8
// Runtime=.NET 8.0.28 (8.0.28, 8.0.2826.26413), X64 RyuJIT x86-64-v3
// GC=Concurrent Workstation
// HardwareIntrinsics=AVX2+BMI1+BMI2+F16C+FMA+LZCNT+MOVBE,AVX,SSE3+SSSE3+SSE4.1+SSE4.2+POPCNT,X86Base+SSE+SSE2,AES+PCLMUL,AvxVnni,SERIALIZE VectorSize=256
// Job: Job-ERIHKH(Toolchain=InProcessNoEmitToolchain, IterationCount=15, LaunchCount=1, WarmupCount=3)

OverheadJitting  1: 1 op, 700.00 ns, 700.0000 ns/op
WorkloadJitting  1: 1 op, 6290800.00 ns, 6.2908 ms/op

OverheadJitting  2: 16 op, 1200.00 ns, 75.0000 ns/op
WorkloadJitting  2: 16 op, 121519800.00 ns, 7.5950 ms/op

WorkloadPilot    1: 16 op, 114041100.00 ns, 7.1276 ms/op
WorkloadPilot    2: 32 op, 277338300.00 ns, 8.6668 ms/op
WorkloadPilot    3: 64 op, 423820800.00 ns, 6.6222 ms/op
WorkloadPilot    4: 128 op, 829778900.00 ns, 6.4826 ms/op

OverheadWarmup   1: 128 op, 1100.00 ns, 8.5938 ns/op
OverheadWarmup   2: 128 op, 900.00 ns, 7.0313 ns/op
OverheadWarmup   3: 128 op, 900.00 ns, 7.0313 ns/op
OverheadWarmup   4: 128 op, 900.00 ns, 7.0313 ns/op
OverheadWarmup   5: 128 op, 900.00 ns, 7.0313 ns/op
OverheadWarmup   6: 128 op, 700.00 ns, 5.4688 ns/op

OverheadActual   1: 128 op, 900.00 ns, 7.0313 ns/op
OverheadActual   2: 128 op, 900.00 ns, 7.0313 ns/op
OverheadActual   3: 128 op, 900.00 ns, 7.0313 ns/op
OverheadActual   4: 128 op, 1000.00 ns, 7.8125 ns/op
OverheadActual   5: 128 op, 900.00 ns, 7.0313 ns/op
OverheadActual   6: 128 op, 900.00 ns, 7.0313 ns/op
OverheadActual   7: 128 op, 900.00 ns, 7.0313 ns/op
OverheadActual   8: 128 op, 900.00 ns, 7.0313 ns/op
OverheadActual   9: 128 op, 800.00 ns, 6.2500 ns/op
OverheadActual  10: 128 op, 900.00 ns, 7.0313 ns/op
OverheadActual  11: 128 op, 800.00 ns, 6.2500 ns/op
OverheadActual  12: 128 op, 900.00 ns, 7.0313 ns/op
OverheadActual  13: 128 op, 900.00 ns, 7.0313 ns/op
OverheadActual  14: 128 op, 900.00 ns, 7.0313 ns/op
OverheadActual  15: 128 op, 800.00 ns, 6.2500 ns/op
OverheadActual  16: 128 op, 800.00 ns, 6.2500 ns/op
OverheadActual  17: 128 op, 900.00 ns, 7.0313 ns/op
OverheadActual  18: 128 op, 700.00 ns, 5.4688 ns/op
OverheadActual  19: 128 op, 1000.00 ns, 7.8125 ns/op
OverheadActual  20: 128 op, 1100.00 ns, 8.5938 ns/op

WorkloadWarmup   1: 128 op, 690231500.00 ns, 5.3924 ms/op
WorkloadWarmup   2: 128 op, 715536700.00 ns, 5.5901 ms/op
WorkloadWarmup   3: 128 op, 665483100.00 ns, 5.1991 ms/op

WorkloadActual   1: 128 op, 832337700.00 ns, 6.5026 ms/op
WorkloadActual   2: 128 op, 826467600.00 ns, 6.4568 ms/op
WorkloadActual   3: 128 op, 876597900.00 ns, 6.8484 ms/op
WorkloadActual   4: 128 op, 822690300.00 ns, 6.4273 ms/op
WorkloadActual   5: 128 op, 785414800.00 ns, 6.1361 ms/op
WorkloadActual   6: 128 op, 725439800.00 ns, 5.6675 ms/op
WorkloadActual   7: 128 op, 678039000.00 ns, 5.2972 ms/op
WorkloadActual   8: 128 op, 793219000.00 ns, 6.1970 ms/op
WorkloadActual   9: 128 op, 892364500.00 ns, 6.9716 ms/op
WorkloadActual  10: 128 op, 637321900.00 ns, 4.9791 ms/op
WorkloadActual  11: 128 op, 606570100.00 ns, 4.7388 ms/op
WorkloadActual  12: 128 op, 657442700.00 ns, 5.1363 ms/op
WorkloadActual  13: 128 op, 807933500.00 ns, 6.3120 ms/op
WorkloadActual  14: 128 op, 821843400.00 ns, 6.4207 ms/op
WorkloadActual  15: 128 op, 770014600.00 ns, 6.0157 ms/op

WorkloadResult   1: 128 op, 832336800.00 ns, 6.5026 ms/op
WorkloadResult   2: 128 op, 826466700.00 ns, 6.4568 ms/op
WorkloadResult   3: 128 op, 876597000.00 ns, 6.8484 ms/op
WorkloadResult   4: 128 op, 822689400.00 ns, 6.4273 ms/op
WorkloadResult   5: 128 op, 785413900.00 ns, 6.1360 ms/op
WorkloadResult   6: 128 op, 725438900.00 ns, 5.6675 ms/op
WorkloadResult   7: 128 op, 678038100.00 ns, 5.2972 ms/op
WorkloadResult   8: 128 op, 793218100.00 ns, 6.1970 ms/op
WorkloadResult   9: 128 op, 892363600.00 ns, 6.9716 ms/op
WorkloadResult  10: 128 op, 637321000.00 ns, 4.9791 ms/op
WorkloadResult  11: 128 op, 606569200.00 ns, 4.7388 ms/op
WorkloadResult  12: 128 op, 657441800.00 ns, 5.1363 ms/op
WorkloadResult  13: 128 op, 807932600.00 ns, 6.3120 ms/op
WorkloadResult  14: 128 op, 821842500.00 ns, 6.4206 ms/op
WorkloadResult  15: 128 op, 770013700.00 ns, 6.0157 ms/op


Mean = 6.007 ms, StdErr = 0.178 ms (2.96%), N = 15, StdDev = 0.688 ms
Min = 4.739 ms, Q1 = 5.482 ms, Median = 6.197 ms, Q3 = 6.442 ms, Max = 6.972 ms
IQR = 0.960 ms, LowerFence = 4.043 ms, UpperFence = 7.882 ms
ConfidenceInterval = [5.272 ms; 6.742 ms] (CI 99.9%), Margin = 0.735 ms (12.24% of Mean)
Skewness = -0.47, Kurtosis = 1.81, MValue = 2.75

// ** Remained 14 (50.0%) benchmark(s) to run. Estimated finish 2026-09-09 16:37 (0h 3m from now) **
Setup power plan (GUID: 8c5e7fda-e8bf-4a96-9a85-a6e23a8c635c FriendlyName: High performance)
// **************************
// Benchmark: CardBattleEngineBenchmark.EngineIterateActions: Job-ERIHKH(Toolchain=InProcessNoEmitToolchain, IterationCount=15, LaunchCount=1, WarmupCount=3) [EntityCount=4, MaxDepth=3]
// *** Execute ***
// Launch: 1 / 1

// Benchmark Process Environment Information:
// BenchmarkDotNet v0.15.8
// Runtime=.NET 8.0.28 (8.0.28, 8.0.2826.26413), X64 RyuJIT x86-64-v3
// GC=Concurrent Workstation
// HardwareIntrinsics=AVX2+BMI1+BMI2+F16C+FMA+LZCNT+MOVBE,AVX,SSE3+SSSE3+SSE4.1+SSE4.2+POPCNT,X86Base+SSE+SSE2,AES+PCLMUL,AvxVnni,SERIALIZE VectorSize=256
// Job: Job-ERIHKH(Toolchain=InProcessNoEmitToolchain, IterationCount=15, LaunchCount=1, WarmupCount=3)

OverheadJitting  1: 1 op, 600.00 ns, 600.0000 ns/op
WorkloadJitting  1: 1 op, 9450900.00 ns, 9.4509 ms/op

OverheadJitting  2: 16 op, 800.00 ns, 50.0000 ns/op
WorkloadJitting  2: 16 op, 164165100.00 ns, 10.2603 ms/op

WorkloadPilot    1: 16 op, 140543100.00 ns, 8.7839 ms/op
WorkloadPilot    2: 32 op, 260564000.00 ns, 8.1426 ms/op
WorkloadPilot    3: 64 op, 553216100.00 ns, 8.6440 ms/op

OverheadWarmup   1: 64 op, 800.00 ns, 12.5000 ns/op
OverheadWarmup   2: 64 op, 900.00 ns, 14.0625 ns/op
OverheadWarmup   3: 64 op, 700.00 ns, 10.9375 ns/op
OverheadWarmup   4: 64 op, 600.00 ns, 9.3750 ns/op
OverheadWarmup   5: 64 op, 500.00 ns, 7.8125 ns/op
OverheadWarmup   6: 64 op, 500.00 ns, 7.8125 ns/op
OverheadWarmup   7: 64 op, 600.00 ns, 9.3750 ns/op

OverheadActual   1: 64 op, 800.00 ns, 12.5000 ns/op
OverheadActual   2: 64 op, 500.00 ns, 7.8125 ns/op
OverheadActual   3: 64 op, 700.00 ns, 10.9375 ns/op
OverheadActual   4: 64 op, 800.00 ns, 12.5000 ns/op
OverheadActual   5: 64 op, 700.00 ns, 10.9375 ns/op
OverheadActual   6: 64 op, 600.00 ns, 9.3750 ns/op
OverheadActual   7: 64 op, 600.00 ns, 9.3750 ns/op
OverheadActual   8: 64 op, 600.00 ns, 9.3750 ns/op
OverheadActual   9: 64 op, 700.00 ns, 10.9375 ns/op
OverheadActual  10: 64 op, 800.00 ns, 12.5000 ns/op
OverheadActual  11: 64 op, 500.00 ns, 7.8125 ns/op
OverheadActual  12: 64 op, 900.00 ns, 14.0625 ns/op
OverheadActual  13: 64 op, 800.00 ns, 12.5000 ns/op
OverheadActual  14: 64 op, 800.00 ns, 12.5000 ns/op
OverheadActual  15: 64 op, 700.00 ns, 10.9375 ns/op
OverheadActual  16: 64 op, 500.00 ns, 7.8125 ns/op
OverheadActual  17: 64 op, 500.00 ns, 7.8125 ns/op
OverheadActual  18: 64 op, 800.00 ns, 12.5000 ns/op
OverheadActual  19: 64 op, 700.00 ns, 10.9375 ns/op
OverheadActual  20: 64 op, 800.00 ns, 12.5000 ns/op

WorkloadWarmup   1: 64 op, 715277000.00 ns, 11.1762 ms/op
WorkloadWarmup   2: 64 op, 641497000.00 ns, 10.0234 ms/op
WorkloadWarmup   3: 64 op, 758619100.00 ns, 11.8534 ms/op

WorkloadActual   1: 64 op, 660141500.00 ns, 10.3147 ms/op
WorkloadActual   2: 64 op, 550546000.00 ns, 8.6023 ms/op
WorkloadActual   3: 64 op, 677378100.00 ns, 10.5840 ms/op
WorkloadActual   4: 64 op, 543828100.00 ns, 8.4973 ms/op
WorkloadActual   5: 64 op, 613010500.00 ns, 9.5783 ms/op
WorkloadActual   6: 64 op, 594647500.00 ns, 9.2914 ms/op
WorkloadActual   7: 64 op, 589598300.00 ns, 9.2125 ms/op
WorkloadActual   8: 64 op, 462180600.00 ns, 7.2216 ms/op
WorkloadActual   9: 64 op, 606848400.00 ns, 9.4820 ms/op
WorkloadActual  10: 64 op, 625133600.00 ns, 9.7677 ms/op
WorkloadActual  11: 64 op, 537982600.00 ns, 8.4060 ms/op
WorkloadActual  12: 64 op, 543259700.00 ns, 8.4884 ms/op
WorkloadActual  13: 64 op, 531259600.00 ns, 8.3009 ms/op
WorkloadActual  14: 64 op, 556570400.00 ns, 8.6964 ms/op
WorkloadActual  15: 64 op, 482275400.00 ns, 7.5356 ms/op

WorkloadResult   1: 64 op, 660140800.00 ns, 10.3147 ms/op
WorkloadResult   2: 64 op, 550545300.00 ns, 8.6023 ms/op
WorkloadResult   3: 64 op, 677377400.00 ns, 10.5840 ms/op
WorkloadResult   4: 64 op, 543827400.00 ns, 8.4973 ms/op
WorkloadResult   5: 64 op, 613009800.00 ns, 9.5783 ms/op
WorkloadResult   6: 64 op, 594646800.00 ns, 9.2914 ms/op
WorkloadResult   7: 64 op, 589597600.00 ns, 9.2125 ms/op
WorkloadResult   8: 64 op, 462179900.00 ns, 7.2216 ms/op
WorkloadResult   9: 64 op, 606847700.00 ns, 9.4820 ms/op
WorkloadResult  10: 64 op, 625132900.00 ns, 9.7677 ms/op
WorkloadResult  11: 64 op, 537981900.00 ns, 8.4060 ms/op
WorkloadResult  12: 64 op, 543259000.00 ns, 8.4884 ms/op
WorkloadResult  13: 64 op, 531258900.00 ns, 8.3009 ms/op
WorkloadResult  14: 64 op, 556569700.00 ns, 8.6964 ms/op
WorkloadResult  15: 64 op, 482274700.00 ns, 7.5355 ms/op


Mean = 8.932 ms, StdErr = 0.243 ms (2.72%), N = 15, StdDev = 0.940 ms
Min = 7.222 ms, Q1 = 8.447 ms, Median = 8.696 ms, Q3 = 9.530 ms, Max = 10.584 ms
IQR = 1.083 ms, LowerFence = 6.823 ms, UpperFence = 11.155 ms
ConfidenceInterval = [7.927 ms; 9.937 ms] (CI 99.9%), Margin = 1.005 ms (11.25% of Mean)
Skewness = -0.01, Kurtosis = 2.1, MValue = 2.5

// ** Remained 13 (46.4%) benchmark(s) to run. Estimated finish 2026-09-09 16:37 (0h 3m from now) **
Setup power plan (GUID: 8c5e7fda-e8bf-4a96-9a85-a6e23a8c635c FriendlyName: High performance)
// **************************
// Benchmark: CardBattleEngineBenchmark.EngineIterateActions: Job-ERIHKH(Toolchain=InProcessNoEmitToolchain, IterationCount=15, LaunchCount=1, WarmupCount=3) [EntityCount=4, MaxDepth=4]
// *** Execute ***
// Launch: 1 / 1

// Benchmark Process Environment Information:
// BenchmarkDotNet v0.15.8
// Runtime=.NET 8.0.28 (8.0.28, 8.0.2826.26413), X64 RyuJIT x86-64-v3
// GC=Concurrent Workstation
// HardwareIntrinsics=AVX2+BMI1+BMI2+F16C+FMA+LZCNT+MOVBE,AVX,SSE3+SSSE3+SSE4.1+SSE4.2+POPCNT,X86Base+SSE+SSE2,AES+PCLMUL,AvxVnni,SERIALIZE VectorSize=256
// Job: Job-ERIHKH(Toolchain=InProcessNoEmitToolchain, IterationCount=15, LaunchCount=1, WarmupCount=3)

OverheadJitting  1: 1 op, 400.00 ns, 400.0000 ns/op
WorkloadJitting  1: 1 op, 18695500.00 ns, 18.6955 ms/op

OverheadJitting  2: 16 op, 600.00 ns, 37.5000 ns/op
WorkloadJitting  2: 16 op, 155527400.00 ns, 9.7205 ms/op

WorkloadPilot    1: 16 op, 157476000.00 ns, 9.8423 ms/op
WorkloadPilot    2: 32 op, 325509500.00 ns, 10.1722 ms/op
WorkloadPilot    3: 64 op, 836469000.00 ns, 13.0698 ms/op

OverheadWarmup   1: 64 op, 600.00 ns, 9.3750 ns/op
OverheadWarmup   2: 64 op, 500.00 ns, 7.8125 ns/op
OverheadWarmup   3: 64 op, 600.00 ns, 9.3750 ns/op
OverheadWarmup   4: 64 op, 400.00 ns, 6.2500 ns/op
OverheadWarmup   5: 64 op, 500.00 ns, 7.8125 ns/op
OverheadWarmup   6: 64 op, 500.00 ns, 7.8125 ns/op

OverheadActual   1: 64 op, 600.00 ns, 9.3750 ns/op
OverheadActual   2: 64 op, 600.00 ns, 9.3750 ns/op
OverheadActual   3: 64 op, 500.00 ns, 7.8125 ns/op
OverheadActual   4: 64 op, 600.00 ns, 9.3750 ns/op
OverheadActual   5: 64 op, 500.00 ns, 7.8125 ns/op
OverheadActual   6: 64 op, 500.00 ns, 7.8125 ns/op
OverheadActual   7: 64 op, 500.00 ns, 7.8125 ns/op
OverheadActual   8: 64 op, 500.00 ns, 7.8125 ns/op
OverheadActual   9: 64 op, 600.00 ns, 9.3750 ns/op
OverheadActual  10: 64 op, 500.00 ns, 7.8125 ns/op
OverheadActual  11: 64 op, 400.00 ns, 6.2500 ns/op
OverheadActual  12: 64 op, 500.00 ns, 7.8125 ns/op
OverheadActual  13: 64 op, 500.00 ns, 7.8125 ns/op
OverheadActual  14: 64 op, 500.00 ns, 7.8125 ns/op
OverheadActual  15: 64 op, 500.00 ns, 7.8125 ns/op
OverheadActual  16: 64 op, 500.00 ns, 7.8125 ns/op
OverheadActual  17: 64 op, 500.00 ns, 7.8125 ns/op
OverheadActual  18: 64 op, 500.00 ns, 7.8125 ns/op
OverheadActual  19: 64 op, 500.00 ns, 7.8125 ns/op
OverheadActual  20: 64 op, 500.00 ns, 7.8125 ns/op

WorkloadWarmup   1: 64 op, 604896800.00 ns, 9.4515 ms/op
WorkloadWarmup   2: 64 op, 628468600.00 ns, 9.8198 ms/op
WorkloadWarmup   3: 64 op, 634839000.00 ns, 9.9194 ms/op

WorkloadActual   1: 64 op, 622794800.00 ns, 9.7312 ms/op
WorkloadActual   2: 64 op, 599738600.00 ns, 9.3709 ms/op
WorkloadActual   3: 64 op, 638214900.00 ns, 9.9721 ms/op
WorkloadActual   4: 64 op, 610341900.00 ns, 9.5366 ms/op
WorkloadActual   5: 64 op, 603178500.00 ns, 9.4247 ms/op
WorkloadActual   6: 64 op, 688227500.00 ns, 10.7536 ms/op
WorkloadActual   7: 64 op, 693477600.00 ns, 10.8356 ms/op
WorkloadActual   8: 64 op, 654339500.00 ns, 10.2241 ms/op
WorkloadActual   9: 64 op, 574780100.00 ns, 8.9809 ms/op
WorkloadActual  10: 64 op, 689536600.00 ns, 10.7740 ms/op
WorkloadActual  11: 64 op, 628639000.00 ns, 9.8225 ms/op
WorkloadActual  12: 64 op, 646057800.00 ns, 10.0947 ms/op
WorkloadActual  13: 64 op, 636265700.00 ns, 9.9417 ms/op
WorkloadActual  14: 64 op, 655710700.00 ns, 10.2455 ms/op
WorkloadActual  15: 64 op, 592136000.00 ns, 9.2521 ms/op

WorkloadResult   1: 64 op, 622794300.00 ns, 9.7312 ms/op
WorkloadResult   2: 64 op, 599738100.00 ns, 9.3709 ms/op
WorkloadResult   3: 64 op, 638214400.00 ns, 9.9721 ms/op
WorkloadResult   4: 64 op, 610341400.00 ns, 9.5366 ms/op
WorkloadResult   5: 64 op, 603178000.00 ns, 9.4247 ms/op
WorkloadResult   6: 64 op, 688227000.00 ns, 10.7535 ms/op
WorkloadResult   7: 64 op, 693477100.00 ns, 10.8356 ms/op
WorkloadResult   8: 64 op, 654339000.00 ns, 10.2240 ms/op
WorkloadResult   9: 64 op, 574779600.00 ns, 8.9809 ms/op
WorkloadResult  10: 64 op, 689536100.00 ns, 10.7740 ms/op
WorkloadResult  11: 64 op, 628638500.00 ns, 9.8225 ms/op
WorkloadResult  12: 64 op, 646057300.00 ns, 10.0946 ms/op
WorkloadResult  13: 64 op, 636265200.00 ns, 9.9416 ms/op
WorkloadResult  14: 64 op, 655710200.00 ns, 10.2455 ms/op
WorkloadResult  15: 64 op, 592135500.00 ns, 9.2521 ms/op


Mean = 9.931 ms, StdErr = 0.147 ms (1.48%), N = 15, StdDev = 0.571 ms
Min = 8.981 ms, Q1 = 9.481 ms, Median = 9.942 ms, Q3 = 10.235 ms, Max = 10.836 ms
IQR = 0.754 ms, LowerFence = 8.349 ms, UpperFence = 11.366 ms
ConfidenceInterval = [9.321 ms; 10.541 ms] (CI 99.9%), Margin = 0.610 ms (6.14% of Mean)
Skewness = 0.15, Kurtosis = 1.8, MValue = 2

// ** Remained 12 (42.9%) benchmark(s) to run. Estimated finish 2026-09-09 16:37 (0h 3m from now) **
Setup power plan (GUID: 8c5e7fda-e8bf-4a96-9a85-a6e23a8c635c FriendlyName: High performance)
// **************************
// Benchmark: CardBattleEngineBenchmark.EngineIterateActions: Job-ERIHKH(Toolchain=InProcessNoEmitToolchain, IterationCount=15, LaunchCount=1, WarmupCount=3) [EntityCount=5, MaxDepth=1]
// *** Execute ***
// Launch: 1 / 1

// Benchmark Process Environment Information:
// BenchmarkDotNet v0.15.8
// Runtime=.NET 8.0.28 (8.0.28, 8.0.2826.26413), X64 RyuJIT x86-64-v3
// GC=Concurrent Workstation
// HardwareIntrinsics=AVX2+BMI1+BMI2+F16C+FMA+LZCNT+MOVBE,AVX,SSE3+SSSE3+SSE4.1+SSE4.2+POPCNT,X86Base+SSE+SSE2,AES+PCLMUL,AvxVnni,SERIALIZE VectorSize=256
// Job: Job-ERIHKH(Toolchain=InProcessNoEmitToolchain, IterationCount=15, LaunchCount=1, WarmupCount=3)

OverheadJitting  1: 1 op, 300.00 ns, 300.0000 ns/op
WorkloadJitting  1: 1 op, 1297800.00 ns, 1.2978 ms/op

OverheadJitting  2: 16 op, 500.00 ns, 31.2500 ns/op
WorkloadJitting  2: 16 op, 22337300.00 ns, 1.3961 ms/op

WorkloadPilot    1: 16 op, 21398300.00 ns, 1.3374 ms/op
WorkloadPilot    2: 32 op, 41507700.00 ns, 1.2971 ms/op
WorkloadPilot    3: 64 op, 82421700.00 ns, 1.2878 ms/op
WorkloadPilot    4: 128 op, 170608800.00 ns, 1.3329 ms/op
WorkloadPilot    5: 256 op, 347366700.00 ns, 1.3569 ms/op
WorkloadPilot    6: 512 op, 716803900.00 ns, 1.4000 ms/op

OverheadWarmup   1: 512 op, 1900.00 ns, 3.7109 ns/op
OverheadWarmup   2: 512 op, 1800.00 ns, 3.5156 ns/op
OverheadWarmup   3: 512 op, 1900.00 ns, 3.7109 ns/op
OverheadWarmup   4: 512 op, 1700.00 ns, 3.3203 ns/op
OverheadWarmup   5: 512 op, 1400.00 ns, 2.7344 ns/op
OverheadWarmup   6: 512 op, 1600.00 ns, 3.1250 ns/op
OverheadWarmup   7: 512 op, 1400.00 ns, 2.7344 ns/op

OverheadActual   1: 512 op, 1800.00 ns, 3.5156 ns/op
OverheadActual   2: 512 op, 1800.00 ns, 3.5156 ns/op
OverheadActual   3: 512 op, 1700.00 ns, 3.3203 ns/op
OverheadActual   4: 512 op, 1700.00 ns, 3.3203 ns/op
OverheadActual   5: 512 op, 1700.00 ns, 3.3203 ns/op
OverheadActual   6: 512 op, 1800.00 ns, 3.5156 ns/op
OverheadActual   7: 512 op, 1900.00 ns, 3.7109 ns/op
OverheadActual   8: 512 op, 1800.00 ns, 3.5156 ns/op
OverheadActual   9: 512 op, 2200.00 ns, 4.2969 ns/op
OverheadActual  10: 512 op, 1900.00 ns, 3.7109 ns/op
OverheadActual  11: 512 op, 2000.00 ns, 3.9063 ns/op
OverheadActual  12: 512 op, 1900.00 ns, 3.7109 ns/op
OverheadActual  13: 512 op, 2000.00 ns, 3.9063 ns/op
OverheadActual  14: 512 op, 1900.00 ns, 3.7109 ns/op
OverheadActual  15: 512 op, 1900.00 ns, 3.7109 ns/op
OverheadActual  16: 512 op, 1700.00 ns, 3.3203 ns/op
OverheadActual  17: 512 op, 2100.00 ns, 4.1016 ns/op
OverheadActual  18: 512 op, 1900.00 ns, 3.7109 ns/op
OverheadActual  19: 512 op, 2000.00 ns, 3.9063 ns/op
OverheadActual  20: 512 op, 2000.00 ns, 3.9063 ns/op

WorkloadWarmup   1: 512 op, 685355100.00 ns, 1.3386 ms/op
WorkloadWarmup   2: 512 op, 708847700.00 ns, 1.3845 ms/op
WorkloadWarmup   3: 512 op, 759756000.00 ns, 1.4839 ms/op

WorkloadActual   1: 512 op, 851595500.00 ns, 1.6633 ms/op
WorkloadActual   2: 512 op, 906497100.00 ns, 1.7705 ms/op
WorkloadActual   3: 512 op, 1007016500.00 ns, 1.9668 ms/op
WorkloadActual   4: 512 op, 749831100.00 ns, 1.4645 ms/op
WorkloadActual   5: 512 op, 902746400.00 ns, 1.7632 ms/op
WorkloadActual   6: 512 op, 803933800.00 ns, 1.5702 ms/op
WorkloadActual   7: 512 op, 903022400.00 ns, 1.7637 ms/op
WorkloadActual   8: 512 op, 908506300.00 ns, 1.7744 ms/op
WorkloadActual   9: 512 op, 790199600.00 ns, 1.5434 ms/op
WorkloadActual  10: 512 op, 892476700.00 ns, 1.7431 ms/op
WorkloadActual  11: 512 op, 1097918900.00 ns, 2.1444 ms/op
WorkloadActual  12: 512 op, 894282700.00 ns, 1.7466 ms/op
WorkloadActual  13: 512 op, 937432300.00 ns, 1.8309 ms/op
WorkloadActual  14: 512 op, 732630700.00 ns, 1.4309 ms/op
WorkloadActual  15: 512 op, 907974200.00 ns, 1.7734 ms/op

WorkloadResult   1: 512 op, 851593600.00 ns, 1.6633 ms/op
WorkloadResult   2: 512 op, 906495200.00 ns, 1.7705 ms/op
WorkloadResult   3: 512 op, 1007014600.00 ns, 1.9668 ms/op
WorkloadResult   4: 512 op, 749829200.00 ns, 1.4645 ms/op
WorkloadResult   5: 512 op, 902744500.00 ns, 1.7632 ms/op
WorkloadResult   6: 512 op, 803931900.00 ns, 1.5702 ms/op
WorkloadResult   7: 512 op, 903020500.00 ns, 1.7637 ms/op
WorkloadResult   8: 512 op, 908504400.00 ns, 1.7744 ms/op
WorkloadResult   9: 512 op, 790197700.00 ns, 1.5434 ms/op
WorkloadResult  10: 512 op, 892474800.00 ns, 1.7431 ms/op
WorkloadResult  11: 512 op, 894280800.00 ns, 1.7466 ms/op
WorkloadResult  12: 512 op, 937430400.00 ns, 1.8309 ms/op
WorkloadResult  13: 512 op, 732628800.00 ns, 1.4309 ms/op
WorkloadResult  14: 512 op, 907972300.00 ns, 1.7734 ms/op


Mean = 1.700 ms, StdErr = 0.040 ms (2.34%), N = 14, StdDev = 0.149 ms
Min = 1.431 ms, Q1 = 1.593 ms, Median = 1.755 ms, Q3 = 1.773 ms, Max = 1.967 ms
IQR = 0.179 ms, LowerFence = 1.325 ms, UpperFence = 2.041 ms
ConfidenceInterval = [1.533 ms; 1.868 ms] (CI 99.9%), Margin = 0.168 ms (9.86% of Mean)
Skewness = -0.34, Kurtosis = 2.16, MValue = 2.75

// ** Remained 11 (39.3%) benchmark(s) to run. Estimated finish 2026-09-09 16:37 (0h 2m from now) **
Setup power plan (GUID: 8c5e7fda-e8bf-4a96-9a85-a6e23a8c635c FriendlyName: High performance)
// **************************
// Benchmark: CardBattleEngineBenchmark.EngineIterateActions: Job-ERIHKH(Toolchain=InProcessNoEmitToolchain, IterationCount=15, LaunchCount=1, WarmupCount=3) [EntityCount=5, MaxDepth=2]
// *** Execute ***
// Launch: 1 / 1

// Benchmark Process Environment Information:
// BenchmarkDotNet v0.15.8
// Runtime=.NET 8.0.28 (8.0.28, 8.0.2826.26413), X64 RyuJIT x86-64-v3
// GC=Concurrent Workstation
// HardwareIntrinsics=AVX2+BMI1+BMI2+F16C+FMA+LZCNT+MOVBE,AVX,SSE3+SSSE3+SSE4.1+SSE4.2+POPCNT,X86Base+SSE+SSE2,AES+PCLMUL,AvxVnni,SERIALIZE VectorSize=256
// Job: Job-ERIHKH(Toolchain=InProcessNoEmitToolchain, IterationCount=15, LaunchCount=1, WarmupCount=3)

OverheadJitting  1: 1 op, 400.00 ns, 400.0000 ns/op
WorkloadJitting  1: 1 op, 12731400.00 ns, 12.7314 ms/op

OverheadJitting  2: 16 op, 800.00 ns, 50.0000 ns/op
WorkloadJitting  2: 16 op, 222041000.00 ns, 13.8776 ms/op

WorkloadPilot    1: 16 op, 245241400.00 ns, 15.3276 ms/op
WorkloadPilot    2: 32 op, 335777500.00 ns, 10.4930 ms/op
WorkloadPilot    3: 64 op, 713256000.00 ns, 11.1446 ms/op

OverheadWarmup   1: 64 op, 1000.00 ns, 15.6250 ns/op
OverheadWarmup   2: 64 op, 1800.00 ns, 28.1250 ns/op
OverheadWarmup   3: 64 op, 1200.00 ns, 18.7500 ns/op
OverheadWarmup   4: 64 op, 800.00 ns, 12.5000 ns/op
OverheadWarmup   5: 64 op, 600.00 ns, 9.3750 ns/op
OverheadWarmup   6: 64 op, 600.00 ns, 9.3750 ns/op
OverheadWarmup   7: 64 op, 500.00 ns, 7.8125 ns/op

OverheadActual   1: 64 op, 700.00 ns, 10.9375 ns/op
OverheadActual   2: 64 op, 700.00 ns, 10.9375 ns/op
OverheadActual   3: 64 op, 500.00 ns, 7.8125 ns/op
OverheadActual   4: 64 op, 600.00 ns, 9.3750 ns/op
OverheadActual   5: 64 op, 500.00 ns, 7.8125 ns/op
OverheadActual   6: 64 op, 500.00 ns, 7.8125 ns/op
OverheadActual   7: 64 op, 800.00 ns, 12.5000 ns/op
OverheadActual   8: 64 op, 500.00 ns, 7.8125 ns/op
OverheadActual   9: 64 op, 500.00 ns, 7.8125 ns/op
OverheadActual  10: 64 op, 500.00 ns, 7.8125 ns/op
OverheadActual  11: 64 op, 700.00 ns, 10.9375 ns/op
OverheadActual  12: 64 op, 500.00 ns, 7.8125 ns/op
OverheadActual  13: 64 op, 600.00 ns, 9.3750 ns/op
OverheadActual  14: 64 op, 600.00 ns, 9.3750 ns/op
OverheadActual  15: 64 op, 500.00 ns, 7.8125 ns/op
OverheadActual  16: 64 op, 600.00 ns, 9.3750 ns/op
OverheadActual  17: 64 op, 500.00 ns, 7.8125 ns/op
OverheadActual  18: 64 op, 600.00 ns, 9.3750 ns/op
OverheadActual  19: 64 op, 500.00 ns, 7.8125 ns/op
OverheadActual  20: 64 op, 600.00 ns, 9.3750 ns/op

WorkloadWarmup   1: 64 op, 642031300.00 ns, 10.0317 ms/op
WorkloadWarmup   2: 64 op, 664590500.00 ns, 10.3842 ms/op
WorkloadWarmup   3: 64 op, 730154100.00 ns, 11.4087 ms/op

WorkloadActual   1: 64 op, 767185300.00 ns, 11.9873 ms/op
WorkloadActual   2: 64 op, 923906600.00 ns, 14.4360 ms/op
WorkloadActual   3: 64 op, 907079900.00 ns, 14.1731 ms/op
WorkloadActual   4: 64 op, 995073700.00 ns, 15.5480 ms/op
WorkloadActual   5: 64 op, 784056600.00 ns, 12.2509 ms/op
WorkloadActual   6: 64 op, 665799200.00 ns, 10.4031 ms/op
WorkloadActual   7: 64 op, 647312500.00 ns, 10.1143 ms/op
WorkloadActual   8: 64 op, 820111200.00 ns, 12.8142 ms/op
WorkloadActual   9: 64 op, 776371100.00 ns, 12.1308 ms/op
WorkloadActual  10: 64 op, 989913400.00 ns, 15.4674 ms/op
WorkloadActual  11: 64 op, 920726500.00 ns, 14.3864 ms/op
WorkloadActual  12: 64 op, 898092900.00 ns, 14.0327 ms/op
WorkloadActual  13: 64 op, 795287000.00 ns, 12.4264 ms/op
WorkloadActual  14: 64 op, 872276900.00 ns, 13.6293 ms/op
WorkloadActual  15: 64 op, 836641200.00 ns, 13.0725 ms/op

WorkloadResult   1: 64 op, 767184750.00 ns, 11.9873 ms/op
WorkloadResult   2: 64 op, 923906050.00 ns, 14.4360 ms/op
WorkloadResult   3: 64 op, 907079350.00 ns, 14.1731 ms/op
WorkloadResult   4: 64 op, 995073150.00 ns, 15.5480 ms/op
WorkloadResult   5: 64 op, 784056050.00 ns, 12.2509 ms/op
WorkloadResult   6: 64 op, 665798650.00 ns, 10.4031 ms/op
WorkloadResult   7: 64 op, 647311950.00 ns, 10.1142 ms/op
WorkloadResult   8: 64 op, 820110650.00 ns, 12.8142 ms/op
WorkloadResult   9: 64 op, 776370550.00 ns, 12.1308 ms/op
WorkloadResult  10: 64 op, 989912850.00 ns, 15.4674 ms/op
WorkloadResult  11: 64 op, 920725950.00 ns, 14.3863 ms/op
WorkloadResult  12: 64 op, 898092350.00 ns, 14.0327 ms/op
WorkloadResult  13: 64 op, 795286450.00 ns, 12.4264 ms/op
WorkloadResult  14: 64 op, 872276350.00 ns, 13.6293 ms/op
WorkloadResult  15: 64 op, 836640650.00 ns, 13.0725 ms/op


Mean = 13.125 ms, StdErr = 0.419 ms (3.20%), N = 15, StdDev = 1.625 ms
Min = 10.114 ms, Q1 = 12.191 ms, Median = 13.073 ms, Q3 = 14.280 ms, Max = 15.548 ms
IQR = 2.089 ms, LowerFence = 9.057 ms, UpperFence = 17.413 ms
ConfidenceInterval = [11.388 ms; 14.862 ms] (CI 99.9%), Margin = 1.737 ms (13.23% of Mean)
Skewness = -0.27, Kurtosis = 2.03, MValue = 2

// ** Remained 10 (35.7%) benchmark(s) to run. Estimated finish 2026-09-09 16:37 (0h 2m from now) **
Setup power plan (GUID: 8c5e7fda-e8bf-4a96-9a85-a6e23a8c635c FriendlyName: High performance)
// **************************
// Benchmark: CardBattleEngineBenchmark.EngineIterateActions: Job-ERIHKH(Toolchain=InProcessNoEmitToolchain, IterationCount=15, LaunchCount=1, WarmupCount=3) [EntityCount=5, MaxDepth=3]
// *** Execute ***
// Launch: 1 / 1

// Benchmark Process Environment Information:
// BenchmarkDotNet v0.15.8
// Runtime=.NET 8.0.28 (8.0.28, 8.0.2826.26413), X64 RyuJIT x86-64-v3
// GC=Concurrent Workstation
// HardwareIntrinsics=AVX2+BMI1+BMI2+F16C+FMA+LZCNT+MOVBE,AVX,SSE3+SSSE3+SSE4.1+SSE4.2+POPCNT,X86Base+SSE+SSE2,AES+PCLMUL,AvxVnni,SERIALIZE VectorSize=256
// Job: Job-ERIHKH(Toolchain=InProcessNoEmitToolchain, IterationCount=15, LaunchCount=1, WarmupCount=3)

OverheadJitting  1: 1 op, 600.00 ns, 600.0000 ns/op
WorkloadJitting  1: 1 op, 39763200.00 ns, 39.7632 ms/op

WorkloadPilot    1: 2 op, 63311700.00 ns, 31.6559 ms/op
WorkloadPilot    2: 3 op, 103270300.00 ns, 34.4234 ms/op
WorkloadPilot    3: 4 op, 138729700.00 ns, 34.6824 ms/op
WorkloadPilot    4: 5 op, 165835200.00 ns, 33.1670 ms/op
WorkloadPilot    5: 6 op, 172404800.00 ns, 28.7341 ms/op
WorkloadPilot    6: 7 op, 182403100.00 ns, 26.0576 ms/op
WorkloadPilot    7: 8 op, 246914200.00 ns, 30.8643 ms/op
WorkloadPilot    8: 9 op, 300385800.00 ns, 33.3762 ms/op
WorkloadPilot    9: 10 op, 375958500.00 ns, 37.5959 ms/op
WorkloadPilot   10: 11 op, 437139100.00 ns, 39.7399 ms/op
WorkloadPilot   11: 12 op, 405536100.00 ns, 33.7947 ms/op
WorkloadPilot   12: 13 op, 419654900.00 ns, 32.2811 ms/op
WorkloadPilot   13: 14 op, 437756500.00 ns, 31.2683 ms/op
WorkloadPilot   14: 15 op, 438259600.00 ns, 29.2173 ms/op
WorkloadPilot   15: 16 op, 461221100.00 ns, 28.8263 ms/op
WorkloadPilot   16: 32 op, 1035873200.00 ns, 32.3710 ms/op

WorkloadWarmup   1: 32 op, 1074017600.00 ns, 33.5631 ms/op
WorkloadWarmup   2: 32 op, 1268349000.00 ns, 39.6359 ms/op
WorkloadWarmup   3: 32 op, 1268956300.00 ns, 39.6549 ms/op

WorkloadActual   1: 32 op, 1149544700.00 ns, 35.9233 ms/op
WorkloadActual   2: 32 op, 1121037200.00 ns, 35.0324 ms/op
WorkloadActual   3: 32 op, 1006081700.00 ns, 31.4401 ms/op
WorkloadActual   4: 32 op, 998321600.00 ns, 31.1976 ms/op
WorkloadActual   5: 32 op, 1055846700.00 ns, 32.9952 ms/op
WorkloadActual   6: 32 op, 1128029400.00 ns, 35.2509 ms/op
WorkloadActual   7: 32 op, 1150777000.00 ns, 35.9618 ms/op
WorkloadActual   8: 32 op, 1083874700.00 ns, 33.8711 ms/op
WorkloadActual   9: 32 op, 839408600.00 ns, 26.2315 ms/op
WorkloadActual  10: 32 op, 847500300.00 ns, 26.4844 ms/op
WorkloadActual  11: 32 op, 976335100.00 ns, 30.5105 ms/op
WorkloadActual  12: 32 op, 840852000.00 ns, 26.2766 ms/op
WorkloadActual  13: 32 op, 893571400.00 ns, 27.9241 ms/op
WorkloadActual  14: 32 op, 1210656100.00 ns, 37.8330 ms/op
WorkloadActual  15: 32 op, 1069259500.00 ns, 33.4144 ms/op

WorkloadResult   1: 32 op, 1149544700.00 ns, 35.9233 ms/op
WorkloadResult   2: 32 op, 1121037200.00 ns, 35.0324 ms/op
WorkloadResult   3: 32 op, 1006081700.00 ns, 31.4401 ms/op
WorkloadResult   4: 32 op, 998321600.00 ns, 31.1976 ms/op
WorkloadResult   5: 32 op, 1055846700.00 ns, 32.9952 ms/op
WorkloadResult   6: 32 op, 1128029400.00 ns, 35.2509 ms/op
WorkloadResult   7: 32 op, 1150777000.00 ns, 35.9618 ms/op
WorkloadResult   8: 32 op, 1083874700.00 ns, 33.8711 ms/op
WorkloadResult   9: 32 op, 839408600.00 ns, 26.2315 ms/op
WorkloadResult  10: 32 op, 847500300.00 ns, 26.4844 ms/op
WorkloadResult  11: 32 op, 976335100.00 ns, 30.5105 ms/op
WorkloadResult  12: 32 op, 840852000.00 ns, 26.2766 ms/op
WorkloadResult  13: 32 op, 893571400.00 ns, 27.9241 ms/op
WorkloadResult  14: 32 op, 1210656100.00 ns, 37.8330 ms/op
WorkloadResult  15: 32 op, 1069259500.00 ns, 33.4144 ms/op


Mean = 32.023 ms, StdErr = 0.994 ms (3.10%), N = 15, StdDev = 3.851 ms
Min = 26.232 ms, Q1 = 29.217 ms, Median = 32.995 ms, Q3 = 35.142 ms, Max = 37.833 ms
IQR = 5.924 ms, LowerFence = 20.331 ms, UpperFence = 44.028 ms
ConfidenceInterval = [27.906 ms; 36.140 ms] (CI 99.9%), Margin = 4.117 ms (12.86% of Mean)
Skewness = -0.28, Kurtosis = 1.6, MValue = 2.29

// ** Remained 9 (32.1%) benchmark(s) to run. Estimated finish 2026-09-09 16:37 (0h 2m from now) **
Setup power plan (GUID: 8c5e7fda-e8bf-4a96-9a85-a6e23a8c635c FriendlyName: High performance)
// **************************
// Benchmark: CardBattleEngineBenchmark.EngineIterateActions: Job-ERIHKH(Toolchain=InProcessNoEmitToolchain, IterationCount=15, LaunchCount=1, WarmupCount=3) [EntityCount=5, MaxDepth=4]
// *** Execute ***
// Launch: 1 / 1

// Benchmark Process Environment Information:
// BenchmarkDotNet v0.15.8
// Runtime=.NET 8.0.28 (8.0.28, 8.0.2826.26413), X64 RyuJIT x86-64-v3
// GC=Concurrent Workstation
// HardwareIntrinsics=AVX2+BMI1+BMI2+F16C+FMA+LZCNT+MOVBE,AVX,SSE3+SSSE3+SSE4.1+SSE4.2+POPCNT,X86Base+SSE+SSE2,AES+PCLMUL,AvxVnni,SERIALIZE VectorSize=256
// Job: Job-ERIHKH(Toolchain=InProcessNoEmitToolchain, IterationCount=15, LaunchCount=1, WarmupCount=3)

OverheadJitting  1: 1 op, 600.00 ns, 600.0000 ns/op
WorkloadJitting  1: 1 op, 47511400.00 ns, 47.5114 ms/op

WorkloadPilot    1: 2 op, 105351700.00 ns, 52.6759 ms/op
WorkloadPilot    2: 3 op, 178433100.00 ns, 59.4777 ms/op
WorkloadPilot    3: 4 op, 236368400.00 ns, 59.0921 ms/op
WorkloadPilot    4: 5 op, 336798200.00 ns, 67.3596 ms/op
WorkloadPilot    5: 6 op, 329647000.00 ns, 54.9412 ms/op
WorkloadPilot    6: 7 op, 347858700.00 ns, 49.6941 ms/op
WorkloadPilot    7: 8 op, 390249900.00 ns, 48.7812 ms/op
WorkloadPilot    8: 9 op, 470262000.00 ns, 52.2513 ms/op
WorkloadPilot    9: 10 op, 584032000.00 ns, 58.4032 ms/op

WorkloadWarmup   1: 10 op, 564640700.00 ns, 56.4641 ms/op
WorkloadWarmup   2: 10 op, 528509700.00 ns, 52.8510 ms/op
WorkloadWarmup   3: 10 op, 540574800.00 ns, 54.0575 ms/op

WorkloadActual   1: 10 op, 501214800.00 ns, 50.1215 ms/op
WorkloadActual   2: 10 op, 547340900.00 ns, 54.7341 ms/op
WorkloadActual   3: 10 op, 523664200.00 ns, 52.3664 ms/op
WorkloadActual   4: 10 op, 530096300.00 ns, 53.0096 ms/op
WorkloadActual   5: 10 op, 420314800.00 ns, 42.0315 ms/op
WorkloadActual   6: 10 op, 407755600.00 ns, 40.7756 ms/op
WorkloadActual   7: 10 op, 587419100.00 ns, 58.7419 ms/op
WorkloadActual   8: 10 op, 447631600.00 ns, 44.7632 ms/op
WorkloadActual   9: 10 op, 411746400.00 ns, 41.1746 ms/op
WorkloadActual  10: 10 op, 568938200.00 ns, 56.8938 ms/op
WorkloadActual  11: 10 op, 482900500.00 ns, 48.2901 ms/op
WorkloadActual  12: 10 op, 583748500.00 ns, 58.3749 ms/op
WorkloadActual  13: 10 op, 704203000.00 ns, 70.4203 ms/op
WorkloadActual  14: 10 op, 518287600.00 ns, 51.8288 ms/op
WorkloadActual  15: 10 op, 533106800.00 ns, 53.3107 ms/op

WorkloadResult   1: 10 op, 501214800.00 ns, 50.1215 ms/op
WorkloadResult   2: 10 op, 547340900.00 ns, 54.7341 ms/op
WorkloadResult   3: 10 op, 523664200.00 ns, 52.3664 ms/op
WorkloadResult   4: 10 op, 530096300.00 ns, 53.0096 ms/op
WorkloadResult   5: 10 op, 420314800.00 ns, 42.0315 ms/op
WorkloadResult   6: 10 op, 407755600.00 ns, 40.7756 ms/op
WorkloadResult   7: 10 op, 587419100.00 ns, 58.7419 ms/op
WorkloadResult   8: 10 op, 447631600.00 ns, 44.7632 ms/op
WorkloadResult   9: 10 op, 411746400.00 ns, 41.1746 ms/op
WorkloadResult  10: 10 op, 568938200.00 ns, 56.8938 ms/op
WorkloadResult  11: 10 op, 482900500.00 ns, 48.2901 ms/op
WorkloadResult  12: 10 op, 583748500.00 ns, 58.3749 ms/op
WorkloadResult  13: 10 op, 518287600.00 ns, 51.8288 ms/op
WorkloadResult  14: 10 op, 533106800.00 ns, 53.3107 ms/op


Mean = 50.458 ms, StdErr = 1.656 ms (3.28%), N = 14, StdDev = 6.198 ms
Min = 40.776 ms, Q1 = 45.645 ms, Median = 52.098 ms, Q3 = 54.378 ms, Max = 58.742 ms
IQR = 8.733 ms, LowerFence = 32.545 ms, UpperFence = 67.478 ms
ConfidenceInterval = [43.467 ms; 57.450 ms] (CI 99.9%), Margin = 6.991 ms (13.86% of Mean)
Skewness = -0.31, Kurtosis = 1.6, MValue = 2.29

// ** Remained 8 (28.6%) benchmark(s) to run. Estimated finish 2026-09-09 16:37 (0h 2m from now) **
Setup power plan (GUID: 8c5e7fda-e8bf-4a96-9a85-a6e23a8c635c FriendlyName: High performance)
// **************************
// Benchmark: CardBattleEngineBenchmark.EngineIterateActions: Job-ERIHKH(Toolchain=InProcessNoEmitToolchain, IterationCount=15, LaunchCount=1, WarmupCount=3) [EntityCount=6, MaxDepth=1]
// *** Execute ***
// Launch: 1 / 1

// Benchmark Process Environment Information:
// BenchmarkDotNet v0.15.8
// Runtime=.NET 8.0.28 (8.0.28, 8.0.2826.26413), X64 RyuJIT x86-64-v3
// GC=Concurrent Workstation
// HardwareIntrinsics=AVX2+BMI1+BMI2+F16C+FMA+LZCNT+MOVBE,AVX,SSE3+SSSE3+SSE4.1+SSE4.2+POPCNT,X86Base+SSE+SSE2,AES+PCLMUL,AvxVnni,SERIALIZE VectorSize=256
// Job: Job-ERIHKH(Toolchain=InProcessNoEmitToolchain, IterationCount=15, LaunchCount=1, WarmupCount=3)

OverheadJitting  1: 1 op, 400.00 ns, 400.0000 ns/op
WorkloadJitting  1: 1 op, 3524100.00 ns, 3.5241 ms/op

OverheadJitting  2: 16 op, 800.00 ns, 50.0000 ns/op
WorkloadJitting  2: 16 op, 52867100.00 ns, 3.3042 ms/op

WorkloadPilot    1: 16 op, 48990700.00 ns, 3.0619 ms/op
WorkloadPilot    2: 32 op, 75877800.00 ns, 2.3712 ms/op
WorkloadPilot    3: 64 op, 181124100.00 ns, 2.8301 ms/op
WorkloadPilot    4: 128 op, 383168800.00 ns, 2.9935 ms/op
WorkloadPilot    5: 256 op, 786149300.00 ns, 3.0709 ms/op

OverheadWarmup   1: 256 op, 1800.00 ns, 7.0313 ns/op
OverheadWarmup   2: 256 op, 900.00 ns, 3.5156 ns/op
OverheadWarmup   3: 256 op, 1100.00 ns, 4.2969 ns/op
OverheadWarmup   4: 256 op, 1500.00 ns, 5.8594 ns/op
OverheadWarmup   5: 256 op, 900.00 ns, 3.5156 ns/op
OverheadWarmup   6: 256 op, 1000.00 ns, 3.9063 ns/op
OverheadWarmup   7: 256 op, 1400.00 ns, 5.4688 ns/op
OverheadWarmup   8: 256 op, 1300.00 ns, 5.0781 ns/op

OverheadActual   1: 256 op, 1300.00 ns, 5.0781 ns/op
OverheadActual   2: 256 op, 1400.00 ns, 5.4688 ns/op
OverheadActual   3: 256 op, 1300.00 ns, 5.0781 ns/op
OverheadActual   4: 256 op, 1200.00 ns, 4.6875 ns/op
OverheadActual   5: 256 op, 1400.00 ns, 5.4688 ns/op
OverheadActual   6: 256 op, 1100.00 ns, 4.2969 ns/op
OverheadActual   7: 256 op, 1500.00 ns, 5.8594 ns/op
OverheadActual   8: 256 op, 1600.00 ns, 6.2500 ns/op
OverheadActual   9: 256 op, 1600.00 ns, 6.2500 ns/op
OverheadActual  10: 256 op, 1800.00 ns, 7.0313 ns/op
OverheadActual  11: 256 op, 1900.00 ns, 7.4219 ns/op
OverheadActual  12: 256 op, 1600.00 ns, 6.2500 ns/op
OverheadActual  13: 256 op, 1900.00 ns, 7.4219 ns/op
OverheadActual  14: 256 op, 1400.00 ns, 5.4688 ns/op
OverheadActual  15: 256 op, 1000.00 ns, 3.9063 ns/op
OverheadActual  16: 256 op, 1500.00 ns, 5.8594 ns/op
OverheadActual  17: 256 op, 1400.00 ns, 5.4688 ns/op
OverheadActual  18: 256 op, 1400.00 ns, 5.4688 ns/op
OverheadActual  19: 256 op, 1400.00 ns, 5.4688 ns/op
OverheadActual  20: 256 op, 1300.00 ns, 5.0781 ns/op

WorkloadWarmup   1: 256 op, 677640900.00 ns, 2.6470 ms/op
WorkloadWarmup   2: 256 op, 688951800.00 ns, 2.6912 ms/op
WorkloadWarmup   3: 256 op, 750268800.00 ns, 2.9307 ms/op

WorkloadActual   1: 256 op, 713786400.00 ns, 2.7882 ms/op
WorkloadActual   2: 256 op, 781796600.00 ns, 3.0539 ms/op
WorkloadActual   3: 256 op, 758365200.00 ns, 2.9624 ms/op
WorkloadActual   4: 256 op, 792963300.00 ns, 3.0975 ms/op
WorkloadActual   5: 256 op, 831926900.00 ns, 3.2497 ms/op
WorkloadActual   6: 256 op, 743221700.00 ns, 2.9032 ms/op
WorkloadActual   7: 256 op, 846505900.00 ns, 3.3067 ms/op
WorkloadActual   8: 256 op, 702614400.00 ns, 2.7446 ms/op
WorkloadActual   9: 256 op, 731346800.00 ns, 2.8568 ms/op
WorkloadActual  10: 256 op, 833854400.00 ns, 3.2572 ms/op
WorkloadActual  11: 256 op, 831862900.00 ns, 3.2495 ms/op
WorkloadActual  12: 256 op, 796725200.00 ns, 3.1122 ms/op
WorkloadActual  13: 256 op, 700287000.00 ns, 2.7355 ms/op
WorkloadActual  14: 256 op, 909429400.00 ns, 3.5525 ms/op
WorkloadActual  15: 256 op, 814404800.00 ns, 3.1813 ms/op

WorkloadResult   1: 256 op, 713785000.00 ns, 2.7882 ms/op
WorkloadResult   2: 256 op, 781795200.00 ns, 3.0539 ms/op
WorkloadResult   3: 256 op, 758363800.00 ns, 2.9624 ms/op
WorkloadResult   4: 256 op, 792961900.00 ns, 3.0975 ms/op
WorkloadResult   5: 256 op, 831925500.00 ns, 3.2497 ms/op
WorkloadResult   6: 256 op, 743220300.00 ns, 2.9032 ms/op
WorkloadResult   7: 256 op, 846504500.00 ns, 3.3067 ms/op
WorkloadResult   8: 256 op, 702613000.00 ns, 2.7446 ms/op
WorkloadResult   9: 256 op, 731345400.00 ns, 2.8568 ms/op
WorkloadResult  10: 256 op, 833853000.00 ns, 3.2572 ms/op
WorkloadResult  11: 256 op, 831861500.00 ns, 3.2495 ms/op
WorkloadResult  12: 256 op, 796723800.00 ns, 3.1122 ms/op
WorkloadResult  13: 256 op, 700285600.00 ns, 2.7355 ms/op
WorkloadResult  14: 256 op, 909428000.00 ns, 3.5525 ms/op
WorkloadResult  15: 256 op, 814403400.00 ns, 3.1813 ms/op


Mean = 3.070 ms, StdErr = 0.061 ms (1.99%), N = 15, StdDev = 0.237 ms
Min = 2.735 ms, Q1 = 2.880 ms, Median = 3.098 ms, Q3 = 3.250 ms, Max = 3.552 ms
IQR = 0.370 ms, LowerFence = 2.326 ms, UpperFence = 3.804 ms
ConfidenceInterval = [2.817 ms; 3.323 ms] (CI 99.9%), Margin = 0.253 ms (8.25% of Mean)
Skewness = 0.18, Kurtosis = 1.99, MValue = 2

// ** Remained 7 (25.0%) benchmark(s) to run. Estimated finish 2026-09-09 16:37 (0h 1m from now) **
Setup power plan (GUID: 8c5e7fda-e8bf-4a96-9a85-a6e23a8c635c FriendlyName: High performance)
// **************************
// Benchmark: CardBattleEngineBenchmark.EngineIterateActions: Job-ERIHKH(Toolchain=InProcessNoEmitToolchain, IterationCount=15, LaunchCount=1, WarmupCount=3) [EntityCount=6, MaxDepth=2]
// *** Execute ***
// Launch: 1 / 1

// Benchmark Process Environment Information:
// BenchmarkDotNet v0.15.8
// Runtime=.NET 8.0.28 (8.0.28, 8.0.2826.26413), X64 RyuJIT x86-64-v3
// GC=Concurrent Workstation
// HardwareIntrinsics=AVX2+BMI1+BMI2+F16C+FMA+LZCNT+MOVBE,AVX,SSE3+SSSE3+SSE4.1+SSE4.2+POPCNT,X86Base+SSE+SSE2,AES+PCLMUL,AvxVnni,SERIALIZE VectorSize=256
// Job: Job-ERIHKH(Toolchain=InProcessNoEmitToolchain, IterationCount=15, LaunchCount=1, WarmupCount=3)

OverheadJitting  1: 1 op, 600.00 ns, 600.0000 ns/op
WorkloadJitting  1: 1 op, 33043900.00 ns, 33.0439 ms/op

OverheadJitting  2: 16 op, 1100.00 ns, 68.7500 ns/op
WorkloadJitting  2: 16 op, 576885700.00 ns, 36.0554 ms/op

WorkloadPilot    1: 16 op, 504262500.00 ns, 31.5164 ms/op

OverheadWarmup   1: 16 op, 700.00 ns, 43.7500 ns/op
OverheadWarmup   2: 16 op, 700.00 ns, 43.7500 ns/op
OverheadWarmup   3: 16 op, 500.00 ns, 31.2500 ns/op
OverheadWarmup   4: 16 op, 300.00 ns, 18.7500 ns/op
OverheadWarmup   5: 16 op, 300.00 ns, 18.7500 ns/op
OverheadWarmup   6: 16 op, 400.00 ns, 25.0000 ns/op

OverheadActual   1: 16 op, 400.00 ns, 25.0000 ns/op
OverheadActual   2: 16 op, 400.00 ns, 25.0000 ns/op
OverheadActual   3: 16 op, 400.00 ns, 25.0000 ns/op
OverheadActual   4: 16 op, 300.00 ns, 18.7500 ns/op
OverheadActual   5: 16 op, 400.00 ns, 25.0000 ns/op
OverheadActual   6: 16 op, 400.00 ns, 25.0000 ns/op
OverheadActual   7: 16 op, 400.00 ns, 25.0000 ns/op
OverheadActual   8: 16 op, 400.00 ns, 25.0000 ns/op
OverheadActual   9: 16 op, 400.00 ns, 25.0000 ns/op
OverheadActual  10: 16 op, 500.00 ns, 31.2500 ns/op
OverheadActual  11: 16 op, 300.00 ns, 18.7500 ns/op
OverheadActual  12: 16 op, 300.00 ns, 18.7500 ns/op
OverheadActual  13: 16 op, 600.00 ns, 37.5000 ns/op
OverheadActual  14: 16 op, 500.00 ns, 31.2500 ns/op
OverheadActual  15: 16 op, 400.00 ns, 25.0000 ns/op
OverheadActual  16: 16 op, 400.00 ns, 25.0000 ns/op
OverheadActual  17: 16 op, 300.00 ns, 18.7500 ns/op
OverheadActual  18: 16 op, 400.00 ns, 25.0000 ns/op
OverheadActual  19: 16 op, 600.00 ns, 37.5000 ns/op
OverheadActual  20: 16 op, 700.00 ns, 43.7500 ns/op

WorkloadWarmup   1: 16 op, 545608900.00 ns, 34.1006 ms/op
WorkloadWarmup   2: 16 op, 639132500.00 ns, 39.9458 ms/op
WorkloadWarmup   3: 16 op, 482932000.00 ns, 30.1833 ms/op

WorkloadActual   1: 16 op, 512941500.00 ns, 32.0588 ms/op
WorkloadActual   2: 16 op, 499367600.00 ns, 31.2105 ms/op
WorkloadActual   3: 16 op, 540486400.00 ns, 33.7804 ms/op
WorkloadActual   4: 16 op, 505287000.00 ns, 31.5804 ms/op
WorkloadActual   5: 16 op, 522461100.00 ns, 32.6538 ms/op
WorkloadActual   6: 16 op, 428637500.00 ns, 26.7898 ms/op
WorkloadActual   7: 16 op, 421972000.00 ns, 26.3733 ms/op
WorkloadActual   8: 16 op, 432839800.00 ns, 27.0525 ms/op
WorkloadActual   9: 16 op, 479605200.00 ns, 29.9753 ms/op
WorkloadActual  10: 16 op, 395140700.00 ns, 24.6963 ms/op
WorkloadActual  11: 16 op, 448703100.00 ns, 28.0439 ms/op
WorkloadActual  12: 16 op, 418130700.00 ns, 26.1332 ms/op
WorkloadActual  13: 16 op, 407650200.00 ns, 25.4781 ms/op
WorkloadActual  14: 16 op, 457415000.00 ns, 28.5884 ms/op
WorkloadActual  15: 16 op, 405672000.00 ns, 25.3545 ms/op

WorkloadResult   1: 16 op, 512941100.00 ns, 32.0588 ms/op
WorkloadResult   2: 16 op, 499367200.00 ns, 31.2105 ms/op
WorkloadResult   3: 16 op, 540486000.00 ns, 33.7804 ms/op
WorkloadResult   4: 16 op, 505286600.00 ns, 31.5804 ms/op
WorkloadResult   5: 16 op, 522460700.00 ns, 32.6538 ms/op
WorkloadResult   6: 16 op, 428637100.00 ns, 26.7898 ms/op
WorkloadResult   7: 16 op, 421971600.00 ns, 26.3732 ms/op
WorkloadResult   8: 16 op, 432839400.00 ns, 27.0525 ms/op
WorkloadResult   9: 16 op, 479604800.00 ns, 29.9753 ms/op
WorkloadResult  10: 16 op, 395140300.00 ns, 24.6963 ms/op
WorkloadResult  11: 16 op, 448702700.00 ns, 28.0439 ms/op
WorkloadResult  12: 16 op, 418130300.00 ns, 26.1331 ms/op
WorkloadResult  13: 16 op, 407649800.00 ns, 25.4781 ms/op
WorkloadResult  14: 16 op, 457414600.00 ns, 28.5884 ms/op
WorkloadResult  15: 16 op, 405671600.00 ns, 25.3545 ms/op


Mean = 28.651 ms, StdErr = 0.773 ms (2.70%), N = 15, StdDev = 2.992 ms
Min = 24.696 ms, Q1 = 26.253 ms, Median = 28.044 ms, Q3 = 31.395 ms, Max = 33.780 ms
IQR = 5.142 ms, LowerFence = 18.540 ms, UpperFence = 39.109 ms
ConfidenceInterval = [25.453 ms; 31.850 ms] (CI 99.9%), Margin = 3.199 ms (11.16% of Mean)
Skewness = 0.29, Kurtosis = 1.46, MValue = 2.57

// ** Remained 6 (21.4%) benchmark(s) to run. Estimated finish 2026-09-09 16:37 (0h 1m from now) **
Setup power plan (GUID: 8c5e7fda-e8bf-4a96-9a85-a6e23a8c635c FriendlyName: High performance)
// **************************
// Benchmark: CardBattleEngineBenchmark.EngineIterateActions: Job-ERIHKH(Toolchain=InProcessNoEmitToolchain, IterationCount=15, LaunchCount=1, WarmupCount=3) [EntityCount=6, MaxDepth=3]
// *** Execute ***
// Launch: 1 / 1

// Benchmark Process Environment Information:
// BenchmarkDotNet v0.15.8
// Runtime=.NET 8.0.28 (8.0.28, 8.0.2826.26413), X64 RyuJIT x86-64-v3
// GC=Concurrent Workstation
// HardwareIntrinsics=AVX2+BMI1+BMI2+F16C+FMA+LZCNT+MOVBE,AVX,SSE3+SSSE3+SSE4.1+SSE4.2+POPCNT,X86Base+SSE+SSE2,AES+PCLMUL,AvxVnni,SERIALIZE VectorSize=256
// Job: Job-ERIHKH(Toolchain=InProcessNoEmitToolchain, IterationCount=15, LaunchCount=1, WarmupCount=3)

OverheadJitting  1: 1 op, 500.00 ns, 500.0000 ns/op
WorkloadJitting  1: 1 op, 94549300.00 ns, 94.5493 ms/op

WorkloadPilot    1: 2 op, 152877600.00 ns, 76.4388 ms/op
WorkloadPilot    2: 3 op, 205287000.00 ns, 68.4290 ms/op
WorkloadPilot    3: 4 op, 237452100.00 ns, 59.3630 ms/op
WorkloadPilot    4: 5 op, 358906600.00 ns, 71.7813 ms/op
WorkloadPilot    5: 6 op, 460770300.00 ns, 76.7951 ms/op
WorkloadPilot    6: 7 op, 609603500.00 ns, 87.0862 ms/op

WorkloadWarmup   1: 7 op, 663909800.00 ns, 94.8443 ms/op
WorkloadWarmup   2: 7 op, 630249600.00 ns, 90.0357 ms/op
WorkloadWarmup   3: 7 op, 566687700.00 ns, 80.9554 ms/op

WorkloadActual   1: 7 op, 623440700.00 ns, 89.0630 ms/op
WorkloadActual   2: 7 op, 697465400.00 ns, 99.6379 ms/op
WorkloadActual   3: 7 op, 521567700.00 ns, 74.5097 ms/op
WorkloadActual   4: 7 op, 684167400.00 ns, 97.7382 ms/op
WorkloadActual   5: 7 op, 612527000.00 ns, 87.5039 ms/op
WorkloadActual   6: 7 op, 632345600.00 ns, 90.3351 ms/op
WorkloadActual   7: 7 op, 631440700.00 ns, 90.2058 ms/op
WorkloadActual   8: 7 op, 660638600.00 ns, 94.3769 ms/op
WorkloadActual   9: 7 op, 552703000.00 ns, 78.9576 ms/op
WorkloadActual  10: 7 op, 511055400.00 ns, 73.0079 ms/op
WorkloadActual  11: 7 op, 460481900.00 ns, 65.7831 ms/op
WorkloadActual  12: 7 op, 464359400.00 ns, 66.3371 ms/op
WorkloadActual  13: 7 op, 598504300.00 ns, 85.5006 ms/op
WorkloadActual  14: 7 op, 650650600.00 ns, 92.9501 ms/op
WorkloadActual  15: 7 op, 472460100.00 ns, 67.4943 ms/op

WorkloadResult   1: 7 op, 623440700.00 ns, 89.0630 ms/op
WorkloadResult   2: 7 op, 697465400.00 ns, 99.6379 ms/op
WorkloadResult   3: 7 op, 521567700.00 ns, 74.5097 ms/op
WorkloadResult   4: 7 op, 684167400.00 ns, 97.7382 ms/op
WorkloadResult   5: 7 op, 612527000.00 ns, 87.5039 ms/op
WorkloadResult   6: 7 op, 632345600.00 ns, 90.3351 ms/op
WorkloadResult   7: 7 op, 631440700.00 ns, 90.2058 ms/op
WorkloadResult   8: 7 op, 660638600.00 ns, 94.3769 ms/op
WorkloadResult   9: 7 op, 552703000.00 ns, 78.9576 ms/op
WorkloadResult  10: 7 op, 511055400.00 ns, 73.0079 ms/op
WorkloadResult  11: 7 op, 460481900.00 ns, 65.7831 ms/op
WorkloadResult  12: 7 op, 464359400.00 ns, 66.3371 ms/op
WorkloadResult  13: 7 op, 598504300.00 ns, 85.5006 ms/op
WorkloadResult  14: 7 op, 650650600.00 ns, 92.9501 ms/op
WorkloadResult  15: 7 op, 472460100.00 ns, 67.4943 ms/op


Mean = 83.560 ms, StdErr = 3.000 ms (3.59%), N = 15, StdDev = 11.618 ms
Min = 65.783 ms, Q1 = 73.759 ms, Median = 87.504 ms, Q3 = 91.643 ms, Max = 99.638 ms
IQR = 17.884 ms, LowerFence = 46.933 ms, UpperFence = 118.468 ms
ConfidenceInterval = [71.140 ms; 95.980 ms] (CI 99.9%), Margin = 12.420 ms (14.86% of Mean)
Skewness = -0.3, Kurtosis = 1.49, MValue = 2.75

// ** Remained 5 (17.9%) benchmark(s) to run. Estimated finish 2026-09-09 16:37 (0h 1m from now) **
Setup power plan (GUID: 8c5e7fda-e8bf-4a96-9a85-a6e23a8c635c FriendlyName: High performance)
// **************************
// Benchmark: CardBattleEngineBenchmark.EngineIterateActions: Job-ERIHKH(Toolchain=InProcessNoEmitToolchain, IterationCount=15, LaunchCount=1, WarmupCount=3) [EntityCount=6, MaxDepth=4]
// *** Execute ***
// Launch: 1 / 1

// Benchmark Process Environment Information:
// BenchmarkDotNet v0.15.8
// Runtime=.NET 8.0.28 (8.0.28, 8.0.2826.26413), X64 RyuJIT x86-64-v3
// GC=Concurrent Workstation
// HardwareIntrinsics=AVX2+BMI1+BMI2+F16C+FMA+LZCNT+MOVBE,AVX,SSE3+SSSE3+SSE4.1+SSE4.2+POPCNT,X86Base+SSE+SSE2,AES+PCLMUL,AvxVnni,SERIALIZE VectorSize=256
// Job: Job-ERIHKH(Toolchain=InProcessNoEmitToolchain, IterationCount=15, LaunchCount=1, WarmupCount=3)

OverheadJitting  1: 1 op, 400.00 ns, 400.0000 ns/op
WorkloadJitting  1: 1 op, 105846900.00 ns, 105.8469 ms/op

WorkloadPilot    1: 2 op, 220419600.00 ns, 110.2098 ms/op
WorkloadPilot    2: 3 op, 404326700.00 ns, 134.7756 ms/op
WorkloadPilot    3: 4 op, 537668500.00 ns, 134.4171 ms/op

WorkloadWarmup   1: 4 op, 448165500.00 ns, 112.0414 ms/op
WorkloadWarmup   2: 4 op, 417092100.00 ns, 104.2730 ms/op
WorkloadWarmup   3: 4 op, 462242700.00 ns, 115.5607 ms/op

WorkloadActual   1: 4 op, 421929000.00 ns, 105.4823 ms/op
WorkloadActual   2: 4 op, 449593200.00 ns, 112.3983 ms/op
WorkloadActual   3: 4 op, 470377900.00 ns, 117.5945 ms/op
WorkloadActual   4: 4 op, 398938600.00 ns, 99.7347 ms/op
WorkloadActual   5: 4 op, 426819100.00 ns, 106.7048 ms/op
WorkloadActual   6: 4 op, 469315900.00 ns, 117.3290 ms/op
WorkloadActual   7: 4 op, 525281400.00 ns, 131.3204 ms/op
WorkloadActual   8: 4 op, 410950500.00 ns, 102.7376 ms/op
WorkloadActual   9: 4 op, 366338700.00 ns, 91.5847 ms/op
WorkloadActual  10: 4 op, 363888400.00 ns, 90.9721 ms/op
WorkloadActual  11: 4 op, 339994200.00 ns, 84.9986 ms/op
WorkloadActual  12: 4 op, 424031000.00 ns, 106.0078 ms/op
WorkloadActual  13: 4 op, 381372000.00 ns, 95.3430 ms/op
WorkloadActual  14: 4 op, 403000200.00 ns, 100.7501 ms/op
WorkloadActual  15: 4 op, 386732600.00 ns, 96.6832 ms/op

WorkloadResult   1: 4 op, 421929000.00 ns, 105.4823 ms/op
WorkloadResult   2: 4 op, 449593200.00 ns, 112.3983 ms/op
WorkloadResult   3: 4 op, 470377900.00 ns, 117.5945 ms/op
WorkloadResult   4: 4 op, 398938600.00 ns, 99.7347 ms/op
WorkloadResult   5: 4 op, 426819100.00 ns, 106.7048 ms/op
WorkloadResult   6: 4 op, 469315900.00 ns, 117.3290 ms/op
WorkloadResult   7: 4 op, 410950500.00 ns, 102.7376 ms/op
WorkloadResult   8: 4 op, 366338700.00 ns, 91.5847 ms/op
WorkloadResult   9: 4 op, 363888400.00 ns, 90.9721 ms/op
WorkloadResult  10: 4 op, 339994200.00 ns, 84.9986 ms/op
WorkloadResult  11: 4 op, 424031000.00 ns, 106.0078 ms/op
WorkloadResult  12: 4 op, 381372000.00 ns, 95.3430 ms/op
WorkloadResult  13: 4 op, 403000200.00 ns, 100.7501 ms/op
WorkloadResult  14: 4 op, 386732600.00 ns, 96.6832 ms/op


Mean = 102.023 ms, StdErr = 2.606 ms (2.55%), N = 14, StdDev = 9.749 ms
Min = 84.999 ms, Q1 = 95.678 ms, Median = 101.744 ms, Q3 = 106.531 ms, Max = 117.594 ms
IQR = 10.852 ms, LowerFence = 79.399 ms, UpperFence = 122.809 ms
ConfidenceInterval = [91.025 ms; 113.020 ms] (CI 99.9%), Margin = 10.998 ms (10.78% of Mean)
Skewness = 0.06, Kurtosis = 1.9, MValue = 2

// ** Remained 4 (14.3%) benchmark(s) to run. Estimated finish 2026-09-09 16:37 (0h 1m from now) **
Setup power plan (GUID: 8c5e7fda-e8bf-4a96-9a85-a6e23a8c635c FriendlyName: High performance)
// **************************
// Benchmark: CardBattleEngineBenchmark.EngineIterateActions: Job-ERIHKH(Toolchain=InProcessNoEmitToolchain, IterationCount=15, LaunchCount=1, WarmupCount=3) [EntityCount=7, MaxDepth=1]
// *** Execute ***
// Launch: 1 / 1

// Benchmark Process Environment Information:
// BenchmarkDotNet v0.15.8
// Runtime=.NET 8.0.28 (8.0.28, 8.0.2826.26413), X64 RyuJIT x86-64-v3
// GC=Concurrent Workstation
// HardwareIntrinsics=AVX2+BMI1+BMI2+F16C+FMA+LZCNT+MOVBE,AVX,SSE3+SSSE3+SSE4.1+SSE4.2+POPCNT,X86Base+SSE+SSE2,AES+PCLMUL,AvxVnni,SERIALIZE VectorSize=256
// Job: Job-ERIHKH(Toolchain=InProcessNoEmitToolchain, IterationCount=15, LaunchCount=1, WarmupCount=3)

OverheadJitting  1: 1 op, 400.00 ns, 400.0000 ns/op
WorkloadJitting  1: 1 op, 2273500.00 ns, 2.2735 ms/op

OverheadJitting  2: 16 op, 400.00 ns, 25.0000 ns/op
WorkloadJitting  2: 16 op, 46813200.00 ns, 2.9258 ms/op

WorkloadPilot    1: 16 op, 49862500.00 ns, 3.1164 ms/op
WorkloadPilot    2: 32 op, 91977700.00 ns, 2.8743 ms/op
WorkloadPilot    3: 64 op, 201959100.00 ns, 3.1556 ms/op
WorkloadPilot    4: 128 op, 379680700.00 ns, 2.9663 ms/op
WorkloadPilot    5: 256 op, 698112800.00 ns, 2.7270 ms/op

OverheadWarmup   1: 256 op, 1500.00 ns, 5.8594 ns/op
OverheadWarmup   2: 256 op, 1900.00 ns, 7.4219 ns/op
OverheadWarmup   3: 256 op, 2300.00 ns, 8.9844 ns/op
OverheadWarmup   4: 256 op, 1100.00 ns, 4.2969 ns/op
OverheadWarmup   5: 256 op, 1300.00 ns, 5.0781 ns/op
OverheadWarmup   6: 256 op, 1100.00 ns, 4.2969 ns/op

OverheadActual   1: 256 op, 1100.00 ns, 4.2969 ns/op
OverheadActual   2: 256 op, 1300.00 ns, 5.0781 ns/op
OverheadActual   3: 256 op, 1200.00 ns, 4.6875 ns/op
OverheadActual   4: 256 op, 1300.00 ns, 5.0781 ns/op
OverheadActual   5: 256 op, 1200.00 ns, 4.6875 ns/op
OverheadActual   6: 256 op, 1100.00 ns, 4.2969 ns/op
OverheadActual   7: 256 op, 1100.00 ns, 4.2969 ns/op
OverheadActual   8: 256 op, 1200.00 ns, 4.6875 ns/op
OverheadActual   9: 256 op, 1100.00 ns, 4.2969 ns/op
OverheadActual  10: 256 op, 1200.00 ns, 4.6875 ns/op
OverheadActual  11: 256 op, 1300.00 ns, 5.0781 ns/op
OverheadActual  12: 256 op, 1300.00 ns, 5.0781 ns/op
OverheadActual  13: 256 op, 1200.00 ns, 4.6875 ns/op
OverheadActual  14: 256 op, 1200.00 ns, 4.6875 ns/op
OverheadActual  15: 256 op, 1000.00 ns, 3.9063 ns/op
OverheadActual  16: 256 op, 1200.00 ns, 4.6875 ns/op
OverheadActual  17: 256 op, 1300.00 ns, 5.0781 ns/op
OverheadActual  18: 256 op, 1200.00 ns, 4.6875 ns/op
OverheadActual  19: 256 op, 1300.00 ns, 5.0781 ns/op
OverheadActual  20: 256 op, 1500.00 ns, 5.8594 ns/op

WorkloadWarmup   1: 256 op, 857757800.00 ns, 3.3506 ms/op
WorkloadWarmup   2: 256 op, 706691800.00 ns, 2.7605 ms/op
WorkloadWarmup   3: 256 op, 706613300.00 ns, 2.7602 ms/op

WorkloadActual   1: 256 op, 743728500.00 ns, 2.9052 ms/op
WorkloadActual   2: 256 op, 698496400.00 ns, 2.7285 ms/op
WorkloadActual   3: 256 op, 711087500.00 ns, 2.7777 ms/op
WorkloadActual   4: 256 op, 716845600.00 ns, 2.8002 ms/op
WorkloadActual   5: 256 op, 815145400.00 ns, 3.1842 ms/op
WorkloadActual   6: 256 op, 678485300.00 ns, 2.6503 ms/op
WorkloadActual   7: 256 op, 598243300.00 ns, 2.3369 ms/op
WorkloadActual   8: 256 op, 719545000.00 ns, 2.8107 ms/op
WorkloadActual   9: 256 op, 648306700.00 ns, 2.5324 ms/op
WorkloadActual  10: 256 op, 628911600.00 ns, 2.4567 ms/op
WorkloadActual  11: 256 op, 702607000.00 ns, 2.7446 ms/op
WorkloadActual  12: 256 op, 707095200.00 ns, 2.7621 ms/op
WorkloadActual  13: 256 op, 783301600.00 ns, 3.0598 ms/op
WorkloadActual  14: 256 op, 708516500.00 ns, 2.7676 ms/op
WorkloadActual  15: 256 op, 829286400.00 ns, 3.2394 ms/op

WorkloadResult   1: 256 op, 743727300.00 ns, 2.9052 ms/op
WorkloadResult   2: 256 op, 698495200.00 ns, 2.7285 ms/op
WorkloadResult   3: 256 op, 711086300.00 ns, 2.7777 ms/op
WorkloadResult   4: 256 op, 716844400.00 ns, 2.8002 ms/op
WorkloadResult   5: 256 op, 678484100.00 ns, 2.6503 ms/op
WorkloadResult   6: 256 op, 598242100.00 ns, 2.3369 ms/op
WorkloadResult   7: 256 op, 719543800.00 ns, 2.8107 ms/op
WorkloadResult   8: 256 op, 648305500.00 ns, 2.5324 ms/op
WorkloadResult   9: 256 op, 628910400.00 ns, 2.4567 ms/op
WorkloadResult  10: 256 op, 702605800.00 ns, 2.7446 ms/op
WorkloadResult  11: 256 op, 707094000.00 ns, 2.7621 ms/op
WorkloadResult  12: 256 op, 783300400.00 ns, 3.0598 ms/op
WorkloadResult  13: 256 op, 708515300.00 ns, 2.7676 ms/op


Mean = 2.718 ms, StdErr = 0.052 ms (1.93%), N = 13, StdDev = 0.189 ms
Min = 2.337 ms, Q1 = 2.650 ms, Median = 2.762 ms, Q3 = 2.800 ms, Max = 3.060 ms
IQR = 0.150 ms, LowerFence = 2.426 ms, UpperFence = 3.025 ms
ConfidenceInterval = [2.492 ms; 2.944 ms] (CI 99.9%), Margin = 0.226 ms (8.33% of Mean)
Skewness = -0.36, Kurtosis = 2.53, MValue = 2.29

// ** Remained 3 (10.7%) benchmark(s) to run. Estimated finish 2026-09-09 16:37 (0h 0m from now) **
Setup power plan (GUID: 8c5e7fda-e8bf-4a96-9a85-a6e23a8c635c FriendlyName: High performance)
// **************************
// Benchmark: CardBattleEngineBenchmark.EngineIterateActions: Job-ERIHKH(Toolchain=InProcessNoEmitToolchain, IterationCount=15, LaunchCount=1, WarmupCount=3) [EntityCount=7, MaxDepth=2]
// *** Execute ***
// Launch: 1 / 1

// Benchmark Process Environment Information:
// BenchmarkDotNet v0.15.8
// Runtime=.NET 8.0.28 (8.0.28, 8.0.2826.26413), X64 RyuJIT x86-64-v3
// GC=Concurrent Workstation
// HardwareIntrinsics=AVX2+BMI1+BMI2+F16C+FMA+LZCNT+MOVBE,AVX,SSE3+SSSE3+SSE4.1+SSE4.2+POPCNT,X86Base+SSE+SSE2,AES+PCLMUL,AvxVnni,SERIALIZE VectorSize=256
// Job: Job-ERIHKH(Toolchain=InProcessNoEmitToolchain, IterationCount=15, LaunchCount=1, WarmupCount=3)

OverheadJitting  1: 1 op, 500.00 ns, 500.0000 ns/op
WorkloadJitting  1: 1 op, 35722700.00 ns, 35.7227 ms/op

WorkloadPilot    1: 2 op, 94831500.00 ns, 47.4158 ms/op
WorkloadPilot    2: 3 op, 125933900.00 ns, 41.9780 ms/op
WorkloadPilot    3: 4 op, 210737300.00 ns, 52.6843 ms/op
WorkloadPilot    4: 5 op, 224847700.00 ns, 44.9695 ms/op
WorkloadPilot    5: 6 op, 254211200.00 ns, 42.3685 ms/op
WorkloadPilot    6: 7 op, 262347000.00 ns, 37.4781 ms/op
WorkloadPilot    7: 8 op, 301349500.00 ns, 37.6687 ms/op
WorkloadPilot    8: 9 op, 282517500.00 ns, 31.3908 ms/op
WorkloadPilot    9: 10 op, 476165500.00 ns, 47.6166 ms/op
WorkloadPilot   10: 11 op, 356914100.00 ns, 32.4467 ms/op
WorkloadPilot   11: 12 op, 437663600.00 ns, 36.4720 ms/op
WorkloadPilot   12: 13 op, 429506000.00 ns, 33.0389 ms/op
WorkloadPilot   13: 14 op, 455537400.00 ns, 32.5384 ms/op
WorkloadPilot   14: 15 op, 635208500.00 ns, 42.3472 ms/op

WorkloadWarmup   1: 15 op, 640154000.00 ns, 42.6769 ms/op
WorkloadWarmup   2: 15 op, 571876400.00 ns, 38.1251 ms/op
WorkloadWarmup   3: 15 op, 455163100.00 ns, 30.3442 ms/op

WorkloadActual   1: 15 op, 464859500.00 ns, 30.9906 ms/op
WorkloadActual   2: 15 op, 514433500.00 ns, 34.2956 ms/op
WorkloadActual   3: 15 op, 476743400.00 ns, 31.7829 ms/op
WorkloadActual   4: 15 op, 525920600.00 ns, 35.0614 ms/op
WorkloadActual   5: 15 op, 620546700.00 ns, 41.3698 ms/op
WorkloadActual   6: 15 op, 694533600.00 ns, 46.3022 ms/op
WorkloadActual   7: 15 op, 635954100.00 ns, 42.3969 ms/op
WorkloadActual   8: 15 op, 617496800.00 ns, 41.1665 ms/op
WorkloadActual   9: 15 op, 698302300.00 ns, 46.5535 ms/op
WorkloadActual  10: 15 op, 653046500.00 ns, 43.5364 ms/op
WorkloadActual  11: 15 op, 557082600.00 ns, 37.1388 ms/op
WorkloadActual  12: 15 op, 462769000.00 ns, 30.8513 ms/op
WorkloadActual  13: 15 op, 713790500.00 ns, 47.5860 ms/op
WorkloadActual  14: 15 op, 712445900.00 ns, 47.4964 ms/op
WorkloadActual  15: 15 op, 677559100.00 ns, 45.1706 ms/op

WorkloadResult   1: 15 op, 464859500.00 ns, 30.9906 ms/op
WorkloadResult   2: 15 op, 514433500.00 ns, 34.2956 ms/op
WorkloadResult   3: 15 op, 476743400.00 ns, 31.7829 ms/op
WorkloadResult   4: 15 op, 525920600.00 ns, 35.0614 ms/op
WorkloadResult   5: 15 op, 620546700.00 ns, 41.3698 ms/op
WorkloadResult   6: 15 op, 694533600.00 ns, 46.3022 ms/op
WorkloadResult   7: 15 op, 635954100.00 ns, 42.3969 ms/op
WorkloadResult   8: 15 op, 617496800.00 ns, 41.1665 ms/op
WorkloadResult   9: 15 op, 698302300.00 ns, 46.5535 ms/op
WorkloadResult  10: 15 op, 653046500.00 ns, 43.5364 ms/op
WorkloadResult  11: 15 op, 557082600.00 ns, 37.1388 ms/op
WorkloadResult  12: 15 op, 462769000.00 ns, 30.8513 ms/op
WorkloadResult  13: 15 op, 713790500.00 ns, 47.5860 ms/op
WorkloadResult  14: 15 op, 712445900.00 ns, 47.4964 ms/op
WorkloadResult  15: 15 op, 677559100.00 ns, 45.1706 ms/op


Mean = 40.113 ms, StdErr = 1.606 ms (4.00%), N = 15, StdDev = 6.222 ms
Min = 30.851 ms, Q1 = 34.678 ms, Median = 41.370 ms, Q3 = 45.736 ms, Max = 47.586 ms
IQR = 11.058 ms, LowerFence = 18.092 ms, UpperFence = 62.323 ms
ConfidenceInterval = [33.462 ms; 46.765 ms] (CI 99.9%), Margin = 6.651 ms (16.58% of Mean)
Skewness = -0.27, Kurtosis = 1.38, MValue = 3.33

// ** Remained 2 (7.1%) benchmark(s) to run. Estimated finish 2026-09-09 16:37 (0h 0m from now) **
Setup power plan (GUID: 8c5e7fda-e8bf-4a96-9a85-a6e23a8c635c FriendlyName: High performance)
// **************************
// Benchmark: CardBattleEngineBenchmark.EngineIterateActions: Job-ERIHKH(Toolchain=InProcessNoEmitToolchain, IterationCount=15, LaunchCount=1, WarmupCount=3) [EntityCount=7, MaxDepth=3]
// *** Execute ***
// Launch: 1 / 1

// Benchmark Process Environment Information:
// BenchmarkDotNet v0.15.8
// Runtime=.NET 8.0.28 (8.0.28, 8.0.2826.26413), X64 RyuJIT x86-64-v3
// GC=Concurrent Workstation
// HardwareIntrinsics=AVX2+BMI1+BMI2+F16C+FMA+LZCNT+MOVBE,AVX,SSE3+SSSE3+SSE4.1+SSE4.2+POPCNT,X86Base+SSE+SSE2,AES+PCLMUL,AvxVnni,SERIALIZE VectorSize=256
// Job: Job-ERIHKH(Toolchain=InProcessNoEmitToolchain, IterationCount=15, LaunchCount=1, WarmupCount=3)

OverheadJitting  1: 1 op, 600.00 ns, 600.0000 ns/op
WorkloadJitting  1: 1 op, 121117500.00 ns, 121.1175 ms/op

WorkloadPilot    1: 2 op, 260862200.00 ns, 130.4311 ms/op
WorkloadPilot    2: 3 op, 417249900.00 ns, 139.0833 ms/op
WorkloadPilot    3: 4 op, 540081700.00 ns, 135.0204 ms/op

WorkloadWarmup   1: 4 op, 490341600.00 ns, 122.5854 ms/op
WorkloadWarmup   2: 4 op, 458735400.00 ns, 114.6839 ms/op
WorkloadWarmup   3: 4 op, 437513000.00 ns, 109.3783 ms/op

WorkloadActual   1: 4 op, 391636200.00 ns, 97.9091 ms/op
WorkloadActual   2: 4 op, 409044800.00 ns, 102.2612 ms/op
WorkloadActual   3: 4 op, 423637900.00 ns, 105.9095 ms/op
WorkloadActual   4: 4 op, 504128800.00 ns, 126.0322 ms/op
WorkloadActual   5: 4 op, 536226200.00 ns, 134.0566 ms/op
WorkloadActual   6: 4 op, 480251600.00 ns, 120.0629 ms/op
WorkloadActual   7: 4 op, 441056200.00 ns, 110.2641 ms/op
WorkloadActual   8: 4 op, 370020000.00 ns, 92.5050 ms/op
WorkloadActual   9: 4 op, 429152900.00 ns, 107.2882 ms/op
WorkloadActual  10: 4 op, 349426200.00 ns, 87.3566 ms/op
WorkloadActual  11: 4 op, 334472100.00 ns, 83.6180 ms/op
WorkloadActual  12: 4 op, 378785700.00 ns, 94.6964 ms/op
WorkloadActual  13: 4 op, 347757400.00 ns, 86.9394 ms/op
WorkloadActual  14: 4 op, 351627900.00 ns, 87.9070 ms/op
WorkloadActual  15: 4 op, 332898500.00 ns, 83.2246 ms/op

WorkloadResult   1: 4 op, 391636200.00 ns, 97.9091 ms/op
WorkloadResult   2: 4 op, 409044800.00 ns, 102.2612 ms/op
WorkloadResult   3: 4 op, 423637900.00 ns, 105.9095 ms/op
WorkloadResult   4: 4 op, 504128800.00 ns, 126.0322 ms/op
WorkloadResult   5: 4 op, 536226200.00 ns, 134.0566 ms/op
WorkloadResult   6: 4 op, 480251600.00 ns, 120.0629 ms/op
WorkloadResult   7: 4 op, 441056200.00 ns, 110.2641 ms/op
WorkloadResult   8: 4 op, 370020000.00 ns, 92.5050 ms/op
WorkloadResult   9: 4 op, 429152900.00 ns, 107.2882 ms/op
WorkloadResult  10: 4 op, 349426200.00 ns, 87.3566 ms/op
WorkloadResult  11: 4 op, 334472100.00 ns, 83.6180 ms/op
WorkloadResult  12: 4 op, 378785700.00 ns, 94.6964 ms/op
WorkloadResult  13: 4 op, 347757400.00 ns, 86.9394 ms/op
WorkloadResult  14: 4 op, 351627900.00 ns, 87.9070 ms/op
WorkloadResult  15: 4 op, 332898500.00 ns, 83.2246 ms/op


Mean = 101.335 ms, StdErr = 4.098 ms (4.04%), N = 15, StdDev = 15.872 ms
Min = 83.225 ms, Q1 = 87.632 ms, Median = 97.909 ms, Q3 = 108.776 ms, Max = 134.057 ms
IQR = 21.144 ms, LowerFence = 55.915 ms, UpperFence = 140.493 ms
ConfidenceInterval = [84.367 ms; 118.304 ms] (CI 99.9%), Margin = 16.968 ms (16.74% of Mean)
Skewness = 0.62, Kurtosis = 2.08, MValue = 2

// ** Remained 1 (3.6%) benchmark(s) to run. Estimated finish 2026-09-09 16:37 (0h 0m from now) **
Setup power plan (GUID: 8c5e7fda-e8bf-4a96-9a85-a6e23a8c635c FriendlyName: High performance)
// **************************
// Benchmark: CardBattleEngineBenchmark.EngineIterateActions: Job-ERIHKH(Toolchain=InProcessNoEmitToolchain, IterationCount=15, LaunchCount=1, WarmupCount=3) [EntityCount=7, MaxDepth=4]
// *** Execute ***
// Launch: 1 / 1

// Benchmark Process Environment Information:
// BenchmarkDotNet v0.15.8
// Runtime=.NET 8.0.28 (8.0.28, 8.0.2826.26413), X64 RyuJIT x86-64-v3
// GC=Concurrent Workstation
// HardwareIntrinsics=AVX2+BMI1+BMI2+F16C+FMA+LZCNT+MOVBE,AVX,SSE3+SSSE3+SSE4.1+SSE4.2+POPCNT,X86Base+SSE+SSE2,AES+PCLMUL,AvxVnni,SERIALIZE VectorSize=256
// Job: Job-ERIHKH(Toolchain=InProcessNoEmitToolchain, IterationCount=15, LaunchCount=1, WarmupCount=3)

OverheadJitting  1: 1 op, 300.00 ns, 300.0000 ns/op
WorkloadJitting  1: 1 op, 126208900.00 ns, 126.2089 ms/op

WorkloadPilot    1: 2 op, 260992200.00 ns, 130.4961 ms/op
WorkloadPilot    2: 3 op, 398914600.00 ns, 132.9715 ms/op
WorkloadPilot    3: 4 op, 679970400.00 ns, 169.9926 ms/op

WorkloadWarmup   1: 4 op, 810890200.00 ns, 202.7226 ms/op
WorkloadWarmup   2: 4 op, 825675900.00 ns, 206.4190 ms/op
WorkloadWarmup   3: 4 op, 796595600.00 ns, 199.1489 ms/op

WorkloadActual   1: 4 op, 829830000.00 ns, 207.4575 ms/op
WorkloadActual   2: 4 op, 867532600.00 ns, 216.8832 ms/op
WorkloadActual   3: 4 op, 892814900.00 ns, 223.2037 ms/op
WorkloadActual   4: 4 op, 780730000.00 ns, 195.1825 ms/op
WorkloadActual   5: 4 op, 933646800.00 ns, 233.4117 ms/op
WorkloadActual   6: 4 op, 1014190400.00 ns, 253.5476 ms/op
WorkloadActual   7: 4 op, 756088800.00 ns, 189.0222 ms/op
WorkloadActual   8: 4 op, 605952400.00 ns, 151.4881 ms/op
WorkloadActual   9: 4 op, 656206600.00 ns, 164.0517 ms/op
WorkloadActual  10: 4 op, 660220200.00 ns, 165.0551 ms/op
WorkloadActual  11: 4 op, 654982200.00 ns, 163.7456 ms/op
WorkloadActual  12: 4 op, 660367700.00 ns, 165.0919 ms/op
WorkloadActual  13: 4 op, 595367100.00 ns, 148.8418 ms/op
WorkloadActual  14: 4 op, 584782600.00 ns, 146.1957 ms/op
WorkloadActual  15: 4 op, 599076700.00 ns, 149.7692 ms/op

WorkloadResult   1: 4 op, 829830000.00 ns, 207.4575 ms/op
WorkloadResult   2: 4 op, 867532600.00 ns, 216.8832 ms/op
WorkloadResult   3: 4 op, 892814900.00 ns, 223.2037 ms/op
WorkloadResult   4: 4 op, 780730000.00 ns, 195.1825 ms/op
WorkloadResult   5: 4 op, 933646800.00 ns, 233.4117 ms/op
WorkloadResult   6: 4 op, 1014190400.00 ns, 253.5476 ms/op
WorkloadResult   7: 4 op, 756088800.00 ns, 189.0222 ms/op
WorkloadResult   8: 4 op, 605952400.00 ns, 151.4881 ms/op
WorkloadResult   9: 4 op, 656206600.00 ns, 164.0517 ms/op
WorkloadResult  10: 4 op, 660220200.00 ns, 165.0551 ms/op
WorkloadResult  11: 4 op, 654982200.00 ns, 163.7456 ms/op
WorkloadResult  12: 4 op, 660367700.00 ns, 165.0919 ms/op
WorkloadResult  13: 4 op, 595367100.00 ns, 148.8418 ms/op
WorkloadResult  14: 4 op, 584782600.00 ns, 146.1957 ms/op
WorkloadResult  15: 4 op, 599076700.00 ns, 149.7692 ms/op


Mean = 184.863 ms, StdErr = 8.999 ms (4.87%), N = 15, StdDev = 34.851 ms
Min = 146.196 ms, Q1 = 157.617 ms, Median = 165.092 ms, Q3 = 212.170 ms, Max = 253.548 ms
IQR = 54.553 ms, LowerFence = 75.787 ms, UpperFence = 294.001 ms
ConfidenceInterval = [147.605 ms; 222.121 ms] (CI 99.9%), Margin = 37.258 ms (20.15% of Mean)
Skewness = 0.51, Kurtosis = 1.75, MValue = 3.25

// ** Remained 0 (0.0%) benchmark(s) to run. Estimated finish 2026-09-09 16:37 (0h 0m from now) **
Successfully reverted power plan (GUID: 381b4222-f694-41f0-9685-ff5bb260df2e FriendlyName: Balanced)
// ***** BenchmarkRunner: Finish  *****

// * Export *
  BenchmarkDotNet.Artifacts\results\MyBenchmarks.CardBattleEngineBenchmark-report.csv
  BenchmarkDotNet.Artifacts\results\MyBenchmarks.CardBattleEngineBenchmark-report-github.md
  BenchmarkDotNet.Artifacts\results\MyBenchmarks.CardBattleEngineBenchmark-report.html

// * Detailed results *
CardBattleEngineBenchmark.EngineIterateActions: Job-ERIHKH(Toolchain=InProcessNoEmitToolchain, IterationCount=15, LaunchCount=1, WarmupCount=3) [EntityCount=1, MaxDepth=1]
Runtime = ; GC = 
Mean = 60.294 μs, StdErr = 1.703 μs (2.82%), N = 15, StdDev = 6.595 μs
Min = 53.956 μs, Q1 = 55.485 μs, Median = 56.944 μs, Q3 = 65.655 μs, Max = 73.302 μs
IQR = 10.170 μs, LowerFence = 40.230 μs, UpperFence = 80.910 μs
ConfidenceInterval = [53.244 μs; 67.344 μs] (CI 99.9%), Margin = 7.050 μs (11.69% of Mean)
Skewness = 0.68, Kurtosis = 1.79, MValue = 2.44
-------------------- Histogram --------------------
[52.117 μs ; 59.136 μs) | @@@@@@@@@
[59.136 μs ; 67.388 μs) | @@
[67.388 μs ; 74.407 μs) | @@@@
---------------------------------------------------

CardBattleEngineBenchmark.EngineIterateActions: Job-ERIHKH(Toolchain=InProcessNoEmitToolchain, IterationCount=15, LaunchCount=1, WarmupCount=3) [EntityCount=1, MaxDepth=2]
Runtime = ; GC = 
Mean = 79.941 μs, StdErr = 1.271 μs (1.59%), N = 15, StdDev = 4.922 μs
Min = 74.473 μs, Q1 = 76.033 μs, Median = 80.253 μs, Q3 = 82.600 μs, Max = 92.268 μs
IQR = 6.568 μs, LowerFence = 66.181 μs, UpperFence = 92.452 μs
ConfidenceInterval = [74.679 μs; 85.203 μs] (CI 99.9%), Margin = 5.262 μs (6.58% of Mean)
Skewness = 0.84, Kurtosis = 3.09, MValue = 2.29
-------------------- Histogram --------------------
[73.477 μs ; 78.716 μs) | @@@@@@@
[78.716 μs ; 85.414 μs) | @@@@@@@
[85.414 μs ; 89.648 μs) | 
[89.648 μs ; 94.887 μs) | @
---------------------------------------------------

CardBattleEngineBenchmark.EngineIterateActions: Job-ERIHKH(Toolchain=InProcessNoEmitToolchain, IterationCount=15, LaunchCount=1, WarmupCount=3) [EntityCount=1, MaxDepth=3]
Runtime = ; GC = 
Mean = 104.436 μs, StdErr = 1.165 μs (1.12%), N = 13, StdDev = 4.202 μs
Min = 98.701 μs, Q1 = 102.367 μs, Median = 104.059 μs, Q3 = 105.041 μs, Max = 114.861 μs
IQR = 2.674 μs, LowerFence = 98.356 μs, UpperFence = 109.051 μs
ConfidenceInterval = [99.404 μs; 109.468 μs] (CI 99.9%), Margin = 5.032 μs (4.82% of Mean)
Skewness = 0.97, Kurtosis = 3.43, MValue = 2
-------------------- Histogram --------------------
[ 96.356 μs ; 100.648 μs) | @@
[100.648 μs ; 105.339 μs) | @@@@@@@@
[105.339 μs ; 110.692 μs) | @@
[110.692 μs ; 117.206 μs) | @
---------------------------------------------------

CardBattleEngineBenchmark.EngineIterateActions: Job-ERIHKH(Toolchain=InProcessNoEmitToolchain, IterationCount=15, LaunchCount=1, WarmupCount=3) [EntityCount=1, MaxDepth=4]
Runtime = ; GC = 
Mean = 111.558 μs, StdErr = 1.000 μs (0.90%), N = 15, StdDev = 3.872 μs
Min = 105.959 μs, Q1 = 108.862 μs, Median = 110.752 μs, Q3 = 114.333 μs, Max = 120.322 μs
IQR = 5.471 μs, LowerFence = 100.655 μs, UpperFence = 122.540 μs
ConfidenceInterval = [107.419 μs; 115.697 μs] (CI 99.9%), Margin = 4.139 μs (3.71% of Mean)
Skewness = 0.57, Kurtosis = 2.5, MValue = 2
-------------------- Histogram --------------------
[103.899 μs ; 107.910 μs) | @@
[107.910 μs ; 112.031 μs) | @@@@@@@@
[112.031 μs ; 116.987 μs) | @@@@
[116.987 μs ; 122.383 μs) | @
---------------------------------------------------

CardBattleEngineBenchmark.EngineIterateActions: Job-ERIHKH(Toolchain=InProcessNoEmitToolchain, IterationCount=15, LaunchCount=1, WarmupCount=3) [EntityCount=2, MaxDepth=1]
Runtime = ; GC = 
Mean = 164.796 μs, StdErr = 2.757 μs (1.67%), N = 13, StdDev = 9.939 μs
Min = 153.854 μs, Q1 = 157.929 μs, Median = 162.074 μs, Q3 = 169.128 μs, Max = 190.777 μs
IQR = 11.199 μs, LowerFence = 141.130 μs, UpperFence = 185.927 μs
ConfidenceInterval = [152.894 μs; 176.699 μs] (CI 99.9%), Margin = 11.903 μs (7.22% of Mean)
Skewness = 1.28, Kurtosis = 3.91, MValue = 2
-------------------- Histogram --------------------
[153.735 μs ; 164.831 μs) | @@@@@@@@@
[164.831 μs ; 178.025 μs) | @@@
[178.025 μs ; 185.229 μs) | 
[185.229 μs ; 196.325 μs) | @
---------------------------------------------------

CardBattleEngineBenchmark.EngineIterateActions: Job-ERIHKH(Toolchain=InProcessNoEmitToolchain, IterationCount=15, LaunchCount=1, WarmupCount=3) [EntityCount=2, MaxDepth=2]
Runtime = ; GC = 
Mean = 579.285 μs, StdErr = 12.193 μs (2.10%), N = 15, StdDev = 47.225 μs
Min = 495.333 μs, Q1 = 551.273 μs, Median = 582.031 μs, Q3 = 608.681 μs, Max = 654.309 μs
IQR = 57.408 μs, LowerFence = 465.161 μs, UpperFence = 694.794 μs
ConfidenceInterval = [528.799 μs; 629.772 μs] (CI 99.9%), Margin = 50.486 μs (8.72% of Mean)
Skewness = -0.17, Kurtosis = 2, MValue = 2.75
-------------------- Histogram --------------------
[492.674 μs ; 542.939 μs) | @@@@
[542.939 μs ; 572.455 μs) | @
[572.455 μs ; 622.720 μs) | @@@@@@@@
[622.720 μs ; 679.441 μs) | @@
---------------------------------------------------

CardBattleEngineBenchmark.EngineIterateActions: Job-ERIHKH(Toolchain=InProcessNoEmitToolchain, IterationCount=15, LaunchCount=1, WarmupCount=3) [EntityCount=2, MaxDepth=3]
Runtime = ; GC = 
Mean = 726.819 μs, StdErr = 19.640 μs (2.70%), N = 15, StdDev = 76.065 μs
Min = 603.669 μs, Q1 = 676.960 μs, Median = 711.073 μs, Q3 = 795.845 μs, Max = 839.894 μs
IQR = 118.886 μs, LowerFence = 498.631 μs, UpperFence = 974.174 μs
ConfidenceInterval = [645.501 μs; 808.137 μs] (CI 99.9%), Margin = 81.318 μs (11.19% of Mean)
Skewness = 0.09, Kurtosis = 1.59, MValue = 3.71
-------------------- Histogram --------------------
[563.187 μs ; 639.148 μs) | @@
[639.148 μs ; 720.111 μs) | @@@@@@@
[720.111 μs ; 758.947 μs) | 
[758.947 μs ; 839.910 μs) | @@@@@@
---------------------------------------------------

CardBattleEngineBenchmark.EngineIterateActions: Job-ERIHKH(Toolchain=InProcessNoEmitToolchain, IterationCount=15, LaunchCount=1, WarmupCount=3) [EntityCount=2, MaxDepth=4]
Runtime = ; GC = 
Mean = 943.910 μs, StdErr = 33.349 μs (3.53%), N = 15, StdDev = 129.161 μs
Min = 812.486 μs, Q1 = 856.030 μs, Median = 887.550 μs, Q3 = 1,042.505 μs, Max = 1,199.715 μs
IQR = 186.475 μs, LowerFence = 576.317 μs, UpperFence = 1,322.218 μs
ConfidenceInterval = [805.830 μs; 1,081.991 μs] (CI 99.9%), Margin = 138.081 μs (14.63% of Mean)
Skewness = 0.84, Kurtosis = 2.13, MValue = 2.6
-------------------- Histogram --------------------
[  784.772 μs ;   922.249 μs) | @@@@@@@@@@
[  922.249 μs ;   985.387 μs) | 
[  985.387 μs ; 1,122.864 μs) | @@@
[1,122.864 μs ; 1,268.453 μs) | @@
---------------------------------------------------

CardBattleEngineBenchmark.EngineIterateActions: Job-ERIHKH(Toolchain=InProcessNoEmitToolchain, IterationCount=15, LaunchCount=1, WarmupCount=3) [EntityCount=3, MaxDepth=1]
Runtime = ; GC = 
Mean = 427.868 μs, StdErr = 8.601 μs (2.01%), N = 15, StdDev = 33.313 μs
Min = 377.778 μs, Q1 = 401.034 μs, Median = 432.484 μs, Q3 = 444.721 μs, Max = 488.887 μs
IQR = 43.687 μs, LowerFence = 335.503 μs, UpperFence = 510.252 μs
ConfidenceInterval = [392.255 μs; 463.481 μs] (CI 99.9%), Margin = 35.613 μs (8.32% of Mean)
Skewness = 0.2, Kurtosis = 1.81, MValue = 2
-------------------- Histogram --------------------
[376.974 μs ; 418.222 μs) | @@@@@@
[418.222 μs ; 453.679 μs) | @@@@@@
[453.679 μs ; 496.540 μs) | @@@
---------------------------------------------------

CardBattleEngineBenchmark.EngineIterateActions: Job-ERIHKH(Toolchain=InProcessNoEmitToolchain, IterationCount=15, LaunchCount=1, WarmupCount=3) [EntityCount=3, MaxDepth=2]
Runtime = ; GC = 
Mean = 1.681 ms, StdErr = 0.023 ms (1.37%), N = 15, StdDev = 0.089 ms
Min = 1.536 ms, Q1 = 1.624 ms, Median = 1.659 ms, Q3 = 1.724 ms, Max = 1.864 ms
IQR = 0.100 ms, LowerFence = 1.474 ms, UpperFence = 1.874 ms
ConfidenceInterval = [1.585 ms; 1.776 ms] (CI 99.9%), Margin = 0.096 ms (5.69% of Mean)
Skewness = 0.5, Kurtosis = 2.43, MValue = 2
-------------------- Histogram --------------------
[1.488 ms ; 1.586 ms) | @
[1.586 ms ; 1.682 ms) | @@@@@@@@
[1.682 ms ; 1.801 ms) | @@@@
[1.801 ms ; 1.912 ms) | @@
---------------------------------------------------

CardBattleEngineBenchmark.EngineIterateActions: Job-ERIHKH(Toolchain=InProcessNoEmitToolchain, IterationCount=15, LaunchCount=1, WarmupCount=3) [EntityCount=3, MaxDepth=3]
Runtime = ; GC = 
Mean = 2.616 ms, StdErr = 0.039 ms (1.48%), N = 15, StdDev = 0.150 ms
Min = 2.326 ms, Q1 = 2.541 ms, Median = 2.643 ms, Q3 = 2.691 ms, Max = 2.879 ms
IQR = 0.149 ms, LowerFence = 2.318 ms, UpperFence = 2.914 ms
ConfidenceInterval = [2.455 ms; 2.777 ms] (CI 99.9%), Margin = 0.161 ms (6.15% of Mean)
Skewness = -0.25, Kurtosis = 2.21, MValue = 2.67
-------------------- Histogram --------------------
[2.318 ms ; 2.479 ms) | @@@
[2.479 ms ; 2.535 ms) | 
[2.535 ms ; 2.747 ms) | @@@@@@@@@
[2.747 ms ; 2.907 ms) | @@@
---------------------------------------------------

CardBattleEngineBenchmark.EngineIterateActions: Job-ERIHKH(Toolchain=InProcessNoEmitToolchain, IterationCount=15, LaunchCount=1, WarmupCount=3) [EntityCount=3, MaxDepth=4]
Runtime = ; GC = 
Mean = 3.894 ms, StdErr = 0.109 ms (2.79%), N = 15, StdDev = 0.421 ms
Min = 2.851 ms, Q1 = 3.728 ms, Median = 3.877 ms, Q3 = 4.147 ms, Max = 4.526 ms
IQR = 0.419 ms, LowerFence = 3.100 ms, UpperFence = 4.776 ms
ConfidenceInterval = [3.444 ms; 4.343 ms] (CI 99.9%), Margin = 0.450 ms (11.55% of Mean)
Skewness = -0.76, Kurtosis = 3.17, MValue = 2
-------------------- Histogram --------------------
[2.628 ms ; 3.075 ms) | @
[3.075 ms ; 3.328 ms) | 
[3.328 ms ; 3.744 ms) | @@@
[3.744 ms ; 4.192 ms) | @@@@@@@@
[4.192 ms ; 4.623 ms) | @@@
---------------------------------------------------

CardBattleEngineBenchmark.EngineIterateActions: Job-ERIHKH(Toolchain=InProcessNoEmitToolchain, IterationCount=15, LaunchCount=1, WarmupCount=3) [EntityCount=4, MaxDepth=1]
Runtime = ; GC = 
Mean = 1.101 ms, StdErr = 0.058 ms (5.25%), N = 15, StdDev = 0.224 ms
Min = 0.810 ms, Q1 = 0.893 ms, Median = 1.135 ms, Q3 = 1.248 ms, Max = 1.566 ms
IQR = 0.355 ms, LowerFence = 0.360 ms, UpperFence = 1.781 ms
ConfidenceInterval = [0.861 ms; 1.340 ms] (CI 99.9%), Margin = 0.239 ms (21.75% of Mean)
Skewness = 0.24, Kurtosis = 1.94, MValue = 2.29
-------------------- Histogram --------------------
[0.789 ms ; 1.028 ms) | @@@@@@@
[1.028 ms ; 1.335 ms) | @@@@@@@
[1.335 ms ; 1.447 ms) | 
[1.447 ms ; 1.685 ms) | @
---------------------------------------------------

CardBattleEngineBenchmark.EngineIterateActions: Job-ERIHKH(Toolchain=InProcessNoEmitToolchain, IterationCount=15, LaunchCount=1, WarmupCount=3) [EntityCount=4, MaxDepth=2]
Runtime = ; GC = 
Mean = 6.007 ms, StdErr = 0.178 ms (2.96%), N = 15, StdDev = 0.688 ms
Min = 4.739 ms, Q1 = 5.482 ms, Median = 6.197 ms, Q3 = 6.442 ms, Max = 6.972 ms
IQR = 0.960 ms, LowerFence = 4.043 ms, UpperFence = 7.882 ms
ConfidenceInterval = [5.272 ms; 6.742 ms] (CI 99.9%), Margin = 0.735 ms (12.24% of Mean)
Skewness = -0.47, Kurtosis = 1.81, MValue = 2.75
-------------------- Histogram --------------------
[4.652 ms ; 5.384 ms) | @@@@
[5.384 ms ; 5.893 ms) | @
[5.893 ms ; 6.625 ms) | @@@@@@@@
[6.625 ms ; 7.338 ms) | @@
---------------------------------------------------

CardBattleEngineBenchmark.EngineIterateActions: Job-ERIHKH(Toolchain=InProcessNoEmitToolchain, IterationCount=15, LaunchCount=1, WarmupCount=3) [EntityCount=4, MaxDepth=3]
Runtime = ; GC = 
Mean = 8.932 ms, StdErr = 0.243 ms (2.72%), N = 15, StdDev = 0.940 ms
Min = 7.222 ms, Q1 = 8.447 ms, Median = 8.696 ms, Q3 = 9.530 ms, Max = 10.584 ms
IQR = 1.083 ms, LowerFence = 6.823 ms, UpperFence = 11.155 ms
ConfidenceInterval = [7.927 ms; 9.937 ms] (CI 99.9%), Margin = 1.005 ms (11.25% of Mean)
Skewness = -0.01, Kurtosis = 2.1, MValue = 2.5
-------------------- Histogram --------------------
[ 6.878 ms ;  7.879 ms) | @@
[ 7.879 ms ;  8.296 ms) | 
[ 8.296 ms ;  9.398 ms) | @@@@@@@@
[ 9.398 ms ; 10.399 ms) | @@@@
[10.399 ms ; 11.084 ms) | @
---------------------------------------------------

CardBattleEngineBenchmark.EngineIterateActions: Job-ERIHKH(Toolchain=InProcessNoEmitToolchain, IterationCount=15, LaunchCount=1, WarmupCount=3) [EntityCount=4, MaxDepth=4]
Runtime = ; GC = 
Mean = 9.931 ms, StdErr = 0.147 ms (1.48%), N = 15, StdDev = 0.571 ms
Min = 8.981 ms, Q1 = 9.481 ms, Median = 9.942 ms, Q3 = 10.235 ms, Max = 10.836 ms
IQR = 0.754 ms, LowerFence = 8.349 ms, UpperFence = 11.366 ms
ConfidenceInterval = [9.321 ms; 10.541 ms] (CI 99.9%), Margin = 0.610 ms (6.14% of Mean)
Skewness = 0.15, Kurtosis = 1.8, MValue = 2
-------------------- Histogram --------------------
[ 8.955 ms ;  9.562 ms) | @@@@@
[ 9.562 ms ; 10.292 ms) | @@@@@@@
[10.292 ms ; 11.139 ms) | @@@
---------------------------------------------------

CardBattleEngineBenchmark.EngineIterateActions: Job-ERIHKH(Toolchain=InProcessNoEmitToolchain, IterationCount=15, LaunchCount=1, WarmupCount=3) [EntityCount=5, MaxDepth=1]
Runtime = ; GC = 
Mean = 1.700 ms, StdErr = 0.040 ms (2.34%), N = 14, StdDev = 0.149 ms
Min = 1.431 ms, Q1 = 1.593 ms, Median = 1.755 ms, Q3 = 1.773 ms, Max = 1.967 ms
IQR = 0.179 ms, LowerFence = 1.325 ms, UpperFence = 2.041 ms
ConfidenceInterval = [1.533 ms; 1.868 ms] (CI 99.9%), Margin = 0.168 ms (9.86% of Mean)
Skewness = -0.34, Kurtosis = 2.16, MValue = 2.75
-------------------- Histogram --------------------
[1.420 ms ; 1.581 ms) | @@@@
[1.581 ms ; 1.706 ms) | @
[1.706 ms ; 1.868 ms) | @@@@@@@@
[1.868 ms ; 2.048 ms) | @
---------------------------------------------------

CardBattleEngineBenchmark.EngineIterateActions: Job-ERIHKH(Toolchain=InProcessNoEmitToolchain, IterationCount=15, LaunchCount=1, WarmupCount=3) [EntityCount=5, MaxDepth=2]
Runtime = ; GC = 
Mean = 13.125 ms, StdErr = 0.419 ms (3.20%), N = 15, StdDev = 1.625 ms
Min = 10.114 ms, Q1 = 12.191 ms, Median = 13.073 ms, Q3 = 14.280 ms, Max = 15.548 ms
IQR = 2.089 ms, LowerFence = 9.057 ms, UpperFence = 17.413 ms
ConfidenceInterval = [11.388 ms; 14.862 ms] (CI 99.9%), Margin = 1.737 ms (13.23% of Mean)
Skewness = -0.27, Kurtosis = 2.03, MValue = 2
-------------------- Histogram --------------------
[ 9.250 ms ; 11.123 ms) | @@
[11.123 ms ; 12.761 ms) | @@@@
[12.761 ms ; 14.490 ms) | @@@@@@@
[14.490 ms ; 16.413 ms) | @@
---------------------------------------------------

CardBattleEngineBenchmark.EngineIterateActions: Job-ERIHKH(Toolchain=InProcessNoEmitToolchain, IterationCount=15, LaunchCount=1, WarmupCount=3) [EntityCount=5, MaxDepth=3]
Runtime = ; GC = 
Mean = 32.023 ms, StdErr = 0.994 ms (3.10%), N = 15, StdDev = 3.851 ms
Min = 26.232 ms, Q1 = 29.217 ms, Median = 32.995 ms, Q3 = 35.142 ms, Max = 37.833 ms
IQR = 5.924 ms, LowerFence = 20.331 ms, UpperFence = 44.028 ms
ConfidenceInterval = [27.906 ms; 36.140 ms] (CI 99.9%), Margin = 4.117 ms (12.86% of Mean)
Skewness = -0.28, Kurtosis = 1.6, MValue = 2.29
-------------------- Histogram --------------------
[25.028 ms ; 29.127 ms) | @@@@
[29.127 ms ; 32.429 ms) | @@@
[32.429 ms ; 36.528 ms) | @@@@@@@
[36.528 ms ; 39.882 ms) | @
---------------------------------------------------

CardBattleEngineBenchmark.EngineIterateActions: Job-ERIHKH(Toolchain=InProcessNoEmitToolchain, IterationCount=15, LaunchCount=1, WarmupCount=3) [EntityCount=5, MaxDepth=4]
Runtime = ; GC = 
Mean = 50.458 ms, StdErr = 1.656 ms (3.28%), N = 14, StdDev = 6.198 ms
Min = 40.776 ms, Q1 = 45.645 ms, Median = 52.098 ms, Q3 = 54.378 ms, Max = 58.742 ms
IQR = 8.733 ms, LowerFence = 32.545 ms, UpperFence = 67.478 ms
ConfidenceInterval = [43.467 ms; 57.450 ms] (CI 99.9%), Margin = 6.991 ms (13.86% of Mean)
Skewness = -0.31, Kurtosis = 1.6, MValue = 2.29
-------------------- Histogram --------------------
[39.394 ms ; 46.144 ms) | @@@@
[46.144 ms ; 52.179 ms) | @@@
[52.179 ms ; 58.929 ms) | @@@@@@@
---------------------------------------------------

CardBattleEngineBenchmark.EngineIterateActions: Job-ERIHKH(Toolchain=InProcessNoEmitToolchain, IterationCount=15, LaunchCount=1, WarmupCount=3) [EntityCount=6, MaxDepth=1]
Runtime = ; GC = 
Mean = 3.070 ms, StdErr = 0.061 ms (1.99%), N = 15, StdDev = 0.237 ms
Min = 2.735 ms, Q1 = 2.880 ms, Median = 3.098 ms, Q3 = 3.250 ms, Max = 3.552 ms
IQR = 0.370 ms, LowerFence = 2.326 ms, UpperFence = 3.804 ms
ConfidenceInterval = [2.817 ms; 3.323 ms] (CI 99.9%), Margin = 0.253 ms (8.25% of Mean)
Skewness = 0.18, Kurtosis = 1.99, MValue = 2
-------------------- Histogram --------------------
[2.723 ms ; 3.029 ms) | @@@@@@
[3.029 ms ; 3.282 ms) | @@@@@@@
[3.282 ms ; 3.556 ms) | @@
---------------------------------------------------

CardBattleEngineBenchmark.EngineIterateActions: Job-ERIHKH(Toolchain=InProcessNoEmitToolchain, IterationCount=15, LaunchCount=1, WarmupCount=3) [EntityCount=6, MaxDepth=2]
Runtime = ; GC = 
Mean = 28.651 ms, StdErr = 0.773 ms (2.70%), N = 15, StdDev = 2.992 ms
Min = 24.696 ms, Q1 = 26.253 ms, Median = 28.044 ms, Q3 = 31.395 ms, Max = 33.780 ms
IQR = 5.142 ms, LowerFence = 18.540 ms, UpperFence = 39.109 ms
ConfidenceInterval = [25.453 ms; 31.850 ms] (CI 99.9%), Margin = 3.199 ms (11.16% of Mean)
Skewness = 0.29, Kurtosis = 1.46, MValue = 2.57
-------------------- Histogram --------------------
[24.282 ms ; 27.467 ms) | @@@@@@@
[27.467 ms ; 30.903 ms) | @@@
[30.903 ms ; 34.088 ms) | @@@@@
---------------------------------------------------

CardBattleEngineBenchmark.EngineIterateActions: Job-ERIHKH(Toolchain=InProcessNoEmitToolchain, IterationCount=15, LaunchCount=1, WarmupCount=3) [EntityCount=6, MaxDepth=3]
Runtime = ; GC = 
Mean = 83.560 ms, StdErr = 3.000 ms (3.59%), N = 15, StdDev = 11.618 ms
Min = 65.783 ms, Q1 = 73.759 ms, Median = 87.504 ms, Q3 = 91.643 ms, Max = 99.638 ms
IQR = 17.884 ms, LowerFence = 46.933 ms, UpperFence = 118.468 ms
ConfidenceInterval = [71.140 ms; 95.980 ms] (CI 99.9%), Margin = 12.420 ms (14.86% of Mean)
Skewness = -0.3, Kurtosis = 1.49, MValue = 2.75
-------------------- Histogram --------------------
[63.964 ms ; 76.329 ms) | @@@@@
[76.329 ms ; 87.388 ms) | @@
[87.388 ms ; 99.754 ms) | @@@@@@@@
---------------------------------------------------

CardBattleEngineBenchmark.EngineIterateActions: Job-ERIHKH(Toolchain=InProcessNoEmitToolchain, IterationCount=15, LaunchCount=1, WarmupCount=3) [EntityCount=6, MaxDepth=4]
Runtime = ; GC = 
Mean = 102.023 ms, StdErr = 2.606 ms (2.55%), N = 14, StdDev = 9.749 ms
Min = 84.999 ms, Q1 = 95.678 ms, Median = 101.744 ms, Q3 = 106.531 ms, Max = 117.594 ms
IQR = 10.852 ms, LowerFence = 79.399 ms, UpperFence = 122.809 ms
ConfidenceInterval = [91.025 ms; 113.020 ms] (CI 99.9%), Margin = 10.998 ms (10.78% of Mean)
Skewness = 0.06, Kurtosis = 1.9, MValue = 2
-------------------- Histogram --------------------
[ 84.862 ms ;  96.385 ms) | @@@@
[ 96.385 ms ; 107.003 ms) | @@@@@@@
[107.003 ms ; 120.305 ms) | @@@
---------------------------------------------------

CardBattleEngineBenchmark.EngineIterateActions: Job-ERIHKH(Toolchain=InProcessNoEmitToolchain, IterationCount=15, LaunchCount=1, WarmupCount=3) [EntityCount=7, MaxDepth=1]
Runtime = ; GC = 
Mean = 2.718 ms, StdErr = 0.052 ms (1.93%), N = 13, StdDev = 0.189 ms
Min = 2.337 ms, Q1 = 2.650 ms, Median = 2.762 ms, Q3 = 2.800 ms, Max = 3.060 ms
IQR = 0.150 ms, LowerFence = 2.426 ms, UpperFence = 3.025 ms
ConfidenceInterval = [2.492 ms; 2.944 ms] (CI 99.9%), Margin = 0.226 ms (8.33% of Mean)
Skewness = -0.36, Kurtosis = 2.53, MValue = 2.29
-------------------- Histogram --------------------
[2.329 ms ; 2.540 ms) | @@@
[2.540 ms ; 2.625 ms) | 
[2.625 ms ; 2.836 ms) | @@@@@@@@
[2.836 ms ; 3.088 ms) | @@
---------------------------------------------------

CardBattleEngineBenchmark.EngineIterateActions: Job-ERIHKH(Toolchain=InProcessNoEmitToolchain, IterationCount=15, LaunchCount=1, WarmupCount=3) [EntityCount=7, MaxDepth=2]
Runtime = ; GC = 
Mean = 40.113 ms, StdErr = 1.606 ms (4.00%), N = 15, StdDev = 6.222 ms
Min = 30.851 ms, Q1 = 34.678 ms, Median = 41.370 ms, Q3 = 45.736 ms, Max = 47.586 ms
IQR = 11.058 ms, LowerFence = 18.092 ms, UpperFence = 62.323 ms
ConfidenceInterval = [33.462 ms; 46.765 ms] (CI 99.9%), Margin = 6.651 ms (16.58% of Mean)
Skewness = -0.27, Kurtosis = 1.38, MValue = 3.33
-------------------- Histogram --------------------
[30.684 ms ; 37.306 ms) | @@@@@@
[37.306 ms ; 41.065 ms) | 
[41.065 ms ; 47.687 ms) | @@@@@@@@@
---------------------------------------------------

CardBattleEngineBenchmark.EngineIterateActions: Job-ERIHKH(Toolchain=InProcessNoEmitToolchain, IterationCount=15, LaunchCount=1, WarmupCount=3) [EntityCount=7, MaxDepth=3]
Runtime = ; GC = 
Mean = 101.335 ms, StdErr = 4.098 ms (4.04%), N = 15, StdDev = 15.872 ms
Min = 83.225 ms, Q1 = 87.632 ms, Median = 97.909 ms, Q3 = 108.776 ms, Max = 134.057 ms
IQR = 21.144 ms, LowerFence = 55.915 ms, UpperFence = 140.493 ms
ConfidenceInterval = [84.367 ms; 118.304 ms] (CI 99.9%), Margin = 16.968 ms (16.74% of Mean)
Skewness = 0.62, Kurtosis = 2.08, MValue = 2
-------------------- Histogram --------------------
[ 82.120 ms ;  99.014 ms) | @@@@@@@@
[ 99.014 ms ; 118.613 ms) | @@@@
[118.613 ms ; 135.507 ms) | @@@
---------------------------------------------------

CardBattleEngineBenchmark.EngineIterateActions: Job-ERIHKH(Toolchain=InProcessNoEmitToolchain, IterationCount=15, LaunchCount=1, WarmupCount=3) [EntityCount=7, MaxDepth=4]
Runtime = ; GC = 
Mean = 184.863 ms, StdErr = 8.999 ms (4.87%), N = 15, StdDev = 34.851 ms
Min = 146.196 ms, Q1 = 157.617 ms, Median = 165.092 ms, Q3 = 212.170 ms, Max = 253.548 ms
IQR = 54.553 ms, LowerFence = 75.787 ms, UpperFence = 294.001 ms
ConfidenceInterval = [147.605 ms; 222.121 ms] (CI 99.9%), Margin = 37.258 ms (20.15% of Mean)
Skewness = 0.51, Kurtosis = 1.75, MValue = 3.25
-------------------- Histogram --------------------
[137.096 ms ; 174.191 ms) | @@@@@@@@
[174.191 ms ; 187.565 ms) | 
[187.565 ms ; 224.661 ms) | @@@@@
[224.661 ms ; 262.027 ms) | @@
---------------------------------------------------

// * Summary *

BenchmarkDotNet v0.15.8, Windows 11 (10.0.26200.9445/25H2/2025Update/HudsonValley2)
Intel Core Ultra 7 165H 1.40GHz, 1 CPU, 22 logical and 16 physical cores
.NET SDK 10.0.301
  [Host] : .NET 8.0.28 (8.0.28, 8.0.2826.26413), X64 RyuJIT x86-64-v3

Toolchain=InProcessNoEmitToolchain  IterationCount=15  LaunchCount=1  
WarmupCount=3  

| Method               | EntityCount | MaxDepth | Mean          | Error         | StdDev        |
|--------------------- |------------ |--------- |--------------:|--------------:|--------------:|
| EngineIterateActions | 1           | 1        |      60.29 μs |      7.050 μs |      6.595 μs |
| EngineIterateActions | 1           | 2        |      79.94 μs |      5.262 μs |      4.922 μs |
| EngineIterateActions | 1           | 3        |     104.44 μs |      5.032 μs |      4.202 μs |
| EngineIterateActions | 1           | 4        |     111.56 μs |      4.139 μs |      3.872 μs |
| EngineIterateActions | 2           | 1        |     164.80 μs |     11.903 μs |      9.939 μs |
| EngineIterateActions | 2           | 2        |     579.29 μs |     50.486 μs |     47.225 μs |
| EngineIterateActions | 2           | 3        |     726.82 μs |     81.318 μs |     76.065 μs |
| EngineIterateActions | 2           | 4        |     943.91 μs |    138.081 μs |    129.161 μs |
| EngineIterateActions | 3           | 1        |     427.87 μs |     35.613 μs |     33.313 μs |
| EngineIterateActions | 3           | 2        |   1,680.56 μs |     95.612 μs |     89.436 μs |
| EngineIterateActions | 3           | 3        |   2,616.20 μs |    160.818 μs |    150.429 μs |
| EngineIterateActions | 3           | 4        |   3,893.80 μs |    449.615 μs |    420.570 μs |
| EngineIterateActions | 4           | 1        |   1,100.51 μs |    239.404 μs |    223.938 μs |
| EngineIterateActions | 4           | 2        |   6,007.13 μs |    735.254 μs |    687.757 μs |
| EngineIterateActions | 4           | 3        |   8,931.93 μs |  1,004.820 μs |    939.910 μs |
| EngineIterateActions | 4           | 4        |   9,930.66 μs |    610.109 μs |    570.697 μs |
| EngineIterateActions | 5           | 1        |   1,700.35 μs |    167.586 μs |    148.561 μs |
| EngineIterateActions | 5           | 2        |  13,124.82 μs |  1,736.834 μs |  1,624.635 μs |
| EngineIterateActions | 5           | 3        |  32,023.12 μs |  4,116.756 μs |  3,850.816 μs |
| EngineIterateActions | 5           | 4        |  50,458.32 μs |  6,991.448 μs |  6,197.736 μs |
| EngineIterateActions | 6           | 1        |   3,070.07 μs |    253.236 μs |    236.877 μs |
| EngineIterateActions | 6           | 2        |  28,651.27 μs |  3,198.591 μs |  2,991.964 μs |
| EngineIterateActions | 6           | 3        |  83,560.07 μs | 12,419.925 μs | 11,617.606 μs |
| EngineIterateActions | 6           | 4        | 102,022.88 μs | 10,997.557 μs |  9,749.048 μs |
| EngineIterateActions | 7           | 1        |   2,717.90 μs |    226.301 μs |    188.972 μs |
| EngineIterateActions | 7           | 2        |  40,113.26 μs |  6,651.458 μs |  6,221.778 μs |
| EngineIterateActions | 7           | 3        | 101,335.37 μs | 16,968.251 μs | 15,872.113 μs |
| EngineIterateActions | 7           | 4        | 184,863.15 μs | 37,258.190 μs | 34,851.334 μs |

// * Warnings *
MultimodalDistribution
  CardBattleEngineBenchmark.EngineIterateActions: Toolchain=InProcessNoEmitToolchain, IterationCount=15, LaunchCount=1, WarmupCount=3 -> It seems that the distribution is bimodal (mValue = 3.71)
  CardBattleEngineBenchmark.EngineIterateActions: Toolchain=InProcessNoEmitToolchain, IterationCount=15, LaunchCount=1, WarmupCount=3 -> It seems that the distribution is bimodal (mValue = 3.33)
  CardBattleEngineBenchmark.EngineIterateActions: Toolchain=InProcessNoEmitToolchain, IterationCount=15, LaunchCount=1, WarmupCount=3 -> It seems that the distribution is bimodal (mValue = 3.25)

// * Hints *
Outliers
  CardBattleEngineBenchmark.EngineIterateActions: Toolchain=InProcessNoEmitToolchain, IterationCount=15, LaunchCount=1, WarmupCount=3 -> 2 outliers were removed (117.82 μs, 126.79 μs)
  CardBattleEngineBenchmark.EngineIterateActions: Toolchain=InProcessNoEmitToolchain, IterationCount=15, LaunchCount=1, WarmupCount=3 -> 2 outliers were removed (199.09 μs, 204.77 μs)
  CardBattleEngineBenchmark.EngineIterateActions: Toolchain=InProcessNoEmitToolchain, IterationCount=15, LaunchCount=1, WarmupCount=3 -> 1 outlier  was  detected (2.85 ms)
  CardBattleEngineBenchmark.EngineIterateActions: Toolchain=InProcessNoEmitToolchain, IterationCount=15, LaunchCount=1, WarmupCount=3 -> 1 outlier  was  removed (2.14 ms)
  CardBattleEngineBenchmark.EngineIterateActions: Toolchain=InProcessNoEmitToolchain, IterationCount=15, LaunchCount=1, WarmupCount=3 -> 1 outlier  was  removed (70.42 ms)
  CardBattleEngineBenchmark.EngineIterateActions: Toolchain=InProcessNoEmitToolchain, IterationCount=15, LaunchCount=1, WarmupCount=3 -> 1 outlier  was  removed (131.32 ms)
  CardBattleEngineBenchmark.EngineIterateActions: Toolchain=InProcessNoEmitToolchain, IterationCount=15, LaunchCount=1, WarmupCount=3 -> 2 outliers were removed, 3 outliers were detected (2.34 ms, 3.18 ms, 3.24 ms)

// * Legends *
  EntityCount : Value of the 'EntityCount' parameter
  MaxDepth    : Value of the 'MaxDepth' parameter
  Mean        : Arithmetic mean of all measurements
  Error       : Half of 99.9% confidence interval
  StdDev      : Standard deviation of all measurements
  1 μs        : 1 Microsecond (0.000001 sec)

// ***** BenchmarkRunner: End *****
Run time: 00:07:06 (426.68 sec), executed benchmarks: 28

Global total time: 00:07:08 (428.84 sec), executed benchmarks: 28
// * Artifacts cleanup *
Artifacts cleanup is finished
