// Validating benchmarks:
// ***** BenchmarkRunner: Start   *****
// ***** Found 28 benchmark(s) in total *****
// ***** Building 1 exe(s) in Parallel: Start   *****
// ***** Done, took 00:00:00 (0.01 sec)   *****
// Found 28 benchmarks:
//   CardBattleEngineBenchmark.EngineIterateActions: Job-OSEKEE(Toolchain=InProcessNoEmitToolchain, IterationCount=3, LaunchCount=1, WarmupCount=1) [EntityCount=1, MaxDepth=1]
//   CardBattleEngineBenchmark.EngineIterateActions: Job-OSEKEE(Toolchain=InProcessNoEmitToolchain, IterationCount=3, LaunchCount=1, WarmupCount=1) [EntityCount=1, MaxDepth=2]
//   CardBattleEngineBenchmark.EngineIterateActions: Job-OSEKEE(Toolchain=InProcessNoEmitToolchain, IterationCount=3, LaunchCount=1, WarmupCount=1) [EntityCount=1, MaxDepth=3]
//   CardBattleEngineBenchmark.EngineIterateActions: Job-OSEKEE(Toolchain=InProcessNoEmitToolchain, IterationCount=3, LaunchCount=1, WarmupCount=1) [EntityCount=1, MaxDepth=4]
//   CardBattleEngineBenchmark.EngineIterateActions: Job-OSEKEE(Toolchain=InProcessNoEmitToolchain, IterationCount=3, LaunchCount=1, WarmupCount=1) [EntityCount=2, MaxDepth=1]
//   CardBattleEngineBenchmark.EngineIterateActions: Job-OSEKEE(Toolchain=InProcessNoEmitToolchain, IterationCount=3, LaunchCount=1, WarmupCount=1) [EntityCount=2, MaxDepth=2]
//   CardBattleEngineBenchmark.EngineIterateActions: Job-OSEKEE(Toolchain=InProcessNoEmitToolchain, IterationCount=3, LaunchCount=1, WarmupCount=1) [EntityCount=2, MaxDepth=3]
//   CardBattleEngineBenchmark.EngineIterateActions: Job-OSEKEE(Toolchain=InProcessNoEmitToolchain, IterationCount=3, LaunchCount=1, WarmupCount=1) [EntityCount=2, MaxDepth=4]
//   CardBattleEngineBenchmark.EngineIterateActions: Job-OSEKEE(Toolchain=InProcessNoEmitToolchain, IterationCount=3, LaunchCount=1, WarmupCount=1) [EntityCount=3, MaxDepth=1]
//   CardBattleEngineBenchmark.EngineIterateActions: Job-OSEKEE(Toolchain=InProcessNoEmitToolchain, IterationCount=3, LaunchCount=1, WarmupCount=1) [EntityCount=3, MaxDepth=2]
//   CardBattleEngineBenchmark.EngineIterateActions: Job-OSEKEE(Toolchain=InProcessNoEmitToolchain, IterationCount=3, LaunchCount=1, WarmupCount=1) [EntityCount=3, MaxDepth=3]
//   CardBattleEngineBenchmark.EngineIterateActions: Job-OSEKEE(Toolchain=InProcessNoEmitToolchain, IterationCount=3, LaunchCount=1, WarmupCount=1) [EntityCount=3, MaxDepth=4]
//   CardBattleEngineBenchmark.EngineIterateActions: Job-OSEKEE(Toolchain=InProcessNoEmitToolchain, IterationCount=3, LaunchCount=1, WarmupCount=1) [EntityCount=4, MaxDepth=1]
//   CardBattleEngineBenchmark.EngineIterateActions: Job-OSEKEE(Toolchain=InProcessNoEmitToolchain, IterationCount=3, LaunchCount=1, WarmupCount=1) [EntityCount=4, MaxDepth=2]
//   CardBattleEngineBenchmark.EngineIterateActions: Job-OSEKEE(Toolchain=InProcessNoEmitToolchain, IterationCount=3, LaunchCount=1, WarmupCount=1) [EntityCount=4, MaxDepth=3]
//   CardBattleEngineBenchmark.EngineIterateActions: Job-OSEKEE(Toolchain=InProcessNoEmitToolchain, IterationCount=3, LaunchCount=1, WarmupCount=1) [EntityCount=4, MaxDepth=4]
//   CardBattleEngineBenchmark.EngineIterateActions: Job-OSEKEE(Toolchain=InProcessNoEmitToolchain, IterationCount=3, LaunchCount=1, WarmupCount=1) [EntityCount=5, MaxDepth=1]
//   CardBattleEngineBenchmark.EngineIterateActions: Job-OSEKEE(Toolchain=InProcessNoEmitToolchain, IterationCount=3, LaunchCount=1, WarmupCount=1) [EntityCount=5, MaxDepth=2]
//   CardBattleEngineBenchmark.EngineIterateActions: Job-OSEKEE(Toolchain=InProcessNoEmitToolchain, IterationCount=3, LaunchCount=1, WarmupCount=1) [EntityCount=5, MaxDepth=3]
//   CardBattleEngineBenchmark.EngineIterateActions: Job-OSEKEE(Toolchain=InProcessNoEmitToolchain, IterationCount=3, LaunchCount=1, WarmupCount=1) [EntityCount=5, MaxDepth=4]
//   CardBattleEngineBenchmark.EngineIterateActions: Job-OSEKEE(Toolchain=InProcessNoEmitToolchain, IterationCount=3, LaunchCount=1, WarmupCount=1) [EntityCount=6, MaxDepth=1]
//   CardBattleEngineBenchmark.EngineIterateActions: Job-OSEKEE(Toolchain=InProcessNoEmitToolchain, IterationCount=3, LaunchCount=1, WarmupCount=1) [EntityCount=6, MaxDepth=2]
//   CardBattleEngineBenchmark.EngineIterateActions: Job-OSEKEE(Toolchain=InProcessNoEmitToolchain, IterationCount=3, LaunchCount=1, WarmupCount=1) [EntityCount=6, MaxDepth=3]
//   CardBattleEngineBenchmark.EngineIterateActions: Job-OSEKEE(Toolchain=InProcessNoEmitToolchain, IterationCount=3, LaunchCount=1, WarmupCount=1) [EntityCount=6, MaxDepth=4]
//   CardBattleEngineBenchmark.EngineIterateActions: Job-OSEKEE(Toolchain=InProcessNoEmitToolchain, IterationCount=3, LaunchCount=1, WarmupCount=1) [EntityCount=7, MaxDepth=1]
//   CardBattleEngineBenchmark.EngineIterateActions: Job-OSEKEE(Toolchain=InProcessNoEmitToolchain, IterationCount=3, LaunchCount=1, WarmupCount=1) [EntityCount=7, MaxDepth=2]
//   CardBattleEngineBenchmark.EngineIterateActions: Job-OSEKEE(Toolchain=InProcessNoEmitToolchain, IterationCount=3, LaunchCount=1, WarmupCount=1) [EntityCount=7, MaxDepth=3]
//   CardBattleEngineBenchmark.EngineIterateActions: Job-OSEKEE(Toolchain=InProcessNoEmitToolchain, IterationCount=3, LaunchCount=1, WarmupCount=1) [EntityCount=7, MaxDepth=4]

Setup power plan (GUID: 8c5e7fda-e8bf-4a96-9a85-a6e23a8c635c FriendlyName: High performance)
// **************************
// Benchmark: CardBattleEngineBenchmark.EngineIterateActions: Job-OSEKEE(Toolchain=InProcessNoEmitToolchain, IterationCount=3, LaunchCount=1, WarmupCount=1) [EntityCount=1, MaxDepth=1]
// *** Execute ***
// Launch: 1 / 1

// Benchmark Process Environment Information:
// BenchmarkDotNet v0.15.8
// Runtime=.NET 8.0.28 (8.0.28, 8.0.2826.26413), X64 RyuJIT x86-64-v3
// GC=Concurrent Workstation
// HardwareIntrinsics=AVX2+BMI1+BMI2+F16C+FMA+LZCNT+MOVBE,AVX,SSE3+SSSE3+SSE4.1+SSE4.2+POPCNT,X86Base+SSE+SSE2,AES+PCLMUL,AvxVnni,SERIALIZE VectorSize=256
// Job: Job-OSEKEE(Toolchain=InProcessNoEmitToolchain, IterationCount=3, LaunchCount=1, WarmupCount=1)

OverheadJitting  1: 1 op, 88900.00 ns, 88.9000 us/op
WorkloadJitting  1: 1 op, 39663000.00 ns, 39.6630 ms/op

WorkloadPilot    1: 2 op, 1036400.00 ns, 518.2000 us/op
WorkloadPilot    2: 3 op, 798400.00 ns, 266.1333 us/op
WorkloadPilot    3: 4 op, 1719700.00 ns, 429.9250 us/op
WorkloadPilot    4: 5 op, 1153100.00 ns, 230.6200 us/op
WorkloadPilot    5: 6 op, 1359800.00 ns, 226.6333 us/op
WorkloadPilot    6: 7 op, 1858000.00 ns, 265.4286 us/op
WorkloadPilot    7: 8 op, 1774200.00 ns, 221.7750 us/op
WorkloadPilot    8: 9 op, 2141800.00 ns, 237.9778 us/op
WorkloadPilot    9: 10 op, 2275300.00 ns, 227.5300 us/op
WorkloadPilot   10: 11 op, 2530300.00 ns, 230.0273 us/op
WorkloadPilot   11: 12 op, 2906600.00 ns, 242.2167 us/op
WorkloadPilot   12: 13 op, 3013600.00 ns, 231.8154 us/op
WorkloadPilot   13: 14 op, 3286000.00 ns, 234.7143 us/op
WorkloadPilot   14: 15 op, 3574300.00 ns, 238.2867 us/op
WorkloadPilot   15: 16 op, 3855400.00 ns, 240.9625 us/op
WorkloadPilot   16: 32 op, 8572000.00 ns, 267.8750 us/op
WorkloadPilot   17: 64 op, 17508400.00 ns, 273.5688 us/op
WorkloadPilot   18: 128 op, 33569200.00 ns, 262.2594 us/op
WorkloadPilot   19: 256 op, 63522600.00 ns, 248.1352 us/op
WorkloadPilot   20: 512 op, 129629900.00 ns, 253.1834 us/op
WorkloadPilot   21: 1024 op, 284896900.00 ns, 278.2196 us/op
WorkloadPilot   22: 2048 op, 262873500.00 ns, 128.3562 us/op
WorkloadPilot   23: 4096 op, 255735400.00 ns, 62.4354 us/op
WorkloadPilot   24: 8192 op, 580670800.00 ns, 70.8827 us/op

WorkloadWarmup   1: 8192 op, 681164800.00 ns, 83.1500 us/op

WorkloadActual   1: 8192 op, 628328200.00 ns, 76.7002 us/op
WorkloadActual   2: 8192 op, 582291200.00 ns, 71.0805 us/op
WorkloadActual   3: 8192 op, 548686600.00 ns, 66.9783 us/op

WorkloadResult   1: 8192 op, 628328200.00 ns, 76.7002 us/op
WorkloadResult   2: 8192 op, 582291200.00 ns, 71.0805 us/op
WorkloadResult   3: 8192 op, 548686600.00 ns, 66.9783 us/op


Mean = 71.586 μs, StdErr = 2.818 μs (3.94%), N = 3, StdDev = 4.881 μs
Min = 66.978 μs, Q1 = 69.029 μs, Median = 71.080 μs, Q3 = 73.890 μs, Max = 76.700 μs
IQR = 4.861 μs, LowerFence = 61.738 μs, UpperFence = 81.182 μs
ConfidenceInterval = [-17.455 μs; 160.627 μs] (CI 99.9%), Margin = 89.041 μs (124.38% of Mean)
Skewness = 0.1, Kurtosis = 0.67, MValue = 2

// ** Remained 27 (96.4%) benchmark(s) to run. Estimated finish 2026-09-09 16:18 (0h 2m from now) **
Setup power plan (GUID: 8c5e7fda-e8bf-4a96-9a85-a6e23a8c635c FriendlyName: High performance)
// **************************
// Benchmark: CardBattleEngineBenchmark.EngineIterateActions: Job-OSEKEE(Toolchain=InProcessNoEmitToolchain, IterationCount=3, LaunchCount=1, WarmupCount=1) [EntityCount=1, MaxDepth=2]
// *** Execute ***
// Launch: 1 / 1

// Benchmark Process Environment Information:
// BenchmarkDotNet v0.15.8
// Runtime=.NET 8.0.28 (8.0.28, 8.0.2826.26413), X64 RyuJIT x86-64-v3
// GC=Concurrent Workstation
// HardwareIntrinsics=AVX2+BMI1+BMI2+F16C+FMA+LZCNT+MOVBE,AVX,SSE3+SSSE3+SSE4.1+SSE4.2+POPCNT,X86Base+SSE+SSE2,AES+PCLMUL,AvxVnni,SERIALIZE VectorSize=256
// Job: Job-OSEKEE(Toolchain=InProcessNoEmitToolchain, IterationCount=3, LaunchCount=1, WarmupCount=1)

OverheadJitting  1: 1 op, 700.00 ns, 700.0000 ns/op
WorkloadJitting  1: 1 op, 406000.00 ns, 406.0000 us/op

OverheadJitting  2: 16 op, 141700.00 ns, 8.8563 us/op
WorkloadJitting  2: 16 op, 2034400.00 ns, 127.1500 us/op

WorkloadPilot    1: 16 op, 2130300.00 ns, 133.1438 us/op
WorkloadPilot    2: 32 op, 6420400.00 ns, 200.6375 us/op
WorkloadPilot    3: 64 op, 13430800.00 ns, 209.8563 us/op
WorkloadPilot    4: 128 op, 17982400.00 ns, 140.4875 us/op
WorkloadPilot    5: 256 op, 39458600.00 ns, 154.1352 us/op
WorkloadPilot    6: 512 op, 90124700.00 ns, 176.0248 us/op
WorkloadPilot    7: 1024 op, 168079000.00 ns, 164.1396 us/op
WorkloadPilot    8: 2048 op, 271930500.00 ns, 132.7786 us/op
WorkloadPilot    9: 4096 op, 424217500.00 ns, 103.5687 us/op
WorkloadPilot   10: 8192 op, 1011503000.00 ns, 123.4745 us/op

OverheadWarmup   1: 8192 op, 28000.00 ns, 3.4180 ns/op
OverheadWarmup   2: 8192 op, 23000.00 ns, 2.8076 ns/op
OverheadWarmup   3: 8192 op, 28100.00 ns, 3.4302 ns/op
OverheadWarmup   4: 8192 op, 32100.00 ns, 3.9185 ns/op
OverheadWarmup   5: 8192 op, 37700.00 ns, 4.6021 ns/op
OverheadWarmup   6: 8192 op, 33900.00 ns, 4.1382 ns/op
OverheadWarmup   7: 8192 op, 45000.00 ns, 5.4932 ns/op
OverheadWarmup   8: 8192 op, 43400.00 ns, 5.2979 ns/op

OverheadActual   1: 8192 op, 47000.00 ns, 5.7373 ns/op
OverheadActual   2: 8192 op, 54300.00 ns, 6.6284 ns/op
OverheadActual   3: 8192 op, 56500.00 ns, 6.8970 ns/op
OverheadActual   4: 8192 op, 59300.00 ns, 7.2388 ns/op
OverheadActual   5: 8192 op, 27600.00 ns, 3.3691 ns/op
OverheadActual   6: 8192 op, 29400.00 ns, 3.5889 ns/op
OverheadActual   7: 8192 op, 31800.00 ns, 3.8818 ns/op
OverheadActual   8: 8192 op, 29400.00 ns, 3.5889 ns/op
OverheadActual   9: 8192 op, 27400.00 ns, 3.3447 ns/op
OverheadActual  10: 8192 op, 46300.00 ns, 5.6519 ns/op
OverheadActual  11: 8192 op, 27500.00 ns, 3.3569 ns/op
OverheadActual  12: 8192 op, 27100.00 ns, 3.3081 ns/op
OverheadActual  13: 8192 op, 33100.00 ns, 4.0405 ns/op
OverheadActual  14: 8192 op, 28100.00 ns, 3.4302 ns/op
OverheadActual  15: 8192 op, 31000.00 ns, 3.7842 ns/op
OverheadActual  16: 8192 op, 29400.00 ns, 3.5889 ns/op
OverheadActual  17: 8192 op, 34500.00 ns, 4.2114 ns/op
OverheadActual  18: 8192 op, 31400.00 ns, 3.8330 ns/op
OverheadActual  19: 8192 op, 38100.00 ns, 4.6509 ns/op
OverheadActual  20: 8192 op, 47900.00 ns, 5.8472 ns/op

WorkloadWarmup   1: 8192 op, 1078956200.00 ns, 131.7085 us/op

WorkloadActual   1: 8192 op, 979987900.00 ns, 119.6274 us/op
WorkloadActual   2: 8192 op, 964541100.00 ns, 117.7418 us/op
WorkloadActual   3: 8192 op, 795245000.00 ns, 97.0758 us/op

WorkloadResult   1: 8192 op, 979956300.00 ns, 119.6236 us/op
WorkloadResult   2: 8192 op, 964509500.00 ns, 117.7380 us/op
WorkloadResult   3: 8192 op, 795213400.00 ns, 97.0719 us/op


Mean = 111.478 μs, StdErr = 7.223 μs (6.48%), N = 3, StdDev = 12.511 μs
Min = 97.072 μs, Q1 = 107.405 μs, Median = 117.738 μs, Q3 = 118.681 μs, Max = 119.624 μs
IQR = 11.276 μs, LowerFence = 90.491 μs, UpperFence = 135.594 μs
ConfidenceInterval = [-116.777 μs; 339.733 μs] (CI 99.9%), Margin = 228.255 μs (204.75% of Mean)
Skewness = -0.38, Kurtosis = 0.67, MValue = 2

// ** Remained 26 (92.9%) benchmark(s) to run. Estimated finish 2026-09-09 16:18 (0h 2m from now) **
Setup power plan (GUID: 8c5e7fda-e8bf-4a96-9a85-a6e23a8c635c FriendlyName: High performance)
// **************************
// Benchmark: CardBattleEngineBenchmark.EngineIterateActions: Job-OSEKEE(Toolchain=InProcessNoEmitToolchain, IterationCount=3, LaunchCount=1, WarmupCount=1) [EntityCount=1, MaxDepth=3]
// *** Execute ***
// Launch: 1 / 1

// Benchmark Process Environment Information:
// BenchmarkDotNet v0.15.8
// Runtime=.NET 8.0.28 (8.0.28, 8.0.2826.26413), X64 RyuJIT x86-64-v3
// GC=Concurrent Workstation
// HardwareIntrinsics=AVX2+BMI1+BMI2+F16C+FMA+LZCNT+MOVBE,AVX,SSE3+SSSE3+SSE4.1+SSE4.2+POPCNT,X86Base+SSE+SSE2,AES+PCLMUL,AvxVnni,SERIALIZE VectorSize=256
// Job: Job-OSEKEE(Toolchain=InProcessNoEmitToolchain, IterationCount=3, LaunchCount=1, WarmupCount=1)

OverheadJitting  1: 1 op, 900.00 ns, 900.0000 ns/op
WorkloadJitting  1: 1 op, 169500.00 ns, 169.5000 us/op

OverheadJitting  2: 16 op, 600.00 ns, 37.5000 ns/op
WorkloadJitting  2: 16 op, 1992300.00 ns, 124.5188 us/op

WorkloadPilot    1: 16 op, 2392200.00 ns, 149.5125 us/op
WorkloadPilot    2: 32 op, 5776000.00 ns, 180.5000 us/op
WorkloadPilot    3: 64 op, 8397500.00 ns, 131.2109 us/op
WorkloadPilot    4: 128 op, 16182200.00 ns, 126.4234 us/op
WorkloadPilot    5: 256 op, 33840400.00 ns, 132.1891 us/op
WorkloadPilot    6: 512 op, 73318100.00 ns, 143.1994 us/op
WorkloadPilot    7: 1024 op, 130493100.00 ns, 127.4347 us/op
WorkloadPilot    8: 2048 op, 267549300.00 ns, 130.6393 us/op
WorkloadPilot    9: 4096 op, 551859500.00 ns, 134.7313 us/op

OverheadWarmup   1: 4096 op, 24200.00 ns, 5.9082 ns/op
OverheadWarmup   2: 4096 op, 16000.00 ns, 3.9063 ns/op
OverheadWarmup   3: 4096 op, 15900.00 ns, 3.8818 ns/op
OverheadWarmup   4: 4096 op, 15400.00 ns, 3.7598 ns/op
OverheadWarmup   5: 4096 op, 15400.00 ns, 3.7598 ns/op
OverheadWarmup   6: 4096 op, 15500.00 ns, 3.7842 ns/op
OverheadWarmup   7: 4096 op, 15500.00 ns, 3.7842 ns/op
OverheadWarmup   8: 4096 op, 16700.00 ns, 4.0771 ns/op

OverheadActual   1: 4096 op, 14300.00 ns, 3.4912 ns/op
OverheadActual   2: 4096 op, 18200.00 ns, 4.4434 ns/op
OverheadActual   3: 4096 op, 18100.00 ns, 4.4189 ns/op
OverheadActual   4: 4096 op, 20800.00 ns, 5.0781 ns/op
OverheadActual   5: 4096 op, 18100.00 ns, 4.4189 ns/op
OverheadActual   6: 4096 op, 23300.00 ns, 5.6885 ns/op
OverheadActual   7: 4096 op, 19600.00 ns, 4.7852 ns/op
OverheadActual   8: 4096 op, 19700.00 ns, 4.8096 ns/op
OverheadActual   9: 4096 op, 20800.00 ns, 5.0781 ns/op
OverheadActual  10: 4096 op, 22100.00 ns, 5.3955 ns/op
OverheadActual  11: 4096 op, 19300.00 ns, 4.7119 ns/op
OverheadActual  12: 4096 op, 15000.00 ns, 3.6621 ns/op
OverheadActual  13: 4096 op, 19200.00 ns, 4.6875 ns/op
OverheadActual  14: 4096 op, 19300.00 ns, 4.7119 ns/op
OverheadActual  15: 4096 op, 18900.00 ns, 4.6143 ns/op
OverheadActual  16: 4096 op, 13400.00 ns, 3.2715 ns/op
OverheadActual  17: 4096 op, 11700.00 ns, 2.8564 ns/op
OverheadActual  18: 4096 op, 15200.00 ns, 3.7109 ns/op
OverheadActual  19: 4096 op, 12800.00 ns, 3.1250 ns/op
OverheadActual  20: 4096 op, 16600.00 ns, 4.0527 ns/op

WorkloadWarmup   1: 4096 op, 721209400.00 ns, 176.0765 us/op

WorkloadActual   1: 4096 op, 712707400.00 ns, 174.0008 us/op
WorkloadActual   2: 4096 op, 803091100.00 ns, 196.0672 us/op
WorkloadActual   3: 4096 op, 764982600.00 ns, 186.7633 us/op

WorkloadResult   1: 4096 op, 712688850.00 ns, 173.9963 us/op
WorkloadResult   2: 4096 op, 803072550.00 ns, 196.0626 us/op
WorkloadResult   3: 4096 op, 764964050.00 ns, 186.7588 us/op


Mean = 185.606 μs, StdErr = 6.396 μs (3.45%), N = 3, StdDev = 11.078 μs
Min = 173.996 μs, Q1 = 180.378 μs, Median = 186.759 μs, Q3 = 191.411 μs, Max = 196.063 μs
IQR = 11.033 μs, LowerFence = 163.828 μs, UpperFence = 207.960 μs
ConfidenceInterval = [-16.503 μs; 387.714 μs] (CI 99.9%), Margin = 202.109 μs (108.89% of Mean)
Skewness = -0.1, Kurtosis = 0.67, MValue = 2

// ** Remained 25 (89.3%) benchmark(s) to run. Estimated finish 2026-09-09 16:18 (0h 2m from now) **
Setup power plan (GUID: 8c5e7fda-e8bf-4a96-9a85-a6e23a8c635c FriendlyName: High performance)
// **************************
// Benchmark: CardBattleEngineBenchmark.EngineIterateActions: Job-OSEKEE(Toolchain=InProcessNoEmitToolchain, IterationCount=3, LaunchCount=1, WarmupCount=1) [EntityCount=1, MaxDepth=4]
// *** Execute ***
// Launch: 1 / 1

// Benchmark Process Environment Information:
// BenchmarkDotNet v0.15.8
// Runtime=.NET 8.0.28 (8.0.28, 8.0.2826.26413), X64 RyuJIT x86-64-v3
// GC=Concurrent Workstation
// HardwareIntrinsics=AVX2+BMI1+BMI2+F16C+FMA+LZCNT+MOVBE,AVX,SSE3+SSSE3+SSE4.1+SSE4.2+POPCNT,X86Base+SSE+SSE2,AES+PCLMUL,AvxVnni,SERIALIZE VectorSize=256
// Job: Job-OSEKEE(Toolchain=InProcessNoEmitToolchain, IterationCount=3, LaunchCount=1, WarmupCount=1)

OverheadJitting  1: 1 op, 400.00 ns, 400.0000 ns/op
WorkloadJitting  1: 1 op, 254100.00 ns, 254.1000 us/op

OverheadJitting  2: 16 op, 700.00 ns, 43.7500 ns/op
WorkloadJitting  2: 16 op, 2693500.00 ns, 168.3438 us/op

WorkloadPilot    1: 16 op, 3611100.00 ns, 225.6938 us/op
WorkloadPilot    2: 32 op, 8663800.00 ns, 270.7438 us/op
WorkloadPilot    3: 64 op, 11126800.00 ns, 173.8563 us/op
WorkloadPilot    4: 128 op, 32882000.00 ns, 256.8906 us/op
WorkloadPilot    5: 256 op, 51221000.00 ns, 200.0820 us/op
WorkloadPilot    6: 512 op, 105594500.00 ns, 206.2393 us/op
WorkloadPilot    7: 1024 op, 220402500.00 ns, 215.2368 us/op
WorkloadPilot    8: 2048 op, 538138400.00 ns, 262.7629 us/op

OverheadWarmup   1: 2048 op, 11400.00 ns, 5.5664 ns/op
OverheadWarmup   2: 2048 op, 12700.00 ns, 6.2012 ns/op
OverheadWarmup   3: 2048 op, 9700.00 ns, 4.7363 ns/op
OverheadWarmup   4: 2048 op, 11000.00 ns, 5.3711 ns/op
OverheadWarmup   5: 2048 op, 8500.00 ns, 4.1504 ns/op

OverheadActual   1: 2048 op, 9900.00 ns, 4.8340 ns/op
OverheadActual   2: 2048 op, 22700.00 ns, 11.0840 ns/op
OverheadActual   3: 2048 op, 12200.00 ns, 5.9570 ns/op
OverheadActual   4: 2048 op, 10300.00 ns, 5.0293 ns/op
OverheadActual   5: 2048 op, 9600.00 ns, 4.6875 ns/op
OverheadActual   6: 2048 op, 12200.00 ns, 5.9570 ns/op
OverheadActual   7: 2048 op, 9200.00 ns, 4.4922 ns/op
OverheadActual   8: 2048 op, 10800.00 ns, 5.2734 ns/op
OverheadActual   9: 2048 op, 8800.00 ns, 4.2969 ns/op
OverheadActual  10: 2048 op, 9800.00 ns, 4.7852 ns/op
OverheadActual  11: 2048 op, 11000.00 ns, 5.3711 ns/op
OverheadActual  12: 2048 op, 12800.00 ns, 6.2500 ns/op
OverheadActual  13: 2048 op, 10600.00 ns, 5.1758 ns/op
OverheadActual  14: 2048 op, 12500.00 ns, 6.1035 ns/op
OverheadActual  15: 2048 op, 11200.00 ns, 5.4688 ns/op
OverheadActual  16: 2048 op, 10700.00 ns, 5.2246 ns/op
OverheadActual  17: 2048 op, 11700.00 ns, 5.7129 ns/op
OverheadActual  18: 2048 op, 10500.00 ns, 5.1270 ns/op
OverheadActual  19: 2048 op, 9800.00 ns, 4.7852 ns/op
OverheadActual  20: 2048 op, 10500.00 ns, 5.1270 ns/op

WorkloadWarmup   1: 2048 op, 560207900.00 ns, 273.5390 us/op

WorkloadActual   1: 2048 op, 497468700.00 ns, 242.9046 us/op
WorkloadActual   2: 2048 op, 480845300.00 ns, 234.7877 us/op
WorkloadActual   3: 2048 op, 502096400.00 ns, 245.1643 us/op

WorkloadResult   1: 2048 op, 497458050.00 ns, 242.8994 us/op
WorkloadResult   2: 2048 op, 480834650.00 ns, 234.7825 us/op
WorkloadResult   3: 2048 op, 502085750.00 ns, 245.1591 us/op


Mean = 240.947 μs, StdErr = 3.151 μs (1.31%), N = 3, StdDev = 5.457 μs
Min = 234.783 μs, Q1 = 238.841 μs, Median = 242.899 μs, Q3 = 244.029 μs, Max = 245.159 μs
IQR = 5.188 μs, LowerFence = 231.059 μs, UpperFence = 251.812 μs
ConfidenceInterval = [141.394 μs; 340.500 μs] (CI 99.9%), Margin = 99.553 μs (41.32% of Mean)
Skewness = -0.31, Kurtosis = 0.67, MValue = 2

// ** Remained 24 (85.7%) benchmark(s) to run. Estimated finish 2026-09-09 16:18 (0h 1m from now) **
Setup power plan (GUID: 8c5e7fda-e8bf-4a96-9a85-a6e23a8c635c FriendlyName: High performance)
// **************************
// Benchmark: CardBattleEngineBenchmark.EngineIterateActions: Job-OSEKEE(Toolchain=InProcessNoEmitToolchain, IterationCount=3, LaunchCount=1, WarmupCount=1) [EntityCount=2, MaxDepth=1]
// *** Execute ***
// Launch: 1 / 1

// Benchmark Process Environment Information:
// BenchmarkDotNet v0.15.8
// Runtime=.NET 8.0.28 (8.0.28, 8.0.2826.26413), X64 RyuJIT x86-64-v3
// GC=Concurrent Workstation
// HardwareIntrinsics=AVX2+BMI1+BMI2+F16C+FMA+LZCNT+MOVBE,AVX,SSE3+SSSE3+SSE4.1+SSE4.2+POPCNT,X86Base+SSE+SSE2,AES+PCLMUL,AvxVnni,SERIALIZE VectorSize=256
// Job: Job-OSEKEE(Toolchain=InProcessNoEmitToolchain, IterationCount=3, LaunchCount=1, WarmupCount=1)

OverheadJitting  1: 1 op, 300.00 ns, 300.0000 ns/op
WorkloadJitting  1: 1 op, 313100.00 ns, 313.1000 us/op

OverheadJitting  2: 16 op, 700.00 ns, 43.7500 ns/op
WorkloadJitting  2: 16 op, 5580600.00 ns, 348.7875 us/op

WorkloadPilot    1: 16 op, 4818000.00 ns, 301.1250 us/op
WorkloadPilot    2: 32 op, 9889200.00 ns, 309.0375 us/op
WorkloadPilot    3: 64 op, 18120500.00 ns, 283.1328 us/op
WorkloadPilot    4: 128 op, 35308900.00 ns, 275.8508 us/op
WorkloadPilot    5: 256 op, 72421600.00 ns, 282.8969 us/op
WorkloadPilot    6: 512 op, 145546500.00 ns, 284.2705 us/op
WorkloadPilot    7: 1024 op, 281408900.00 ns, 274.8134 us/op
WorkloadPilot    8: 2048 op, 597013500.00 ns, 291.5105 us/op

OverheadWarmup   1: 2048 op, 10600.00 ns, 5.1758 ns/op
OverheadWarmup   2: 2048 op, 9400.00 ns, 4.5898 ns/op
OverheadWarmup   3: 2048 op, 10000.00 ns, 4.8828 ns/op
OverheadWarmup   4: 2048 op, 8700.00 ns, 4.2480 ns/op
OverheadWarmup   5: 2048 op, 9100.00 ns, 4.4434 ns/op
OverheadWarmup   6: 2048 op, 7900.00 ns, 3.8574 ns/op

OverheadActual   1: 2048 op, 7500.00 ns, 3.6621 ns/op
OverheadActual   2: 2048 op, 8000.00 ns, 3.9063 ns/op
OverheadActual   3: 2048 op, 7700.00 ns, 3.7598 ns/op
OverheadActual   4: 2048 op, 7600.00 ns, 3.7109 ns/op
OverheadActual   5: 2048 op, 9200.00 ns, 4.4922 ns/op
OverheadActual   6: 2048 op, 9200.00 ns, 4.4922 ns/op
OverheadActual   7: 2048 op, 9200.00 ns, 4.4922 ns/op
OverheadActual   8: 2048 op, 9500.00 ns, 4.6387 ns/op
OverheadActual   9: 2048 op, 10000.00 ns, 4.8828 ns/op
OverheadActual  10: 2048 op, 9700.00 ns, 4.7363 ns/op
OverheadActual  11: 2048 op, 9900.00 ns, 4.8340 ns/op
OverheadActual  12: 2048 op, 10400.00 ns, 5.0781 ns/op
OverheadActual  13: 2048 op, 9500.00 ns, 4.6387 ns/op
OverheadActual  14: 2048 op, 6700.00 ns, 3.2715 ns/op
OverheadActual  15: 2048 op, 7900.00 ns, 3.8574 ns/op
OverheadActual  16: 2048 op, 6600.00 ns, 3.2227 ns/op
OverheadActual  17: 2048 op, 9800.00 ns, 4.7852 ns/op
OverheadActual  18: 2048 op, 7000.00 ns, 3.4180 ns/op
OverheadActual  19: 2048 op, 8800.00 ns, 4.2969 ns/op
OverheadActual  20: 2048 op, 9200.00 ns, 4.4922 ns/op

WorkloadWarmup   1: 2048 op, 504477900.00 ns, 246.3271 us/op

WorkloadActual   1: 2048 op, 451440100.00 ns, 220.4297 us/op
WorkloadActual   2: 2048 op, 441462700.00 ns, 215.5580 us/op
WorkloadActual   3: 2048 op, 539276600.00 ns, 263.3187 us/op

WorkloadResult   1: 2048 op, 451430900.00 ns, 220.4252 us/op
WorkloadResult   2: 2048 op, 441453500.00 ns, 215.5535 us/op
WorkloadResult   3: 2048 op, 539267400.00 ns, 263.3142 us/op


Mean = 233.098 μs, StdErr = 15.174 μs (6.51%), N = 3, StdDev = 26.281 μs
Min = 215.553 μs, Q1 = 217.989 μs, Median = 220.425 μs, Q3 = 241.870 μs, Max = 263.314 μs
IQR = 23.880 μs, LowerFence = 182.169 μs, UpperFence = 277.690 μs
ConfidenceInterval = [-246.373 μs; 712.568 μs] (CI 99.9%), Margin = 479.471 μs (205.70% of Mean)
Skewness = 0.37, Kurtosis = 0.67, MValue = 2

// ** Remained 23 (82.1%) benchmark(s) to run. Estimated finish 2026-09-09 16:18 (0h 1m from now) **
Setup power plan (GUID: 8c5e7fda-e8bf-4a96-9a85-a6e23a8c635c FriendlyName: High performance)
// **************************
// Benchmark: CardBattleEngineBenchmark.EngineIterateActions: Job-OSEKEE(Toolchain=InProcessNoEmitToolchain, IterationCount=3, LaunchCount=1, WarmupCount=1) [EntityCount=2, MaxDepth=2]
// *** Execute ***
// Launch: 1 / 1

// Benchmark Process Environment Information:
// BenchmarkDotNet v0.15.8
// Runtime=.NET 8.0.28 (8.0.28, 8.0.2826.26413), X64 RyuJIT x86-64-v3
// GC=Concurrent Workstation
// HardwareIntrinsics=AVX2+BMI1+BMI2+F16C+FMA+LZCNT+MOVBE,AVX,SSE3+SSSE3+SSE4.1+SSE4.2+POPCNT,X86Base+SSE+SSE2,AES+PCLMUL,AvxVnni,SERIALIZE VectorSize=256
// Job: Job-OSEKEE(Toolchain=InProcessNoEmitToolchain, IterationCount=3, LaunchCount=1, WarmupCount=1)

OverheadJitting  1: 1 op, 500.00 ns, 500.0000 ns/op
WorkloadJitting  1: 1 op, 678900.00 ns, 678.9000 us/op

OverheadJitting  2: 16 op, 700.00 ns, 43.7500 ns/op
WorkloadJitting  2: 16 op, 15734300.00 ns, 983.3938 us/op

WorkloadPilot    1: 16 op, 9529000.00 ns, 595.5625 us/op
WorkloadPilot    2: 32 op, 14704800.00 ns, 459.5250 us/op
WorkloadPilot    3: 64 op, 30169400.00 ns, 471.3969 us/op
WorkloadPilot    4: 128 op, 61659300.00 ns, 481.7133 us/op
WorkloadPilot    5: 256 op, 138504400.00 ns, 541.0328 us/op
WorkloadPilot    6: 512 op, 309930900.00 ns, 605.3338 us/op
WorkloadPilot    7: 1024 op, 539850800.00 ns, 527.1980 us/op

OverheadWarmup   1: 1024 op, 4400.00 ns, 4.2969 ns/op
OverheadWarmup   2: 1024 op, 4100.00 ns, 4.0039 ns/op
OverheadWarmup   3: 1024 op, 4200.00 ns, 4.1016 ns/op
OverheadWarmup   4: 1024 op, 4900.00 ns, 4.7852 ns/op
OverheadWarmup   5: 1024 op, 6000.00 ns, 5.8594 ns/op
OverheadWarmup   6: 1024 op, 5600.00 ns, 5.4688 ns/op
OverheadWarmup   7: 1024 op, 3800.00 ns, 3.7109 ns/op
OverheadWarmup   8: 1024 op, 3600.00 ns, 3.5156 ns/op
OverheadWarmup   9: 1024 op, 3600.00 ns, 3.5156 ns/op
OverheadWarmup  10: 1024 op, 3600.00 ns, 3.5156 ns/op

OverheadActual   1: 1024 op, 3800.00 ns, 3.7109 ns/op
OverheadActual   2: 1024 op, 3600.00 ns, 3.5156 ns/op
OverheadActual   3: 1024 op, 3300.00 ns, 3.2227 ns/op
OverheadActual   4: 1024 op, 4700.00 ns, 4.5898 ns/op
OverheadActual   5: 1024 op, 4500.00 ns, 4.3945 ns/op
OverheadActual   6: 1024 op, 3500.00 ns, 3.4180 ns/op
OverheadActual   7: 1024 op, 3600.00 ns, 3.5156 ns/op
OverheadActual   8: 1024 op, 3900.00 ns, 3.8086 ns/op
OverheadActual   9: 1024 op, 5500.00 ns, 5.3711 ns/op
OverheadActual  10: 1024 op, 4200.00 ns, 4.1016 ns/op
OverheadActual  11: 1024 op, 4600.00 ns, 4.4922 ns/op
OverheadActual  12: 1024 op, 4800.00 ns, 4.6875 ns/op
OverheadActual  13: 1024 op, 3600.00 ns, 3.5156 ns/op
OverheadActual  14: 1024 op, 3400.00 ns, 3.3203 ns/op
OverheadActual  15: 1024 op, 3400.00 ns, 3.3203 ns/op
OverheadActual  16: 1024 op, 3400.00 ns, 3.3203 ns/op
OverheadActual  17: 1024 op, 4400.00 ns, 4.2969 ns/op
OverheadActual  18: 1024 op, 4100.00 ns, 4.0039 ns/op
OverheadActual  19: 1024 op, 4000.00 ns, 3.9063 ns/op
OverheadActual  20: 1024 op, 4000.00 ns, 3.9063 ns/op

WorkloadWarmup   1: 1024 op, 501945800.00 ns, 490.1814 us/op

WorkloadActual   1: 1024 op, 543164000.00 ns, 530.4336 us/op
WorkloadActual   2: 1024 op, 617177200.00 ns, 602.7121 us/op
WorkloadActual   3: 1024 op, 559733700.00 ns, 546.6149 us/op

WorkloadResult   1: 1024 op, 543160050.00 ns, 530.4297 us/op
WorkloadResult   2: 1024 op, 617173250.00 ns, 602.7083 us/op
WorkloadResult   3: 1024 op, 559729750.00 ns, 546.6111 us/op


Mean = 559.916 μs, StdErr = 21.900 μs (3.91%), N = 3, StdDev = 37.932 μs
Min = 530.430 μs, Q1 = 538.520 μs, Median = 546.611 μs, Q3 = 574.660 μs, Max = 602.708 μs
IQR = 36.139 μs, LowerFence = 484.312 μs, UpperFence = 628.869 μs
ConfidenceInterval = [-132.100 μs; 1,251.933 μs] (CI 99.9%), Margin = 692.017 μs (123.59% of Mean)
Skewness = 0.31, Kurtosis = 0.67, MValue = 2

// ** Remained 22 (78.6%) benchmark(s) to run. Estimated finish 2026-09-09 16:18 (0h 1m from now) **
Setup power plan (GUID: 8c5e7fda-e8bf-4a96-9a85-a6e23a8c635c FriendlyName: High performance)
// **************************
// Benchmark: CardBattleEngineBenchmark.EngineIterateActions: Job-OSEKEE(Toolchain=InProcessNoEmitToolchain, IterationCount=3, LaunchCount=1, WarmupCount=1) [EntityCount=2, MaxDepth=3]
// *** Execute ***
// Launch: 1 / 1

// Benchmark Process Environment Information:
// BenchmarkDotNet v0.15.8
// Runtime=.NET 8.0.28 (8.0.28, 8.0.2826.26413), X64 RyuJIT x86-64-v3
// GC=Concurrent Workstation
// HardwareIntrinsics=AVX2+BMI1+BMI2+F16C+FMA+LZCNT+MOVBE,AVX,SSE3+SSSE3+SSE4.1+SSE4.2+POPCNT,X86Base+SSE+SSE2,AES+PCLMUL,AvxVnni,SERIALIZE VectorSize=256
// Job: Job-OSEKEE(Toolchain=InProcessNoEmitToolchain, IterationCount=3, LaunchCount=1, WarmupCount=1)

OverheadJitting  1: 1 op, 200.00 ns, 200.0000 ns/op
WorkloadJitting  1: 1 op, 636000.00 ns, 636.0000 us/op

OverheadJitting  2: 16 op, 600.00 ns, 37.5000 ns/op
WorkloadJitting  2: 16 op, 22329900.00 ns, 1.3956 ms/op

WorkloadPilot    1: 16 op, 21357800.00 ns, 1.3349 ms/op
WorkloadPilot    2: 32 op, 37791300.00 ns, 1.1810 ms/op
WorkloadPilot    3: 64 op, 53088900.00 ns, 829.5141 us/op
WorkloadPilot    4: 128 op, 143243800.00 ns, 1.1191 ms/op
WorkloadPilot    5: 256 op, 259918200.00 ns, 1.0153 ms/op
WorkloadPilot    6: 512 op, 539476100.00 ns, 1.0537 ms/op

OverheadWarmup   1: 512 op, 3500.00 ns, 6.8359 ns/op
OverheadWarmup   2: 512 op, 2500.00 ns, 4.8828 ns/op
OverheadWarmup   3: 512 op, 2500.00 ns, 4.8828 ns/op
OverheadWarmup   4: 512 op, 2700.00 ns, 5.2734 ns/op
OverheadWarmup   5: 512 op, 1900.00 ns, 3.7109 ns/op
OverheadWarmup   6: 512 op, 2200.00 ns, 4.2969 ns/op

OverheadActual   1: 512 op, 2900.00 ns, 5.6641 ns/op
OverheadActual   2: 512 op, 3600.00 ns, 7.0313 ns/op
OverheadActual   3: 512 op, 2900.00 ns, 5.6641 ns/op
OverheadActual   4: 512 op, 2100.00 ns, 4.1016 ns/op
OverheadActual   5: 512 op, 2000.00 ns, 3.9063 ns/op
OverheadActual   6: 512 op, 2500.00 ns, 4.8828 ns/op
OverheadActual   7: 512 op, 2100.00 ns, 4.1016 ns/op
OverheadActual   8: 512 op, 2000.00 ns, 3.9063 ns/op
OverheadActual   9: 512 op, 2000.00 ns, 3.9063 ns/op
OverheadActual  10: 512 op, 2300.00 ns, 4.4922 ns/op
OverheadActual  11: 512 op, 2400.00 ns, 4.6875 ns/op
OverheadActual  12: 512 op, 2400.00 ns, 4.6875 ns/op
OverheadActual  13: 512 op, 2200.00 ns, 4.2969 ns/op
OverheadActual  14: 512 op, 2200.00 ns, 4.2969 ns/op
OverheadActual  15: 512 op, 1800.00 ns, 3.5156 ns/op
OverheadActual  16: 512 op, 2500.00 ns, 4.8828 ns/op
OverheadActual  17: 512 op, 3200.00 ns, 6.2500 ns/op
OverheadActual  18: 512 op, 1800.00 ns, 3.5156 ns/op
OverheadActual  19: 512 op, 1700.00 ns, 3.3203 ns/op
OverheadActual  20: 512 op, 2600.00 ns, 5.0781 ns/op

WorkloadWarmup   1: 512 op, 517930100.00 ns, 1.0116 ms/op

WorkloadActual   1: 512 op, 578964900.00 ns, 1.1308 ms/op
WorkloadActual   2: 512 op, 469332200.00 ns, 916.6645 us/op
WorkloadActual   3: 512 op, 553534100.00 ns, 1.0811 ms/op

WorkloadResult   1: 512 op, 578962650.00 ns, 1.1308 ms/op
WorkloadResult   2: 512 op, 469329950.00 ns, 916.6601 us/op
WorkloadResult   3: 512 op, 553531850.00 ns, 1.0811 ms/op


Mean = 1.043 ms, StdErr = 0.065 ms (6.20%), N = 3, StdDev = 0.112 ms
Min = 0.917 ms, Q1 = 0.999 ms, Median = 1.081 ms, Q3 = 1.106 ms, Max = 1.131 ms
IQR = 0.107 ms, LowerFence = 0.838 ms, UpperFence = 1.267 ms
ConfidenceInterval = [-1.002 ms; 3.087 ms] (CI 99.9%), Margin = 2.045 ms (196.06% of Mean)
Skewness = -0.3, Kurtosis = 0.67, MValue = 2

// ** Remained 21 (75.0%) benchmark(s) to run. Estimated finish 2026-09-09 16:18 (0h 1m from now) **
Setup power plan (GUID: 8c5e7fda-e8bf-4a96-9a85-a6e23a8c635c FriendlyName: High performance)
// **************************
// Benchmark: CardBattleEngineBenchmark.EngineIterateActions: Job-OSEKEE(Toolchain=InProcessNoEmitToolchain, IterationCount=3, LaunchCount=1, WarmupCount=1) [EntityCount=2, MaxDepth=4]
// *** Execute ***
// Launch: 1 / 1

// Benchmark Process Environment Information:
// BenchmarkDotNet v0.15.8
// Runtime=.NET 8.0.28 (8.0.28, 8.0.2826.26413), X64 RyuJIT x86-64-v3
// GC=Concurrent Workstation
// HardwareIntrinsics=AVX2+BMI1+BMI2+F16C+FMA+LZCNT+MOVBE,AVX,SSE3+SSSE3+SSE4.1+SSE4.2+POPCNT,X86Base+SSE+SSE2,AES+PCLMUL,AvxVnni,SERIALIZE VectorSize=256
// Job: Job-OSEKEE(Toolchain=InProcessNoEmitToolchain, IterationCount=3, LaunchCount=1, WarmupCount=1)

OverheadJitting  1: 1 op, 500.00 ns, 500.0000 ns/op
WorkloadJitting  1: 1 op, 1300900.00 ns, 1.3009 ms/op

OverheadJitting  2: 16 op, 900.00 ns, 56.2500 ns/op
WorkloadJitting  2: 16 op, 27709800.00 ns, 1.7319 ms/op

WorkloadPilot    1: 16 op, 20276200.00 ns, 1.2673 ms/op
WorkloadPilot    2: 32 op, 39380500.00 ns, 1.2306 ms/op
WorkloadPilot    3: 64 op, 79123100.00 ns, 1.2363 ms/op
WorkloadPilot    4: 128 op, 153574300.00 ns, 1.1998 ms/op
WorkloadPilot    5: 256 op, 295631900.00 ns, 1.1548 ms/op
WorkloadPilot    6: 512 op, 638831100.00 ns, 1.2477 ms/op

OverheadWarmup   1: 512 op, 1900.00 ns, 3.7109 ns/op
OverheadWarmup   2: 512 op, 2000.00 ns, 3.9063 ns/op
OverheadWarmup   3: 512 op, 1800.00 ns, 3.5156 ns/op
OverheadWarmup   4: 512 op, 2100.00 ns, 4.1016 ns/op
OverheadWarmup   5: 512 op, 1800.00 ns, 3.5156 ns/op

OverheadActual   1: 512 op, 2300.00 ns, 4.4922 ns/op
OverheadActual   2: 512 op, 2300.00 ns, 4.4922 ns/op
OverheadActual   3: 512 op, 2200.00 ns, 4.2969 ns/op
OverheadActual   4: 512 op, 2200.00 ns, 4.2969 ns/op
OverheadActual   5: 512 op, 2200.00 ns, 4.2969 ns/op
OverheadActual   6: 512 op, 2200.00 ns, 4.2969 ns/op
OverheadActual   7: 512 op, 2300.00 ns, 4.4922 ns/op
OverheadActual   8: 512 op, 2200.00 ns, 4.2969 ns/op
OverheadActual   9: 512 op, 2400.00 ns, 4.6875 ns/op
OverheadActual  10: 512 op, 2300.00 ns, 4.4922 ns/op
OverheadActual  11: 512 op, 2700.00 ns, 5.2734 ns/op
OverheadActual  12: 512 op, 2500.00 ns, 4.8828 ns/op
OverheadActual  13: 512 op, 2900.00 ns, 5.6641 ns/op
OverheadActual  14: 512 op, 2900.00 ns, 5.6641 ns/op
OverheadActual  15: 512 op, 2600.00 ns, 5.0781 ns/op
OverheadActual  16: 512 op, 2600.00 ns, 5.0781 ns/op
OverheadActual  17: 512 op, 2500.00 ns, 4.8828 ns/op
OverheadActual  18: 512 op, 2700.00 ns, 5.2734 ns/op
OverheadActual  19: 512 op, 2700.00 ns, 5.2734 ns/op
OverheadActual  20: 512 op, 2400.00 ns, 4.6875 ns/op

WorkloadWarmup   1: 512 op, 605591600.00 ns, 1.1828 ms/op

WorkloadActual   1: 512 op, 549841700.00 ns, 1.0739 ms/op
WorkloadActual   2: 512 op, 579817400.00 ns, 1.1325 ms/op
WorkloadActual   3: 512 op, 503021500.00 ns, 982.4639 us/op

WorkloadResult   1: 512 op, 549839300.00 ns, 1.0739 ms/op
WorkloadResult   2: 512 op, 579815000.00 ns, 1.1325 ms/op
WorkloadResult   3: 512 op, 503019100.00 ns, 982.4592 us/op


Mean = 1.063 ms, StdErr = 0.044 ms (4.11%), N = 3, StdDev = 0.076 ms
Min = 0.982 ms, Q1 = 1.028 ms, Median = 1.074 ms, Q3 = 1.103 ms, Max = 1.132 ms
IQR = 0.075 ms, LowerFence = 0.916 ms, UpperFence = 1.216 ms
ConfidenceInterval = [-0.316 ms; 2.442 ms] (CI 99.9%), Margin = 1.379 ms (129.75% of Mean)
Skewness = -0.14, Kurtosis = 0.67, MValue = 2

// ** Remained 20 (71.4%) benchmark(s) to run. Estimated finish 2026-09-09 16:18 (0h 1m from now) **
Setup power plan (GUID: 8c5e7fda-e8bf-4a96-9a85-a6e23a8c635c FriendlyName: High performance)
// **************************
// Benchmark: CardBattleEngineBenchmark.EngineIterateActions: Job-OSEKEE(Toolchain=InProcessNoEmitToolchain, IterationCount=3, LaunchCount=1, WarmupCount=1) [EntityCount=3, MaxDepth=1]
// *** Execute ***
// Launch: 1 / 1

// Benchmark Process Environment Information:
// BenchmarkDotNet v0.15.8
// Runtime=.NET 8.0.28 (8.0.28, 8.0.2826.26413), X64 RyuJIT x86-64-v3
// GC=Concurrent Workstation
// HardwareIntrinsics=AVX2+BMI1+BMI2+F16C+FMA+LZCNT+MOVBE,AVX,SSE3+SSSE3+SSE4.1+SSE4.2+POPCNT,X86Base+SSE+SSE2,AES+PCLMUL,AvxVnni,SERIALIZE VectorSize=256
// Job: Job-OSEKEE(Toolchain=InProcessNoEmitToolchain, IterationCount=3, LaunchCount=1, WarmupCount=1)

OverheadJitting  1: 1 op, 500.00 ns, 500.0000 ns/op
WorkloadJitting  1: 1 op, 435800.00 ns, 435.8000 us/op

OverheadJitting  2: 16 op, 500.00 ns, 31.2500 ns/op
WorkloadJitting  2: 16 op, 8178800.00 ns, 511.1750 us/op

WorkloadPilot    1: 16 op, 8148300.00 ns, 509.2688 us/op
WorkloadPilot    2: 32 op, 14501400.00 ns, 453.1688 us/op
WorkloadPilot    3: 64 op, 27833200.00 ns, 434.8938 us/op
WorkloadPilot    4: 128 op, 58258600.00 ns, 455.1453 us/op
WorkloadPilot    5: 256 op, 123255400.00 ns, 481.4664 us/op
WorkloadPilot    6: 512 op, 208890900.00 ns, 407.9900 us/op
WorkloadPilot    7: 1024 op, 469225100.00 ns, 458.2276 us/op
WorkloadPilot    8: 2048 op, 989893100.00 ns, 483.3462 us/op

OverheadWarmup   1: 2048 op, 8300.00 ns, 4.0527 ns/op
OverheadWarmup   2: 2048 op, 5800.00 ns, 2.8320 ns/op
OverheadWarmup   3: 2048 op, 7700.00 ns, 3.7598 ns/op
OverheadWarmup   4: 2048 op, 6300.00 ns, 3.0762 ns/op
OverheadWarmup   5: 2048 op, 5900.00 ns, 2.8809 ns/op
OverheadWarmup   6: 2048 op, 6200.00 ns, 3.0273 ns/op
OverheadWarmup   7: 2048 op, 5900.00 ns, 2.8809 ns/op

OverheadActual   1: 2048 op, 6300.00 ns, 3.0762 ns/op
OverheadActual   2: 2048 op, 6100.00 ns, 2.9785 ns/op
OverheadActual   3: 2048 op, 6600.00 ns, 3.2227 ns/op
OverheadActual   4: 2048 op, 6400.00 ns, 3.1250 ns/op
OverheadActual   5: 2048 op, 6400.00 ns, 3.1250 ns/op
OverheadActual   6: 2048 op, 7600.00 ns, 3.7109 ns/op
OverheadActual   7: 2048 op, 6200.00 ns, 3.0273 ns/op
OverheadActual   8: 2048 op, 5900.00 ns, 2.8809 ns/op
OverheadActual   9: 2048 op, 6000.00 ns, 2.9297 ns/op
OverheadActual  10: 2048 op, 7200.00 ns, 3.5156 ns/op
OverheadActual  11: 2048 op, 7100.00 ns, 3.4668 ns/op
OverheadActual  12: 2048 op, 7100.00 ns, 3.4668 ns/op
OverheadActual  13: 2048 op, 7200.00 ns, 3.5156 ns/op
OverheadActual  14: 2048 op, 7100.00 ns, 3.4668 ns/op
OverheadActual  15: 2048 op, 6900.00 ns, 3.3691 ns/op
OverheadActual  16: 2048 op, 7100.00 ns, 3.4668 ns/op
OverheadActual  17: 2048 op, 6900.00 ns, 3.3691 ns/op
OverheadActual  18: 2048 op, 7000.00 ns, 3.4180 ns/op
OverheadActual  19: 2048 op, 7100.00 ns, 3.4668 ns/op
OverheadActual  20: 2048 op, 7100.00 ns, 3.4668 ns/op

WorkloadWarmup   1: 2048 op, 878181000.00 ns, 428.7993 us/op

WorkloadActual   1: 2048 op, 968747800.00 ns, 473.0214 us/op
WorkloadActual   2: 2048 op, 990857400.00 ns, 483.8171 us/op
WorkloadActual   3: 2048 op, 994792100.00 ns, 485.7383 us/op

WorkloadResult   1: 2048 op, 968740850.00 ns, 473.0180 us/op
WorkloadResult   2: 2048 op, 990850450.00 ns, 483.8137 us/op
WorkloadResult   3: 2048 op, 994785150.00 ns, 485.7349 us/op


Mean = 480.856 μs, StdErr = 3.958 μs (0.82%), N = 3, StdDev = 6.855 μs
Min = 473.018 μs, Q1 = 478.416 μs, Median = 483.814 μs, Q3 = 484.774 μs, Max = 485.735 μs
IQR = 6.358 μs, LowerFence = 468.878 μs, UpperFence = 494.312 μs
ConfidenceInterval = [355.792 μs; 605.919 μs] (CI 99.9%), Margin = 125.064 μs (26.01% of Mean)
Skewness = -0.35, Kurtosis = 0.67, MValue = 2

// ** Remained 19 (67.9%) benchmark(s) to run. Estimated finish 2026-09-09 16:18 (0h 1m from now) **
Setup power plan (GUID: 8c5e7fda-e8bf-4a96-9a85-a6e23a8c635c FriendlyName: High performance)
// **************************
// Benchmark: CardBattleEngineBenchmark.EngineIterateActions: Job-OSEKEE(Toolchain=InProcessNoEmitToolchain, IterationCount=3, LaunchCount=1, WarmupCount=1) [EntityCount=3, MaxDepth=2]
// *** Execute ***
// Launch: 1 / 1

// Benchmark Process Environment Information:
// BenchmarkDotNet v0.15.8
// Runtime=.NET 8.0.28 (8.0.28, 8.0.2826.26413), X64 RyuJIT x86-64-v3
// GC=Concurrent Workstation
// HardwareIntrinsics=AVX2+BMI1+BMI2+F16C+FMA+LZCNT+MOVBE,AVX,SSE3+SSSE3+SSE4.1+SSE4.2+POPCNT,X86Base+SSE+SSE2,AES+PCLMUL,AvxVnni,SERIALIZE VectorSize=256
// Job: Job-OSEKEE(Toolchain=InProcessNoEmitToolchain, IterationCount=3, LaunchCount=1, WarmupCount=1)

OverheadJitting  1: 1 op, 500.00 ns, 500.0000 ns/op
WorkloadJitting  1: 1 op, 2245500.00 ns, 2.2455 ms/op

OverheadJitting  2: 16 op, 700.00 ns, 43.7500 ns/op
WorkloadJitting  2: 16 op, 43204400.00 ns, 2.7003 ms/op

WorkloadPilot    1: 16 op, 32752700.00 ns, 2.0470 ms/op
WorkloadPilot    2: 32 op, 57827600.00 ns, 1.8071 ms/op
WorkloadPilot    3: 64 op, 114622300.00 ns, 1.7910 ms/op
WorkloadPilot    4: 128 op, 289332900.00 ns, 2.2604 ms/op
WorkloadPilot    5: 256 op, 533216100.00 ns, 2.0829 ms/op

OverheadWarmup   1: 256 op, 1300.00 ns, 5.0781 ns/op
OverheadWarmup   2: 256 op, 1000.00 ns, 3.9063 ns/op
OverheadWarmup   3: 256 op, 1200.00 ns, 4.6875 ns/op
OverheadWarmup   4: 256 op, 1100.00 ns, 4.2969 ns/op
OverheadWarmup   5: 256 op, 1100.00 ns, 4.2969 ns/op
OverheadWarmup   6: 256 op, 1000.00 ns, 3.9063 ns/op

OverheadActual   1: 256 op, 1100.00 ns, 4.2969 ns/op
OverheadActual   2: 256 op, 1200.00 ns, 4.6875 ns/op
OverheadActual   3: 256 op, 1100.00 ns, 4.2969 ns/op
OverheadActual   4: 256 op, 1200.00 ns, 4.6875 ns/op
OverheadActual   5: 256 op, 1200.00 ns, 4.6875 ns/op
OverheadActual   6: 256 op, 1300.00 ns, 5.0781 ns/op
OverheadActual   7: 256 op, 1300.00 ns, 5.0781 ns/op
OverheadActual   8: 256 op, 1200.00 ns, 4.6875 ns/op
OverheadActual   9: 256 op, 1300.00 ns, 5.0781 ns/op
OverheadActual  10: 256 op, 1500.00 ns, 5.8594 ns/op
OverheadActual  11: 256 op, 1400.00 ns, 5.4688 ns/op
OverheadActual  12: 256 op, 1300.00 ns, 5.0781 ns/op
OverheadActual  13: 256 op, 1500.00 ns, 5.8594 ns/op
OverheadActual  14: 256 op, 1300.00 ns, 5.0781 ns/op
OverheadActual  15: 256 op, 1500.00 ns, 5.8594 ns/op
OverheadActual  16: 256 op, 1500.00 ns, 5.8594 ns/op
OverheadActual  17: 256 op, 1400.00 ns, 5.4688 ns/op
OverheadActual  18: 256 op, 1900.00 ns, 7.4219 ns/op
OverheadActual  19: 256 op, 1600.00 ns, 6.2500 ns/op
OverheadActual  20: 256 op, 1300.00 ns, 5.0781 ns/op

WorkloadWarmup   1: 256 op, 524332200.00 ns, 2.0482 ms/op

WorkloadActual   1: 256 op, 466611100.00 ns, 1.8227 ms/op
WorkloadActual   2: 256 op, 451197300.00 ns, 1.7625 ms/op
WorkloadActual   3: 256 op, 483098700.00 ns, 1.8871 ms/op

WorkloadResult   1: 256 op, 466609800.00 ns, 1.8227 ms/op
WorkloadResult   2: 256 op, 451196000.00 ns, 1.7625 ms/op
WorkloadResult   3: 256 op, 483097400.00 ns, 1.8871 ms/op


Mean = 1.824 ms, StdErr = 0.036 ms (1.97%), N = 3, StdDev = 0.062 ms
Min = 1.762 ms, Q1 = 1.793 ms, Median = 1.823 ms, Q3 = 1.855 ms, Max = 1.887 ms
IQR = 0.062 ms, LowerFence = 1.699 ms, UpperFence = 1.948 ms
ConfidenceInterval = [0.687 ms; 2.961 ms] (CI 99.9%), Margin = 1.137 ms (62.33% of Mean)
Skewness = 0.02, Kurtosis = 0.67, MValue = 2

// ** Remained 18 (64.3%) benchmark(s) to run. Estimated finish 2026-09-09 16:18 (0h 1m from now) **
Setup power plan (GUID: 8c5e7fda-e8bf-4a96-9a85-a6e23a8c635c FriendlyName: High performance)
// **************************
// Benchmark: CardBattleEngineBenchmark.EngineIterateActions: Job-OSEKEE(Toolchain=InProcessNoEmitToolchain, IterationCount=3, LaunchCount=1, WarmupCount=1) [EntityCount=3, MaxDepth=3]
// *** Execute ***
// Launch: 1 / 1

// Benchmark Process Environment Information:
// BenchmarkDotNet v0.15.8
// Runtime=.NET 8.0.28 (8.0.28, 8.0.2826.26413), X64 RyuJIT x86-64-v3
// GC=Concurrent Workstation
// HardwareIntrinsics=AVX2+BMI1+BMI2+F16C+FMA+LZCNT+MOVBE,AVX,SSE3+SSSE3+SSE4.1+SSE4.2+POPCNT,X86Base+SSE+SSE2,AES+PCLMUL,AvxVnni,SERIALIZE VectorSize=256
// Job: Job-OSEKEE(Toolchain=InProcessNoEmitToolchain, IterationCount=3, LaunchCount=1, WarmupCount=1)

OverheadJitting  1: 1 op, 400.00 ns, 400.0000 ns/op
WorkloadJitting  1: 1 op, 3767200.00 ns, 3.7672 ms/op

OverheadJitting  2: 16 op, 700.00 ns, 43.7500 ns/op
WorkloadJitting  2: 16 op, 43272300.00 ns, 2.7045 ms/op

WorkloadPilot    1: 16 op, 44905500.00 ns, 2.8066 ms/op
WorkloadPilot    2: 32 op, 72238400.00 ns, 2.2575 ms/op
WorkloadPilot    3: 64 op, 150573100.00 ns, 2.3527 ms/op
WorkloadPilot    4: 128 op, 319684900.00 ns, 2.4975 ms/op
WorkloadPilot    5: 256 op, 653035300.00 ns, 2.5509 ms/op

OverheadWarmup   1: 256 op, 1600.00 ns, 6.2500 ns/op
OverheadWarmup   2: 256 op, 1500.00 ns, 5.8594 ns/op
OverheadWarmup   3: 256 op, 1500.00 ns, 5.8594 ns/op
OverheadWarmup   4: 256 op, 1300.00 ns, 5.0781 ns/op
OverheadWarmup   5: 256 op, 1400.00 ns, 5.4688 ns/op
OverheadWarmup   6: 256 op, 1400.00 ns, 5.4688 ns/op

OverheadActual   1: 256 op, 1000.00 ns, 3.9063 ns/op
OverheadActual   2: 256 op, 1100.00 ns, 4.2969 ns/op
OverheadActual   3: 256 op, 1200.00 ns, 4.6875 ns/op
OverheadActual   4: 256 op, 1100.00 ns, 4.2969 ns/op
OverheadActual   5: 256 op, 1100.00 ns, 4.2969 ns/op
OverheadActual   6: 256 op, 1200.00 ns, 4.6875 ns/op
OverheadActual   7: 256 op, 1200.00 ns, 4.6875 ns/op
OverheadActual   8: 256 op, 1200.00 ns, 4.6875 ns/op
OverheadActual   9: 256 op, 1200.00 ns, 4.6875 ns/op
OverheadActual  10: 256 op, 1100.00 ns, 4.2969 ns/op
OverheadActual  11: 256 op, 1400.00 ns, 5.4688 ns/op
OverheadActual  12: 256 op, 1300.00 ns, 5.0781 ns/op
OverheadActual  13: 256 op, 1400.00 ns, 5.4688 ns/op
OverheadActual  14: 256 op, 1400.00 ns, 5.4688 ns/op
OverheadActual  15: 256 op, 1300.00 ns, 5.0781 ns/op
OverheadActual  16: 256 op, 1500.00 ns, 5.8594 ns/op
OverheadActual  17: 256 op, 1500.00 ns, 5.8594 ns/op
OverheadActual  18: 256 op, 1500.00 ns, 5.8594 ns/op
OverheadActual  19: 256 op, 1400.00 ns, 5.4688 ns/op
OverheadActual  20: 256 op, 1600.00 ns, 6.2500 ns/op

WorkloadWarmup   1: 256 op, 650004200.00 ns, 2.5391 ms/op

WorkloadActual   1: 256 op, 622312300.00 ns, 2.4309 ms/op
WorkloadActual   2: 256 op, 658758400.00 ns, 2.5733 ms/op
WorkloadActual   3: 256 op, 681726200.00 ns, 2.6630 ms/op

WorkloadResult   1: 256 op, 622311050.00 ns, 2.4309 ms/op
WorkloadResult   2: 256 op, 658757150.00 ns, 2.5733 ms/op
WorkloadResult   3: 256 op, 681724950.00 ns, 2.6630 ms/op


Mean = 2.556 ms, StdErr = 0.068 ms (2.64%), N = 3, StdDev = 0.117 ms
Min = 2.431 ms, Q1 = 2.502 ms, Median = 2.573 ms, Q3 = 2.618 ms, Max = 2.663 ms
IQR = 0.116 ms, LowerFence = 2.328 ms, UpperFence = 2.792 ms
ConfidenceInterval = [0.421 ms; 4.691 ms] (CI 99.9%), Margin = 2.135 ms (83.54% of Mean)
Skewness = -0.15, Kurtosis = 0.67, MValue = 2

// ** Remained 17 (60.7%) benchmark(s) to run. Estimated finish 2026-09-09 16:18 (0h 1m from now) **
Setup power plan (GUID: 8c5e7fda-e8bf-4a96-9a85-a6e23a8c635c FriendlyName: High performance)
// **************************
// Benchmark: CardBattleEngineBenchmark.EngineIterateActions: Job-OSEKEE(Toolchain=InProcessNoEmitToolchain, IterationCount=3, LaunchCount=1, WarmupCount=1) [EntityCount=3, MaxDepth=4]
// *** Execute ***
// Launch: 1 / 1

// Benchmark Process Environment Information:
// BenchmarkDotNet v0.15.8
// Runtime=.NET 8.0.28 (8.0.28, 8.0.2826.26413), X64 RyuJIT x86-64-v3
// GC=Concurrent Workstation
// HardwareIntrinsics=AVX2+BMI1+BMI2+F16C+FMA+LZCNT+MOVBE,AVX,SSE3+SSSE3+SSE4.1+SSE4.2+POPCNT,X86Base+SSE+SSE2,AES+PCLMUL,AvxVnni,SERIALIZE VectorSize=256
// Job: Job-OSEKEE(Toolchain=InProcessNoEmitToolchain, IterationCount=3, LaunchCount=1, WarmupCount=1)

OverheadJitting  1: 1 op, 400.00 ns, 400.0000 ns/op
WorkloadJitting  1: 1 op, 4649700.00 ns, 4.6497 ms/op

OverheadJitting  2: 16 op, 600.00 ns, 37.5000 ns/op
WorkloadJitting  2: 16 op, 50901600.00 ns, 3.1814 ms/op

WorkloadPilot    1: 16 op, 50991400.00 ns, 3.1870 ms/op
WorkloadPilot    2: 32 op, 111775000.00 ns, 3.4930 ms/op
WorkloadPilot    3: 64 op, 257651800.00 ns, 4.0258 ms/op
WorkloadPilot    4: 128 op, 526920900.00 ns, 4.1166 ms/op

OverheadWarmup   1: 128 op, 1400.00 ns, 10.9375 ns/op
OverheadWarmup   2: 128 op, 1300.00 ns, 10.1563 ns/op
OverheadWarmup   3: 128 op, 1300.00 ns, 10.1563 ns/op
OverheadWarmup   4: 128 op, 800.00 ns, 6.2500 ns/op
OverheadWarmup   5: 128 op, 700.00 ns, 5.4688 ns/op
OverheadWarmup   6: 128 op, 1200.00 ns, 9.3750 ns/op
OverheadWarmup   7: 128 op, 1100.00 ns, 8.5938 ns/op

OverheadActual   1: 128 op, 900.00 ns, 7.0313 ns/op
OverheadActual   2: 128 op, 900.00 ns, 7.0313 ns/op
OverheadActual   3: 128 op, 800.00 ns, 6.2500 ns/op
OverheadActual   4: 128 op, 800.00 ns, 6.2500 ns/op
OverheadActual   5: 128 op, 700.00 ns, 5.4688 ns/op
OverheadActual   6: 128 op, 700.00 ns, 5.4688 ns/op
OverheadActual   7: 128 op, 1100.00 ns, 8.5938 ns/op
OverheadActual   8: 128 op, 600.00 ns, 4.6875 ns/op
OverheadActual   9: 128 op, 700.00 ns, 5.4688 ns/op
OverheadActual  10: 128 op, 700.00 ns, 5.4688 ns/op
OverheadActual  11: 128 op, 800.00 ns, 6.2500 ns/op
OverheadActual  12: 128 op, 800.00 ns, 6.2500 ns/op
OverheadActual  13: 128 op, 800.00 ns, 6.2500 ns/op
OverheadActual  14: 128 op, 800.00 ns, 6.2500 ns/op
OverheadActual  15: 128 op, 900.00 ns, 7.0313 ns/op
OverheadActual  16: 128 op, 900.00 ns, 7.0313 ns/op
OverheadActual  17: 128 op, 800.00 ns, 6.2500 ns/op
OverheadActual  18: 128 op, 800.00 ns, 6.2500 ns/op
OverheadActual  19: 128 op, 800.00 ns, 6.2500 ns/op
OverheadActual  20: 128 op, 900.00 ns, 7.0313 ns/op

WorkloadWarmup   1: 128 op, 460586400.00 ns, 3.5983 ms/op

WorkloadActual   1: 128 op, 488410900.00 ns, 3.8157 ms/op
WorkloadActual   2: 128 op, 473133800.00 ns, 3.6964 ms/op
WorkloadActual   3: 128 op, 436157200.00 ns, 3.4075 ms/op

WorkloadResult   1: 128 op, 488410100.00 ns, 3.8157 ms/op
WorkloadResult   2: 128 op, 473133000.00 ns, 3.6964 ms/op
WorkloadResult   3: 128 op, 436156400.00 ns, 3.4075 ms/op


Mean = 3.640 ms, StdErr = 0.121 ms (3.33%), N = 3, StdDev = 0.210 ms
Min = 3.407 ms, Q1 = 3.552 ms, Median = 3.696 ms, Q3 = 3.756 ms, Max = 3.816 ms
IQR = 0.204 ms, LowerFence = 3.246 ms, UpperFence = 4.062 ms
ConfidenceInterval = [-0.190 ms; 7.469 ms] (CI 99.9%), Margin = 3.829 ms (105.21% of Mean)
Skewness = -0.25, Kurtosis = 0.67, MValue = 2

// ** Remained 16 (57.1%) benchmark(s) to run. Estimated finish 2026-09-09 16:18 (0h 1m from now) **
Setup power plan (GUID: 8c5e7fda-e8bf-4a96-9a85-a6e23a8c635c FriendlyName: High performance)
// **************************
// Benchmark: CardBattleEngineBenchmark.EngineIterateActions: Job-OSEKEE(Toolchain=InProcessNoEmitToolchain, IterationCount=3, LaunchCount=1, WarmupCount=1) [EntityCount=4, MaxDepth=1]
// *** Execute ***
// Launch: 1 / 1

// Benchmark Process Environment Information:
// BenchmarkDotNet v0.15.8
// Runtime=.NET 8.0.28 (8.0.28, 8.0.2826.26413), X64 RyuJIT x86-64-v3
// GC=Concurrent Workstation
// HardwareIntrinsics=AVX2+BMI1+BMI2+F16C+FMA+LZCNT+MOVBE,AVX,SSE3+SSSE3+SSE4.1+SSE4.2+POPCNT,X86Base+SSE+SSE2,AES+PCLMUL,AvxVnni,SERIALIZE VectorSize=256
// Job: Job-OSEKEE(Toolchain=InProcessNoEmitToolchain, IterationCount=3, LaunchCount=1, WarmupCount=1)

OverheadJitting  1: 1 op, 200.00 ns, 200.0000 ns/op
WorkloadJitting  1: 1 op, 796600.00 ns, 796.6000 us/op

OverheadJitting  2: 16 op, 400.00 ns, 25.0000 ns/op
WorkloadJitting  2: 16 op, 13672600.00 ns, 854.5375 us/op

WorkloadPilot    1: 16 op, 13226700.00 ns, 826.6688 us/op
WorkloadPilot    2: 32 op, 22504100.00 ns, 703.2531 us/op
WorkloadPilot    3: 64 op, 53325400.00 ns, 833.2094 us/op
WorkloadPilot    4: 128 op, 105180200.00 ns, 821.7203 us/op
WorkloadPilot    5: 256 op, 238427200.00 ns, 931.3563 us/op
WorkloadPilot    6: 512 op, 483838800.00 ns, 944.9977 us/op
WorkloadPilot    7: 1024 op, 936341500.00 ns, 914.3960 us/op

OverheadWarmup   1: 1024 op, 10300.00 ns, 10.0586 ns/op
OverheadWarmup   2: 1024 op, 3900.00 ns, 3.8086 ns/op
OverheadWarmup   3: 1024 op, 3800.00 ns, 3.7109 ns/op
OverheadWarmup   4: 1024 op, 3100.00 ns, 3.0273 ns/op
OverheadWarmup   5: 1024 op, 4300.00 ns, 4.1992 ns/op
OverheadWarmup   6: 1024 op, 3600.00 ns, 3.5156 ns/op
OverheadWarmup   7: 1024 op, 3500.00 ns, 3.4180 ns/op
OverheadWarmup   8: 1024 op, 2900.00 ns, 2.8320 ns/op
OverheadWarmup   9: 1024 op, 2800.00 ns, 2.7344 ns/op
OverheadWarmup  10: 1024 op, 2800.00 ns, 2.7344 ns/op

OverheadActual   1: 1024 op, 3500.00 ns, 3.4180 ns/op
OverheadActual   2: 1024 op, 3200.00 ns, 3.1250 ns/op
OverheadActual   3: 1024 op, 3000.00 ns, 2.9297 ns/op
OverheadActual   4: 1024 op, 4000.00 ns, 3.9063 ns/op
OverheadActual   5: 1024 op, 3900.00 ns, 3.8086 ns/op
OverheadActual   6: 1024 op, 3600.00 ns, 3.5156 ns/op
OverheadActual   7: 1024 op, 3800.00 ns, 3.7109 ns/op
OverheadActual   8: 1024 op, 3700.00 ns, 3.6133 ns/op
OverheadActual   9: 1024 op, 3800.00 ns, 3.7109 ns/op
OverheadActual  10: 1024 op, 3700.00 ns, 3.6133 ns/op
OverheadActual  11: 1024 op, 3800.00 ns, 3.7109 ns/op
OverheadActual  12: 1024 op, 3700.00 ns, 3.6133 ns/op
OverheadActual  13: 1024 op, 4000.00 ns, 3.9063 ns/op
OverheadActual  14: 1024 op, 4100.00 ns, 4.0039 ns/op
OverheadActual  15: 1024 op, 4400.00 ns, 4.2969 ns/op
OverheadActual  16: 1024 op, 4200.00 ns, 4.1016 ns/op
OverheadActual  17: 1024 op, 3500.00 ns, 3.4180 ns/op
OverheadActual  18: 1024 op, 4600.00 ns, 4.4922 ns/op
OverheadActual  19: 1024 op, 4100.00 ns, 4.0039 ns/op
OverheadActual  20: 1024 op, 3900.00 ns, 3.8086 ns/op

WorkloadWarmup   1: 1024 op, 880968000.00 ns, 860.3203 us/op

WorkloadActual   1: 1024 op, 895636800.00 ns, 874.6453 us/op
WorkloadActual   2: 1024 op, 891901700.00 ns, 870.9978 us/op
WorkloadActual   3: 1024 op, 921157900.00 ns, 899.5683 us/op

WorkloadResult   1: 1024 op, 895633000.00 ns, 874.6416 us/op
WorkloadResult   2: 1024 op, 891897900.00 ns, 870.9940 us/op
WorkloadResult   3: 1024 op, 921154100.00 ns, 899.5646 us/op


Mean = 881.733 μs, StdErr = 8.978 μs (1.02%), N = 3, StdDev = 15.550 μs
Min = 870.994 μs, Q1 = 872.818 μs, Median = 874.642 μs, Q3 = 887.103 μs, Max = 899.565 μs
IQR = 14.285 μs, LowerFence = 851.390 μs, UpperFence = 908.531 μs
ConfidenceInterval = [598.052 μs; 1,165.415 μs] (CI 99.9%), Margin = 283.682 μs (32.17% of Mean)
Skewness = 0.36, Kurtosis = 0.67, MValue = 2

// ** Remained 15 (53.6%) benchmark(s) to run. Estimated finish 2026-09-09 16:18 (0h 1m from now) **
Setup power plan (GUID: 8c5e7fda-e8bf-4a96-9a85-a6e23a8c635c FriendlyName: High performance)
// **************************
// Benchmark: CardBattleEngineBenchmark.EngineIterateActions: Job-OSEKEE(Toolchain=InProcessNoEmitToolchain, IterationCount=3, LaunchCount=1, WarmupCount=1) [EntityCount=4, MaxDepth=2]
// *** Execute ***
// Launch: 1 / 1

// Benchmark Process Environment Information:
// BenchmarkDotNet v0.15.8
// Runtime=.NET 8.0.28 (8.0.28, 8.0.2826.26413), X64 RyuJIT x86-64-v3
// GC=Concurrent Workstation
// HardwareIntrinsics=AVX2+BMI1+BMI2+F16C+FMA+LZCNT+MOVBE,AVX,SSE3+SSSE3+SSE4.1+SSE4.2+POPCNT,X86Base+SSE+SSE2,AES+PCLMUL,AvxVnni,SERIALIZE VectorSize=256
// Job: Job-OSEKEE(Toolchain=InProcessNoEmitToolchain, IterationCount=3, LaunchCount=1, WarmupCount=1)

OverheadJitting  1: 1 op, 300.00 ns, 300.0000 ns/op
WorkloadJitting  1: 1 op, 4824600.00 ns, 4.8246 ms/op

OverheadJitting  2: 16 op, 600.00 ns, 37.5000 ns/op
WorkloadJitting  2: 16 op, 84136100.00 ns, 5.2585 ms/op

WorkloadPilot    1: 16 op, 77722600.00 ns, 4.8577 ms/op
WorkloadPilot    2: 32 op, 165174500.00 ns, 5.1617 ms/op
WorkloadPilot    3: 64 op, 306934800.00 ns, 4.7959 ms/op
WorkloadPilot    4: 128 op, 562911100.00 ns, 4.3977 ms/op

OverheadWarmup   1: 128 op, 1100.00 ns, 8.5938 ns/op
OverheadWarmup   2: 128 op, 1000.00 ns, 7.8125 ns/op
OverheadWarmup   3: 128 op, 1900.00 ns, 14.8438 ns/op
OverheadWarmup   4: 128 op, 1000.00 ns, 7.8125 ns/op
OverheadWarmup   5: 128 op, 700.00 ns, 5.4688 ns/op
OverheadWarmup   6: 128 op, 800.00 ns, 6.2500 ns/op
OverheadWarmup   7: 128 op, 800.00 ns, 6.2500 ns/op

OverheadActual   1: 128 op, 800.00 ns, 6.2500 ns/op
OverheadActual   2: 128 op, 700.00 ns, 5.4688 ns/op
OverheadActual   3: 128 op, 900.00 ns, 7.0313 ns/op
OverheadActual   4: 128 op, 900.00 ns, 7.0313 ns/op
OverheadActual   5: 128 op, 700.00 ns, 5.4688 ns/op
OverheadActual   6: 128 op, 900.00 ns, 7.0313 ns/op
OverheadActual   7: 128 op, 700.00 ns, 5.4688 ns/op
OverheadActual   8: 128 op, 800.00 ns, 6.2500 ns/op
OverheadActual   9: 128 op, 800.00 ns, 6.2500 ns/op
OverheadActual  10: 128 op, 700.00 ns, 5.4688 ns/op
OverheadActual  11: 128 op, 700.00 ns, 5.4688 ns/op
OverheadActual  12: 128 op, 800.00 ns, 6.2500 ns/op
OverheadActual  13: 128 op, 1000.00 ns, 7.8125 ns/op
OverheadActual  14: 128 op, 700.00 ns, 5.4688 ns/op
OverheadActual  15: 128 op, 900.00 ns, 7.0313 ns/op
OverheadActual  16: 128 op, 700.00 ns, 5.4688 ns/op
OverheadActual  17: 128 op, 900.00 ns, 7.0313 ns/op
OverheadActual  18: 128 op, 800.00 ns, 6.2500 ns/op
OverheadActual  19: 128 op, 1000.00 ns, 7.8125 ns/op
OverheadActual  20: 128 op, 800.00 ns, 6.2500 ns/op

WorkloadWarmup   1: 128 op, 571307500.00 ns, 4.4633 ms/op

WorkloadActual   1: 128 op, 546393000.00 ns, 4.2687 ms/op
WorkloadActual   2: 128 op, 580002400.00 ns, 4.5313 ms/op
WorkloadActual   3: 128 op, 607293800.00 ns, 4.7445 ms/op

WorkloadResult   1: 128 op, 546392200.00 ns, 4.2687 ms/op
WorkloadResult   2: 128 op, 580001600.00 ns, 4.5313 ms/op
WorkloadResult   3: 128 op, 607293000.00 ns, 4.7445 ms/op


Mean = 4.515 ms, StdErr = 0.138 ms (3.05%), N = 3, StdDev = 0.238 ms
Min = 4.269 ms, Q1 = 4.400 ms, Median = 4.531 ms, Q3 = 4.638 ms, Max = 4.744 ms
IQR = 0.238 ms, LowerFence = 4.043 ms, UpperFence = 4.995 ms
ConfidenceInterval = [0.167 ms; 8.863 ms] (CI 99.9%), Margin = 4.348 ms (96.30% of Mean)
Skewness = -0.07, Kurtosis = 0.67, MValue = 2

// ** Remained 14 (50.0%) benchmark(s) to run. Estimated finish 2026-09-09 16:18 (0h 1m from now) **
Setup power plan (GUID: 8c5e7fda-e8bf-4a96-9a85-a6e23a8c635c FriendlyName: High performance)
// **************************
// Benchmark: CardBattleEngineBenchmark.EngineIterateActions: Job-OSEKEE(Toolchain=InProcessNoEmitToolchain, IterationCount=3, LaunchCount=1, WarmupCount=1) [EntityCount=4, MaxDepth=3]
// *** Execute ***
// Launch: 1 / 1

// Benchmark Process Environment Information:
// BenchmarkDotNet v0.15.8
// Runtime=.NET 8.0.28 (8.0.28, 8.0.2826.26413), X64 RyuJIT x86-64-v3
// GC=Concurrent Workstation
// HardwareIntrinsics=AVX2+BMI1+BMI2+F16C+FMA+LZCNT+MOVBE,AVX,SSE3+SSSE3+SSE4.1+SSE4.2+POPCNT,X86Base+SSE+SSE2,AES+PCLMUL,AvxVnni,SERIALIZE VectorSize=256
// Job: Job-OSEKEE(Toolchain=InProcessNoEmitToolchain, IterationCount=3, LaunchCount=1, WarmupCount=1)

OverheadJitting  1: 1 op, 300.00 ns, 300.0000 ns/op
WorkloadJitting  1: 1 op, 7923200.00 ns, 7.9232 ms/op

OverheadJitting  2: 16 op, 700.00 ns, 43.7500 ns/op
WorkloadJitting  2: 16 op, 121842900.00 ns, 7.6152 ms/op

WorkloadPilot    1: 16 op, 137341100.00 ns, 8.5838 ms/op
WorkloadPilot    2: 32 op, 291940400.00 ns, 9.1231 ms/op
WorkloadPilot    3: 64 op, 558084000.00 ns, 8.7201 ms/op

OverheadWarmup   1: 64 op, 500.00 ns, 7.8125 ns/op
OverheadWarmup   2: 64 op, 500.00 ns, 7.8125 ns/op
OverheadWarmup   3: 64 op, 700.00 ns, 10.9375 ns/op
OverheadWarmup   4: 64 op, 700.00 ns, 10.9375 ns/op
OverheadWarmup   5: 64 op, 400.00 ns, 6.2500 ns/op

OverheadActual   1: 64 op, 500.00 ns, 7.8125 ns/op
OverheadActual   2: 64 op, 500.00 ns, 7.8125 ns/op
OverheadActual   3: 64 op, 900.00 ns, 14.0625 ns/op
OverheadActual   4: 64 op, 600.00 ns, 9.3750 ns/op
OverheadActual   5: 64 op, 500.00 ns, 7.8125 ns/op
OverheadActual   6: 64 op, 500.00 ns, 7.8125 ns/op
OverheadActual   7: 64 op, 600.00 ns, 9.3750 ns/op
OverheadActual   8: 64 op, 500.00 ns, 7.8125 ns/op
OverheadActual   9: 64 op, 500.00 ns, 7.8125 ns/op
OverheadActual  10: 64 op, 500.00 ns, 7.8125 ns/op
OverheadActual  11: 64 op, 500.00 ns, 7.8125 ns/op
OverheadActual  12: 64 op, 500.00 ns, 7.8125 ns/op
OverheadActual  13: 64 op, 400.00 ns, 6.2500 ns/op
OverheadActual  14: 64 op, 500.00 ns, 7.8125 ns/op
OverheadActual  15: 64 op, 500.00 ns, 7.8125 ns/op
OverheadActual  16: 64 op, 500.00 ns, 7.8125 ns/op
OverheadActual  17: 64 op, 400.00 ns, 6.2500 ns/op
OverheadActual  18: 64 op, 600.00 ns, 9.3750 ns/op
OverheadActual  19: 64 op, 500.00 ns, 7.8125 ns/op
OverheadActual  20: 64 op, 500.00 ns, 7.8125 ns/op

WorkloadWarmup   1: 64 op, 489174300.00 ns, 7.6433 ms/op

WorkloadActual   1: 64 op, 492668000.00 ns, 7.6979 ms/op
WorkloadActual   2: 64 op, 533210000.00 ns, 8.3314 ms/op
WorkloadActual   3: 64 op, 584245100.00 ns, 9.1288 ms/op

WorkloadResult   1: 64 op, 492667500.00 ns, 7.6979 ms/op
WorkloadResult   2: 64 op, 533209500.00 ns, 8.3314 ms/op
WorkloadResult   3: 64 op, 584244600.00 ns, 9.1288 ms/op


Mean = 8.386 ms, StdErr = 0.414 ms (4.94%), N = 3, StdDev = 0.717 ms
Min = 7.698 ms, Q1 = 8.015 ms, Median = 8.331 ms, Q3 = 8.730 ms, Max = 9.129 ms
IQR = 0.715 ms, LowerFence = 6.941 ms, UpperFence = 9.803 ms
ConfidenceInterval = [-4.695 ms; 21.467 ms] (CI 99.9%), Margin = 13.081 ms (155.98% of Mean)
Skewness = 0.08, Kurtosis = 0.67, MValue = 2

// ** Remained 13 (46.4%) benchmark(s) to run. Estimated finish 2026-09-09 16:18 (0h 0m from now) **
Setup power plan (GUID: 8c5e7fda-e8bf-4a96-9a85-a6e23a8c635c FriendlyName: High performance)
// **************************
// Benchmark: CardBattleEngineBenchmark.EngineIterateActions: Job-OSEKEE(Toolchain=InProcessNoEmitToolchain, IterationCount=3, LaunchCount=1, WarmupCount=1) [EntityCount=4, MaxDepth=4]
// *** Execute ***
// Launch: 1 / 1

// Benchmark Process Environment Information:
// BenchmarkDotNet v0.15.8
// Runtime=.NET 8.0.28 (8.0.28, 8.0.2826.26413), X64 RyuJIT x86-64-v3
// GC=Concurrent Workstation
// HardwareIntrinsics=AVX2+BMI1+BMI2+F16C+FMA+LZCNT+MOVBE,AVX,SSE3+SSSE3+SSE4.1+SSE4.2+POPCNT,X86Base+SSE+SSE2,AES+PCLMUL,AvxVnni,SERIALIZE VectorSize=256
// Job: Job-OSEKEE(Toolchain=InProcessNoEmitToolchain, IterationCount=3, LaunchCount=1, WarmupCount=1)

OverheadJitting  1: 1 op, 200.00 ns, 200.0000 ns/op
WorkloadJitting  1: 1 op, 9658100.00 ns, 9.6581 ms/op

OverheadJitting  2: 16 op, 1000.00 ns, 62.5000 ns/op
WorkloadJitting  2: 16 op, 174032700.00 ns, 10.8770 ms/op

WorkloadPilot    1: 16 op, 183395400.00 ns, 11.4622 ms/op
WorkloadPilot    2: 32 op, 386788300.00 ns, 12.0871 ms/op
WorkloadPilot    3: 64 op, 989104900.00 ns, 15.4548 ms/op

OverheadWarmup   1: 64 op, 1100.00 ns, 17.1875 ns/op
OverheadWarmup   2: 64 op, 1100.00 ns, 17.1875 ns/op
OverheadWarmup   3: 64 op, 900.00 ns, 14.0625 ns/op
OverheadWarmup   4: 64 op, 800.00 ns, 12.5000 ns/op
OverheadWarmup   5: 64 op, 600.00 ns, 9.3750 ns/op
OverheadWarmup   6: 64 op, 700.00 ns, 10.9375 ns/op
OverheadWarmup   7: 64 op, 700.00 ns, 10.9375 ns/op

OverheadActual   1: 64 op, 1000.00 ns, 15.6250 ns/op
OverheadActual   2: 64 op, 600.00 ns, 9.3750 ns/op
OverheadActual   3: 64 op, 800.00 ns, 12.5000 ns/op
OverheadActual   4: 64 op, 700.00 ns, 10.9375 ns/op
OverheadActual   5: 64 op, 700.00 ns, 10.9375 ns/op
OverheadActual   6: 64 op, 700.00 ns, 10.9375 ns/op
OverheadActual   7: 64 op, 600.00 ns, 9.3750 ns/op
OverheadActual   8: 64 op, 700.00 ns, 10.9375 ns/op
OverheadActual   9: 64 op, 600.00 ns, 9.3750 ns/op
OverheadActual  10: 64 op, 700.00 ns, 10.9375 ns/op
OverheadActual  11: 64 op, 600.00 ns, 9.3750 ns/op
OverheadActual  12: 64 op, 700.00 ns, 10.9375 ns/op
OverheadActual  13: 64 op, 800.00 ns, 12.5000 ns/op
OverheadActual  14: 64 op, 700.00 ns, 10.9375 ns/op
OverheadActual  15: 64 op, 900.00 ns, 14.0625 ns/op
OverheadActual  16: 64 op, 600.00 ns, 9.3750 ns/op
OverheadActual  17: 64 op, 600.00 ns, 9.3750 ns/op
OverheadActual  18: 64 op, 600.00 ns, 9.3750 ns/op
OverheadActual  19: 64 op, 600.00 ns, 9.3750 ns/op
OverheadActual  20: 64 op, 1200.00 ns, 18.7500 ns/op

WorkloadWarmup   1: 64 op, 818630800.00 ns, 12.7911 ms/op

WorkloadActual   1: 64 op, 882980300.00 ns, 13.7966 ms/op
WorkloadActual   2: 64 op, 931410300.00 ns, 14.5533 ms/op
WorkloadActual   3: 64 op, 614808300.00 ns, 9.6064 ms/op

WorkloadResult   1: 64 op, 882979600.00 ns, 13.7966 ms/op
WorkloadResult   2: 64 op, 931409600.00 ns, 14.5533 ms/op
WorkloadResult   3: 64 op, 614807600.00 ns, 9.6064 ms/op


Mean = 12.652 ms, StdErr = 1.538 ms (12.16%), N = 3, StdDev = 2.665 ms
Min = 9.606 ms, Q1 = 11.701 ms, Median = 13.797 ms, Q3 = 14.175 ms, Max = 14.553 ms
IQR = 2.473 ms, LowerFence = 7.991 ms, UpperFence = 17.885 ms
ConfidenceInterval = [-35.961 ms; 61.265 ms] (CI 99.9%), Margin = 48.613 ms (384.23% of Mean)
Skewness = -0.35, Kurtosis = 0.67, MValue = 2

// ** Remained 12 (42.9%) benchmark(s) to run. Estimated finish 2026-09-09 16:18 (0h 0m from now) **
Setup power plan (GUID: 8c5e7fda-e8bf-4a96-9a85-a6e23a8c635c FriendlyName: High performance)
// **************************
// Benchmark: CardBattleEngineBenchmark.EngineIterateActions: Job-OSEKEE(Toolchain=InProcessNoEmitToolchain, IterationCount=3, LaunchCount=1, WarmupCount=1) [EntityCount=5, MaxDepth=1]
// *** Execute ***
// Launch: 1 / 1

// Benchmark Process Environment Information:
// BenchmarkDotNet v0.15.8
// Runtime=.NET 8.0.28 (8.0.28, 8.0.2826.26413), X64 RyuJIT x86-64-v3
// GC=Concurrent Workstation
// HardwareIntrinsics=AVX2+BMI1+BMI2+F16C+FMA+LZCNT+MOVBE,AVX,SSE3+SSSE3+SSE4.1+SSE4.2+POPCNT,X86Base+SSE+SSE2,AES+PCLMUL,AvxVnni,SERIALIZE VectorSize=256
// Job: Job-OSEKEE(Toolchain=InProcessNoEmitToolchain, IterationCount=3, LaunchCount=1, WarmupCount=1)

OverheadJitting  1: 1 op, 400.00 ns, 400.0000 ns/op
WorkloadJitting  1: 1 op, 1307200.00 ns, 1.3072 ms/op

OverheadJitting  2: 16 op, 600.00 ns, 37.5000 ns/op
WorkloadJitting  2: 16 op, 28198100.00 ns, 1.7624 ms/op

WorkloadPilot    1: 16 op, 22670900.00 ns, 1.4169 ms/op
WorkloadPilot    2: 32 op, 47585900.00 ns, 1.4871 ms/op
WorkloadPilot    3: 64 op, 86742400.00 ns, 1.3554 ms/op
WorkloadPilot    4: 128 op, 195814600.00 ns, 1.5298 ms/op
WorkloadPilot    5: 256 op, 347699100.00 ns, 1.3582 ms/op
WorkloadPilot    6: 512 op, 831395400.00 ns, 1.6238 ms/op

OverheadWarmup   1: 512 op, 2200.00 ns, 4.2969 ns/op
OverheadWarmup   2: 512 op, 1800.00 ns, 3.5156 ns/op
OverheadWarmup   3: 512 op, 2000.00 ns, 3.9063 ns/op
OverheadWarmup   4: 512 op, 1600.00 ns, 3.1250 ns/op
OverheadWarmup   5: 512 op, 1600.00 ns, 3.1250 ns/op
OverheadWarmup   6: 512 op, 2000.00 ns, 3.9063 ns/op

OverheadActual   1: 512 op, 1800.00 ns, 3.5156 ns/op
OverheadActual   2: 512 op, 1800.00 ns, 3.5156 ns/op
OverheadActual   3: 512 op, 1800.00 ns, 3.5156 ns/op
OverheadActual   4: 512 op, 1900.00 ns, 3.7109 ns/op
OverheadActual   5: 512 op, 2300.00 ns, 4.4922 ns/op
OverheadActual   6: 512 op, 2100.00 ns, 4.1016 ns/op
OverheadActual   7: 512 op, 2500.00 ns, 4.8828 ns/op
OverheadActual   8: 512 op, 2900.00 ns, 5.6641 ns/op
OverheadActual   9: 512 op, 2500.00 ns, 4.8828 ns/op
OverheadActual  10: 512 op, 2400.00 ns, 4.6875 ns/op
OverheadActual  11: 512 op, 2700.00 ns, 5.2734 ns/op
OverheadActual  12: 512 op, 2400.00 ns, 4.6875 ns/op
OverheadActual  13: 512 op, 2300.00 ns, 4.4922 ns/op
OverheadActual  14: 512 op, 2500.00 ns, 4.8828 ns/op
OverheadActual  15: 512 op, 2300.00 ns, 4.4922 ns/op
OverheadActual  16: 512 op, 2200.00 ns, 4.2969 ns/op
OverheadActual  17: 512 op, 1900.00 ns, 3.7109 ns/op
OverheadActual  18: 512 op, 2300.00 ns, 4.4922 ns/op
OverheadActual  19: 512 op, 2400.00 ns, 4.6875 ns/op
OverheadActual  20: 512 op, 2200.00 ns, 4.2969 ns/op

WorkloadWarmup   1: 512 op, 790462300.00 ns, 1.5439 ms/op

WorkloadActual   1: 512 op, 796302300.00 ns, 1.5553 ms/op
WorkloadActual   2: 512 op, 742153900.00 ns, 1.4495 ms/op
WorkloadActual   3: 512 op, 766546700.00 ns, 1.4972 ms/op

WorkloadResult   1: 512 op, 796300000.00 ns, 1.5553 ms/op
WorkloadResult   2: 512 op, 742151600.00 ns, 1.4495 ms/op
WorkloadResult   3: 512 op, 766544400.00 ns, 1.4972 ms/op


Mean = 1.501 ms, StdErr = 0.031 ms (2.04%), N = 3, StdDev = 0.053 ms
Min = 1.450 ms, Q1 = 1.473 ms, Median = 1.497 ms, Q3 = 1.526 ms, Max = 1.555 ms
IQR = 0.053 ms, LowerFence = 1.394 ms, UpperFence = 1.606 ms
ConfidenceInterval = [0.534 ms; 2.467 ms] (CI 99.9%), Margin = 0.966 ms (64.39% of Mean)
Skewness = 0.07, Kurtosis = 0.67, MValue = 2

// ** Remained 11 (39.3%) benchmark(s) to run. Estimated finish 2026-09-09 16:18 (0h 0m from now) **
Setup power plan (GUID: 8c5e7fda-e8bf-4a96-9a85-a6e23a8c635c FriendlyName: High performance)
// **************************
// Benchmark: CardBattleEngineBenchmark.EngineIterateActions: Job-OSEKEE(Toolchain=InProcessNoEmitToolchain, IterationCount=3, LaunchCount=1, WarmupCount=1) [EntityCount=5, MaxDepth=2]
// *** Execute ***
// Launch: 1 / 1

// Benchmark Process Environment Information:
// BenchmarkDotNet v0.15.8
// Runtime=.NET 8.0.28 (8.0.28, 8.0.2826.26413), X64 RyuJIT x86-64-v3
// GC=Concurrent Workstation
// HardwareIntrinsics=AVX2+BMI1+BMI2+F16C+FMA+LZCNT+MOVBE,AVX,SSE3+SSSE3+SSE4.1+SSE4.2+POPCNT,X86Base+SSE+SSE2,AES+PCLMUL,AvxVnni,SERIALIZE VectorSize=256
// Job: Job-OSEKEE(Toolchain=InProcessNoEmitToolchain, IterationCount=3, LaunchCount=1, WarmupCount=1)

OverheadJitting  1: 1 op, 300.00 ns, 300.0000 ns/op
WorkloadJitting  1: 1 op, 10207200.00 ns, 10.2072 ms/op

OverheadJitting  2: 16 op, 600.00 ns, 37.5000 ns/op
WorkloadJitting  2: 16 op, 159455200.00 ns, 9.9660 ms/op

WorkloadPilot    1: 16 op, 160159200.00 ns, 10.0100 ms/op
WorkloadPilot    2: 32 op, 310883900.00 ns, 9.7151 ms/op
WorkloadPilot    3: 64 op, 686854500.00 ns, 10.7321 ms/op

OverheadWarmup   1: 64 op, 1100.00 ns, 17.1875 ns/op
OverheadWarmup   2: 64 op, 700.00 ns, 10.9375 ns/op
OverheadWarmup   3: 64 op, 1800.00 ns, 28.1250 ns/op
OverheadWarmup   4: 64 op, 1000.00 ns, 15.6250 ns/op
OverheadWarmup   5: 64 op, 1300.00 ns, 20.3125 ns/op
OverheadWarmup   6: 64 op, 600.00 ns, 9.3750 ns/op

OverheadActual   1: 64 op, 800.00 ns, 12.5000 ns/op
OverheadActual   2: 64 op, 600.00 ns, 9.3750 ns/op
OverheadActual   3: 64 op, 500.00 ns, 7.8125 ns/op
OverheadActual   4: 64 op, 1000.00 ns, 15.6250 ns/op
OverheadActual   5: 64 op, 700.00 ns, 10.9375 ns/op
OverheadActual   6: 64 op, 500.00 ns, 7.8125 ns/op
OverheadActual   7: 64 op, 400.00 ns, 6.2500 ns/op
OverheadActual   8: 64 op, 500.00 ns, 7.8125 ns/op
OverheadActual   9: 64 op, 400.00 ns, 6.2500 ns/op
OverheadActual  10: 64 op, 500.00 ns, 7.8125 ns/op
OverheadActual  11: 64 op, 500.00 ns, 7.8125 ns/op
OverheadActual  12: 64 op, 500.00 ns, 7.8125 ns/op
OverheadActual  13: 64 op, 700.00 ns, 10.9375 ns/op
OverheadActual  14: 64 op, 500.00 ns, 7.8125 ns/op
OverheadActual  15: 64 op, 500.00 ns, 7.8125 ns/op
OverheadActual  16: 64 op, 500.00 ns, 7.8125 ns/op
OverheadActual  17: 64 op, 600.00 ns, 9.3750 ns/op
OverheadActual  18: 64 op, 600.00 ns, 9.3750 ns/op
OverheadActual  19: 64 op, 600.00 ns, 9.3750 ns/op
OverheadActual  20: 64 op, 600.00 ns, 9.3750 ns/op

WorkloadWarmup   1: 64 op, 739193200.00 ns, 11.5499 ms/op

WorkloadActual   1: 64 op, 708080100.00 ns, 11.0638 ms/op
WorkloadActual   2: 64 op, 652422400.00 ns, 10.1941 ms/op
WorkloadActual   3: 64 op, 651851400.00 ns, 10.1852 ms/op

WorkloadResult   1: 64 op, 708079600.00 ns, 11.0637 ms/op
WorkloadResult   2: 64 op, 652421900.00 ns, 10.1941 ms/op
WorkloadResult   3: 64 op, 651850900.00 ns, 10.1852 ms/op


Mean = 10.481 ms, StdErr = 0.291 ms (2.78%), N = 3, StdDev = 0.505 ms
Min = 10.185 ms, Q1 = 10.190 ms, Median = 10.194 ms, Q3 = 10.629 ms, Max = 11.064 ms
IQR = 0.439 ms, LowerFence = 9.531 ms, UpperFence = 11.288 ms
ConfidenceInterval = [1.274 ms; 19.688 ms] (CI 99.9%), Margin = 9.207 ms (87.85% of Mean)
Skewness = 0.38, Kurtosis = 0.67, MValue = 2

// ** Remained 10 (35.7%) benchmark(s) to run. Estimated finish 2026-09-09 16:18 (0h 0m from now) **
Setup power plan (GUID: 8c5e7fda-e8bf-4a96-9a85-a6e23a8c635c FriendlyName: High performance)
// **************************
// Benchmark: CardBattleEngineBenchmark.EngineIterateActions: Job-OSEKEE(Toolchain=InProcessNoEmitToolchain, IterationCount=3, LaunchCount=1, WarmupCount=1) [EntityCount=5, MaxDepth=3]
// *** Execute ***
// Launch: 1 / 1

// Benchmark Process Environment Information:
// BenchmarkDotNet v0.15.8
// Runtime=.NET 8.0.28 (8.0.28, 8.0.2826.26413), X64 RyuJIT x86-64-v3
// GC=Concurrent Workstation
// HardwareIntrinsics=AVX2+BMI1+BMI2+F16C+FMA+LZCNT+MOVBE,AVX,SSE3+SSSE3+SSE4.1+SSE4.2+POPCNT,X86Base+SSE+SSE2,AES+PCLMUL,AvxVnni,SERIALIZE VectorSize=256
// Job: Job-OSEKEE(Toolchain=InProcessNoEmitToolchain, IterationCount=3, LaunchCount=1, WarmupCount=1)

OverheadJitting  1: 1 op, 500.00 ns, 500.0000 ns/op
WorkloadJitting  1: 1 op, 30305900.00 ns, 30.3059 ms/op

OverheadJitting  2: 16 op, 600.00 ns, 37.5000 ns/op
WorkloadJitting  2: 16 op, 429153000.00 ns, 26.8221 ms/op

WorkloadPilot    1: 16 op, 435872200.00 ns, 27.2420 ms/op
WorkloadPilot    2: 32 op, 850422000.00 ns, 26.5757 ms/op

OverheadWarmup   1: 32 op, 800.00 ns, 25.0000 ns/op
OverheadWarmup   2: 32 op, 600.00 ns, 18.7500 ns/op
OverheadWarmup   3: 32 op, 500.00 ns, 15.6250 ns/op
OverheadWarmup   4: 32 op, 600.00 ns, 18.7500 ns/op
OverheadWarmup   5: 32 op, 600.00 ns, 18.7500 ns/op
OverheadWarmup   6: 32 op, 500.00 ns, 15.6250 ns/op
OverheadWarmup   7: 32 op, 500.00 ns, 15.6250 ns/op

OverheadActual   1: 32 op, 400.00 ns, 12.5000 ns/op
OverheadActual   2: 32 op, 600.00 ns, 18.7500 ns/op
OverheadActual   3: 32 op, 600.00 ns, 18.7500 ns/op
OverheadActual   4: 32 op, 500.00 ns, 15.6250 ns/op
OverheadActual   5: 32 op, 600.00 ns, 18.7500 ns/op
OverheadActual   6: 32 op, 700.00 ns, 21.8750 ns/op
OverheadActual   7: 32 op, 400.00 ns, 12.5000 ns/op
OverheadActual   8: 32 op, 400.00 ns, 12.5000 ns/op
OverheadActual   9: 32 op, 500.00 ns, 15.6250 ns/op
OverheadActual  10: 32 op, 400.00 ns, 12.5000 ns/op
OverheadActual  11: 32 op, 500.00 ns, 15.6250 ns/op
OverheadActual  12: 32 op, 400.00 ns, 12.5000 ns/op
OverheadActual  13: 32 op, 400.00 ns, 12.5000 ns/op
OverheadActual  14: 32 op, 400.00 ns, 12.5000 ns/op
OverheadActual  15: 32 op, 400.00 ns, 12.5000 ns/op
OverheadActual  16: 32 op, 400.00 ns, 12.5000 ns/op
OverheadActual  17: 32 op, 500.00 ns, 15.6250 ns/op
OverheadActual  18: 32 op, 400.00 ns, 12.5000 ns/op
OverheadActual  19: 32 op, 500.00 ns, 15.6250 ns/op
OverheadActual  20: 32 op, 500.00 ns, 15.6250 ns/op

WorkloadWarmup   1: 32 op, 881041300.00 ns, 27.5325 ms/op

WorkloadActual   1: 32 op, 846681600.00 ns, 26.4588 ms/op
WorkloadActual   2: 32 op, 889586000.00 ns, 27.7996 ms/op
WorkloadActual   3: 32 op, 857328500.00 ns, 26.7915 ms/op

WorkloadResult   1: 32 op, 846681150.00 ns, 26.4588 ms/op
WorkloadResult   2: 32 op, 889585550.00 ns, 27.7995 ms/op
WorkloadResult   3: 32 op, 857328050.00 ns, 26.7915 ms/op


Mean = 27.017 ms, StdErr = 0.403 ms (1.49%), N = 3, StdDev = 0.698 ms
Min = 26.459 ms, Q1 = 26.625 ms, Median = 26.792 ms, Q3 = 27.296 ms, Max = 27.800 ms
IQR = 0.670 ms, LowerFence = 25.620 ms, UpperFence = 28.301 ms
ConfidenceInterval = [14.280 ms; 39.754 ms] (CI 99.9%), Margin = 12.737 ms (47.14% of Mean)
Skewness = 0.29, Kurtosis = 0.67, MValue = 2

// ** Remained 9 (32.1%) benchmark(s) to run. Estimated finish 2026-09-09 16:18 (0h 0m from now) **
Setup power plan (GUID: 8c5e7fda-e8bf-4a96-9a85-a6e23a8c635c FriendlyName: High performance)
// **************************
// Benchmark: CardBattleEngineBenchmark.EngineIterateActions: Job-OSEKEE(Toolchain=InProcessNoEmitToolchain, IterationCount=3, LaunchCount=1, WarmupCount=1) [EntityCount=5, MaxDepth=4]
// *** Execute ***
// Launch: 1 / 1

// Benchmark Process Environment Information:
// BenchmarkDotNet v0.15.8
// Runtime=.NET 8.0.28 (8.0.28, 8.0.2826.26413), X64 RyuJIT x86-64-v3
// GC=Concurrent Workstation
// HardwareIntrinsics=AVX2+BMI1+BMI2+F16C+FMA+LZCNT+MOVBE,AVX,SSE3+SSSE3+SSE4.1+SSE4.2+POPCNT,X86Base+SSE+SSE2,AES+PCLMUL,AvxVnni,SERIALIZE VectorSize=256
// Job: Job-OSEKEE(Toolchain=InProcessNoEmitToolchain, IterationCount=3, LaunchCount=1, WarmupCount=1)

OverheadJitting  1: 1 op, 400.00 ns, 400.0000 ns/op
WorkloadJitting  1: 1 op, 38258600.00 ns, 38.2586 ms/op

WorkloadPilot    1: 2 op, 71310500.00 ns, 35.6553 ms/op
WorkloadPilot    2: 3 op, 114231100.00 ns, 38.0770 ms/op
WorkloadPilot    3: 4 op, 164170200.00 ns, 41.0426 ms/op
WorkloadPilot    4: 5 op, 232555600.00 ns, 46.5111 ms/op
WorkloadPilot    5: 6 op, 238220200.00 ns, 39.7034 ms/op
WorkloadPilot    6: 7 op, 307639600.00 ns, 43.9485 ms/op
WorkloadPilot    7: 8 op, 311869300.00 ns, 38.9837 ms/op
WorkloadPilot    8: 9 op, 350503000.00 ns, 38.9448 ms/op
WorkloadPilot    9: 10 op, 353637300.00 ns, 35.3637 ms/op
WorkloadPilot   10: 11 op, 387293100.00 ns, 35.2085 ms/op
WorkloadPilot   11: 12 op, 491044700.00 ns, 40.9204 ms/op
WorkloadPilot   12: 13 op, 493365800.00 ns, 37.9512 ms/op
WorkloadPilot   13: 14 op, 524148500.00 ns, 37.4392 ms/op

WorkloadWarmup   1: 14 op, 502881700.00 ns, 35.9201 ms/op

WorkloadActual   1: 14 op, 627548400.00 ns, 44.8249 ms/op
WorkloadActual   2: 14 op, 520034600.00 ns, 37.1453 ms/op
WorkloadActual   3: 14 op, 516087100.00 ns, 36.8634 ms/op

WorkloadResult   1: 14 op, 627548400.00 ns, 44.8249 ms/op
WorkloadResult   2: 14 op, 520034600.00 ns, 37.1453 ms/op
WorkloadResult   3: 14 op, 516087100.00 ns, 36.8634 ms/op


Mean = 39.611 ms, StdErr = 2.608 ms (6.58%), N = 3, StdDev = 4.517 ms
Min = 36.863 ms, Q1 = 37.004 ms, Median = 37.145 ms, Q3 = 40.985 ms, Max = 44.825 ms
IQR = 3.981 ms, LowerFence = 31.033 ms, UpperFence = 46.956 ms
ConfidenceInterval = [-42.803 ms; 122.025 ms] (CI 99.9%), Margin = 82.414 ms (208.06% of Mean)
Skewness = 0.38, Kurtosis = 0.67, MValue = 2

// ** Remained 8 (28.6%) benchmark(s) to run. Estimated finish 2026-09-09 16:18 (0h 0m from now) **
Setup power plan (GUID: 8c5e7fda-e8bf-4a96-9a85-a6e23a8c635c FriendlyName: High performance)
// **************************
// Benchmark: CardBattleEngineBenchmark.EngineIterateActions: Job-OSEKEE(Toolchain=InProcessNoEmitToolchain, IterationCount=3, LaunchCount=1, WarmupCount=1) [EntityCount=6, MaxDepth=1]
// *** Execute ***
// Launch: 1 / 1

// Benchmark Process Environment Information:
// BenchmarkDotNet v0.15.8
// Runtime=.NET 8.0.28 (8.0.28, 8.0.2826.26413), X64 RyuJIT x86-64-v3
// GC=Concurrent Workstation
// HardwareIntrinsics=AVX2+BMI1+BMI2+F16C+FMA+LZCNT+MOVBE,AVX,SSE3+SSSE3+SSE4.1+SSE4.2+POPCNT,X86Base+SSE+SSE2,AES+PCLMUL,AvxVnni,SERIALIZE VectorSize=256
// Job: Job-OSEKEE(Toolchain=InProcessNoEmitToolchain, IterationCount=3, LaunchCount=1, WarmupCount=1)

OverheadJitting  1: 1 op, 500.00 ns, 500.0000 ns/op
WorkloadJitting  1: 1 op, 2064600.00 ns, 2.0646 ms/op

OverheadJitting  2: 16 op, 700.00 ns, 43.7500 ns/op
WorkloadJitting  2: 16 op, 36687600.00 ns, 2.2930 ms/op

WorkloadPilot    1: 16 op, 34312800.00 ns, 2.1446 ms/op
WorkloadPilot    2: 32 op, 69251100.00 ns, 2.1641 ms/op
WorkloadPilot    3: 64 op, 142547700.00 ns, 2.2273 ms/op
WorkloadPilot    4: 128 op, 339624100.00 ns, 2.6533 ms/op
WorkloadPilot    5: 256 op, 585009800.00 ns, 2.2852 ms/op

OverheadWarmup   1: 256 op, 1100.00 ns, 4.2969 ns/op
OverheadWarmup   2: 256 op, 1200.00 ns, 4.6875 ns/op
OverheadWarmup   3: 256 op, 1200.00 ns, 4.6875 ns/op
OverheadWarmup   4: 256 op, 1300.00 ns, 5.0781 ns/op
OverheadWarmup   5: 256 op, 1100.00 ns, 4.2969 ns/op

OverheadActual   1: 256 op, 1200.00 ns, 4.6875 ns/op
OverheadActual   2: 256 op, 1000.00 ns, 3.9063 ns/op
OverheadActual   3: 256 op, 900.00 ns, 3.5156 ns/op
OverheadActual   4: 256 op, 1100.00 ns, 4.2969 ns/op
OverheadActual   5: 256 op, 1300.00 ns, 5.0781 ns/op
OverheadActual   6: 256 op, 1200.00 ns, 4.6875 ns/op
OverheadActual   7: 256 op, 1200.00 ns, 4.6875 ns/op
OverheadActual   8: 256 op, 1100.00 ns, 4.2969 ns/op
OverheadActual   9: 256 op, 1100.00 ns, 4.2969 ns/op
OverheadActual  10: 256 op, 1100.00 ns, 4.2969 ns/op
OverheadActual  11: 256 op, 1100.00 ns, 4.2969 ns/op
OverheadActual  12: 256 op, 1100.00 ns, 4.2969 ns/op
OverheadActual  13: 256 op, 1100.00 ns, 4.2969 ns/op
OverheadActual  14: 256 op, 1100.00 ns, 4.2969 ns/op
OverheadActual  15: 256 op, 1200.00 ns, 4.6875 ns/op
OverheadActual  16: 256 op, 1100.00 ns, 4.2969 ns/op
OverheadActual  17: 256 op, 1100.00 ns, 4.2969 ns/op
OverheadActual  18: 256 op, 1200.00 ns, 4.6875 ns/op
OverheadActual  19: 256 op, 1200.00 ns, 4.6875 ns/op
OverheadActual  20: 256 op, 1100.00 ns, 4.2969 ns/op

WorkloadWarmup   1: 256 op, 555174600.00 ns, 2.1687 ms/op

WorkloadActual   1: 256 op, 541139000.00 ns, 2.1138 ms/op
WorkloadActual   2: 256 op, 614938800.00 ns, 2.4021 ms/op
WorkloadActual   3: 256 op, 554815100.00 ns, 2.1672 ms/op

WorkloadResult   1: 256 op, 541137900.00 ns, 2.1138 ms/op
WorkloadResult   2: 256 op, 614937700.00 ns, 2.4021 ms/op
WorkloadResult   3: 256 op, 554814000.00 ns, 2.1672 ms/op


Mean = 2.228 ms, StdErr = 0.089 ms (3.97%), N = 3, StdDev = 0.153 ms
Min = 2.114 ms, Q1 = 2.141 ms, Median = 2.167 ms, Q3 = 2.285 ms, Max = 2.402 ms
IQR = 0.144 ms, LowerFence = 1.924 ms, UpperFence = 2.501 ms
ConfidenceInterval = [-0.570 ms; 5.026 ms] (CI 99.9%), Margin = 2.798 ms (125.59% of Mean)
Skewness = 0.33, Kurtosis = 0.67, MValue = 2

// ** Remained 7 (25.0%) benchmark(s) to run. Estimated finish 2026-09-09 16:18 (0h 0m from now) **
Setup power plan (GUID: 8c5e7fda-e8bf-4a96-9a85-a6e23a8c635c FriendlyName: High performance)
// **************************
// Benchmark: CardBattleEngineBenchmark.EngineIterateActions: Job-OSEKEE(Toolchain=InProcessNoEmitToolchain, IterationCount=3, LaunchCount=1, WarmupCount=1) [EntityCount=6, MaxDepth=2]
// *** Execute ***
// Launch: 1 / 1

// Benchmark Process Environment Information:
// BenchmarkDotNet v0.15.8
// Runtime=.NET 8.0.28 (8.0.28, 8.0.2826.26413), X64 RyuJIT x86-64-v3
// GC=Concurrent Workstation
// HardwareIntrinsics=AVX2+BMI1+BMI2+F16C+FMA+LZCNT+MOVBE,AVX,SSE3+SSSE3+SSE4.1+SSE4.2+POPCNT,X86Base+SSE+SSE2,AES+PCLMUL,AvxVnni,SERIALIZE VectorSize=256
// Job: Job-OSEKEE(Toolchain=InProcessNoEmitToolchain, IterationCount=3, LaunchCount=1, WarmupCount=1)

OverheadJitting  1: 1 op, 200.00 ns, 200.0000 ns/op
WorkloadJitting  1: 1 op, 22495400.00 ns, 22.4954 ms/op

OverheadJitting  2: 16 op, 600.00 ns, 37.5000 ns/op
WorkloadJitting  2: 16 op, 355095900.00 ns, 22.1935 ms/op

WorkloadPilot    1: 16 op, 400337100.00 ns, 25.0211 ms/op
WorkloadPilot    2: 32 op, 730387800.00 ns, 22.8246 ms/op

OverheadWarmup   1: 32 op, 700.00 ns, 21.8750 ns/op
OverheadWarmup   2: 32 op, 600.00 ns, 18.7500 ns/op
OverheadWarmup   3: 32 op, 600.00 ns, 18.7500 ns/op
OverheadWarmup   4: 32 op, 400.00 ns, 12.5000 ns/op
OverheadWarmup   5: 32 op, 300.00 ns, 9.3750 ns/op
OverheadWarmup   6: 32 op, 400.00 ns, 12.5000 ns/op
OverheadWarmup   7: 32 op, 400.00 ns, 12.5000 ns/op

OverheadActual   1: 32 op, 400.00 ns, 12.5000 ns/op
OverheadActual   2: 32 op, 500.00 ns, 15.6250 ns/op
OverheadActual   3: 32 op, 300.00 ns, 9.3750 ns/op
OverheadActual   4: 32 op, 300.00 ns, 9.3750 ns/op
OverheadActual   5: 32 op, 300.00 ns, 9.3750 ns/op
OverheadActual   6: 32 op, 700.00 ns, 21.8750 ns/op
OverheadActual   7: 32 op, 600.00 ns, 18.7500 ns/op
OverheadActual   8: 32 op, 500.00 ns, 15.6250 ns/op
OverheadActual   9: 32 op, 500.00 ns, 15.6250 ns/op
OverheadActual  10: 32 op, 500.00 ns, 15.6250 ns/op
OverheadActual  11: 32 op, 500.00 ns, 15.6250 ns/op
OverheadActual  12: 32 op, 500.00 ns, 15.6250 ns/op
OverheadActual  13: 32 op, 500.00 ns, 15.6250 ns/op
OverheadActual  14: 32 op, 600.00 ns, 18.7500 ns/op
OverheadActual  15: 32 op, 500.00 ns, 15.6250 ns/op
OverheadActual  16: 32 op, 600.00 ns, 18.7500 ns/op
OverheadActual  17: 32 op, 500.00 ns, 15.6250 ns/op
OverheadActual  18: 32 op, 600.00 ns, 18.7500 ns/op
OverheadActual  19: 32 op, 500.00 ns, 15.6250 ns/op
OverheadActual  20: 32 op, 500.00 ns, 15.6250 ns/op

WorkloadWarmup   1: 32 op, 800907700.00 ns, 25.0284 ms/op

WorkloadActual   1: 32 op, 717118400.00 ns, 22.4100 ms/op
WorkloadActual   2: 32 op, 792572200.00 ns, 24.7679 ms/op
WorkloadActual   3: 32 op, 689047800.00 ns, 21.5327 ms/op

WorkloadResult   1: 32 op, 717117900.00 ns, 22.4099 ms/op
WorkloadResult   2: 32 op, 792571700.00 ns, 24.7679 ms/op
WorkloadResult   3: 32 op, 689047300.00 ns, 21.5327 ms/op


Mean = 22.904 ms, StdErr = 0.966 ms (4.22%), N = 3, StdDev = 1.673 ms
Min = 21.533 ms, Q1 = 21.971 ms, Median = 22.410 ms, Q3 = 23.589 ms, Max = 24.768 ms
IQR = 1.618 ms, LowerFence = 19.545 ms, UpperFence = 26.015 ms
ConfidenceInterval = [-7.620 ms; 53.427 ms] (CI 99.9%), Margin = 30.523 ms (133.27% of Mean)
Skewness = 0.27, Kurtosis = 0.67, MValue = 2

// ** Remained 6 (21.4%) benchmark(s) to run. Estimated finish 2026-09-09 16:18 (0h 0m from now) **
Setup power plan (GUID: 8c5e7fda-e8bf-4a96-9a85-a6e23a8c635c FriendlyName: High performance)
// **************************
// Benchmark: CardBattleEngineBenchmark.EngineIterateActions: Job-OSEKEE(Toolchain=InProcessNoEmitToolchain, IterationCount=3, LaunchCount=1, WarmupCount=1) [EntityCount=6, MaxDepth=3]
// *** Execute ***
// Launch: 1 / 1

// Benchmark Process Environment Information:
// BenchmarkDotNet v0.15.8
// Runtime=.NET 8.0.28 (8.0.28, 8.0.2826.26413), X64 RyuJIT x86-64-v3
// GC=Concurrent Workstation
// HardwareIntrinsics=AVX2+BMI1+BMI2+F16C+FMA+LZCNT+MOVBE,AVX,SSE3+SSSE3+SSE4.1+SSE4.2+POPCNT,X86Base+SSE+SSE2,AES+PCLMUL,AvxVnni,SERIALIZE VectorSize=256
// Job: Job-OSEKEE(Toolchain=InProcessNoEmitToolchain, IterationCount=3, LaunchCount=1, WarmupCount=1)

OverheadJitting  1: 1 op, 200.00 ns, 200.0000 ns/op
WorkloadJitting  1: 1 op, 59388400.00 ns, 59.3884 ms/op

WorkloadPilot    1: 2 op, 112225900.00 ns, 56.1130 ms/op
WorkloadPilot    2: 3 op, 205253600.00 ns, 68.4179 ms/op
WorkloadPilot    3: 4 op, 273204300.00 ns, 68.3011 ms/op
WorkloadPilot    4: 5 op, 306671900.00 ns, 61.3344 ms/op
WorkloadPilot    5: 6 op, 411168200.00 ns, 68.5280 ms/op
WorkloadPilot    6: 7 op, 451476300.00 ns, 64.4966 ms/op
WorkloadPilot    7: 8 op, 514351700.00 ns, 64.2940 ms/op

WorkloadWarmup   1: 8 op, 509119000.00 ns, 63.6399 ms/op

WorkloadActual   1: 8 op, 461945700.00 ns, 57.7432 ms/op
WorkloadActual   2: 8 op, 451416500.00 ns, 56.4271 ms/op
WorkloadActual   3: 8 op, 463573700.00 ns, 57.9467 ms/op

WorkloadResult   1: 8 op, 461945700.00 ns, 57.7432 ms/op
WorkloadResult   2: 8 op, 451416500.00 ns, 56.4271 ms/op
WorkloadResult   3: 8 op, 463573700.00 ns, 57.9467 ms/op


Mean = 57.372 ms, StdErr = 0.476 ms (0.83%), N = 3, StdDev = 0.825 ms
Min = 56.427 ms, Q1 = 57.085 ms, Median = 57.743 ms, Q3 = 57.845 ms, Max = 57.947 ms
IQR = 0.760 ms, LowerFence = 55.945 ms, UpperFence = 58.985 ms
ConfidenceInterval = [42.323 ms; 72.422 ms] (CI 99.9%), Margin = 15.050 ms (26.23% of Mean)
Skewness = -0.36, Kurtosis = 0.67, MValue = 2

// ** Remained 5 (17.9%) benchmark(s) to run. Estimated finish 2026-09-09 16:18 (0h 0m from now) **
Setup power plan (GUID: 8c5e7fda-e8bf-4a96-9a85-a6e23a8c635c FriendlyName: High performance)
// **************************
// Benchmark: CardBattleEngineBenchmark.EngineIterateActions: Job-OSEKEE(Toolchain=InProcessNoEmitToolchain, IterationCount=3, LaunchCount=1, WarmupCount=1) [EntityCount=6, MaxDepth=4]
// *** Execute ***
// Launch: 1 / 1

// Benchmark Process Environment Information:
// BenchmarkDotNet v0.15.8
// Runtime=.NET 8.0.28 (8.0.28, 8.0.2826.26413), X64 RyuJIT x86-64-v3
// GC=Concurrent Workstation
// HardwareIntrinsics=AVX2+BMI1+BMI2+F16C+FMA+LZCNT+MOVBE,AVX,SSE3+SSSE3+SSE4.1+SSE4.2+POPCNT,X86Base+SSE+SSE2,AES+PCLMUL,AvxVnni,SERIALIZE VectorSize=256
// Job: Job-OSEKEE(Toolchain=InProcessNoEmitToolchain, IterationCount=3, LaunchCount=1, WarmupCount=1)

OverheadJitting  1: 1 op, 300.00 ns, 300.0000 ns/op
WorkloadJitting  1: 1 op, 92821000.00 ns, 92.8210 ms/op

WorkloadPilot    1: 2 op, 200342700.00 ns, 100.1714 ms/op
WorkloadPilot    2: 3 op, 254677000.00 ns, 84.8923 ms/op
WorkloadPilot    3: 4 op, 346602200.00 ns, 86.6506 ms/op
WorkloadPilot    4: 5 op, 512244500.00 ns, 102.4489 ms/op

WorkloadWarmup   1: 5 op, 437770800.00 ns, 87.5542 ms/op

WorkloadActual   1: 5 op, 435708900.00 ns, 87.1418 ms/op
WorkloadActual   2: 5 op, 471066400.00 ns, 94.2133 ms/op
WorkloadActual   3: 5 op, 478604400.00 ns, 95.7209 ms/op

WorkloadResult   1: 5 op, 435708900.00 ns, 87.1418 ms/op
WorkloadResult   2: 5 op, 471066400.00 ns, 94.2133 ms/op
WorkloadResult   3: 5 op, 478604400.00 ns, 95.7209 ms/op


Mean = 92.359 ms, StdErr = 2.644 ms (2.86%), N = 3, StdDev = 4.580 ms
Min = 87.142 ms, Q1 = 90.678 ms, Median = 94.213 ms, Q3 = 94.967 ms, Max = 95.721 ms
IQR = 4.290 ms, LowerFence = 84.243 ms, UpperFence = 101.401 ms
ConfidenceInterval = [8.795 ms; 175.922 ms] (CI 99.9%), Margin = 83.563 ms (90.48% of Mean)
Skewness = -0.34, Kurtosis = 0.67, MValue = 2

// ** Remained 4 (14.3%) benchmark(s) to run. Estimated finish 2026-09-09 16:18 (0h 0m from now) **
Setup power plan (GUID: 8c5e7fda-e8bf-4a96-9a85-a6e23a8c635c FriendlyName: High performance)
// **************************
// Benchmark: CardBattleEngineBenchmark.EngineIterateActions: Job-OSEKEE(Toolchain=InProcessNoEmitToolchain, IterationCount=3, LaunchCount=1, WarmupCount=1) [EntityCount=7, MaxDepth=1]
// *** Execute ***
// Launch: 1 / 1

// Benchmark Process Environment Information:
// BenchmarkDotNet v0.15.8
// Runtime=.NET 8.0.28 (8.0.28, 8.0.2826.26413), X64 RyuJIT x86-64-v3
// GC=Concurrent Workstation
// HardwareIntrinsics=AVX2+BMI1+BMI2+F16C+FMA+LZCNT+MOVBE,AVX,SSE3+SSSE3+SSE4.1+SSE4.2+POPCNT,X86Base+SSE+SSE2,AES+PCLMUL,AvxVnni,SERIALIZE VectorSize=256
// Job: Job-OSEKEE(Toolchain=InProcessNoEmitToolchain, IterationCount=3, LaunchCount=1, WarmupCount=1)

OverheadJitting  1: 1 op, 300.00 ns, 300.0000 ns/op
WorkloadJitting  1: 1 op, 2310400.00 ns, 2.3104 ms/op

OverheadJitting  2: 16 op, 500.00 ns, 31.2500 ns/op
WorkloadJitting  2: 16 op, 37689000.00 ns, 2.3556 ms/op

WorkloadPilot    1: 16 op, 36877000.00 ns, 2.3048 ms/op
WorkloadPilot    2: 32 op, 69526700.00 ns, 2.1727 ms/op
WorkloadPilot    3: 64 op, 142014900.00 ns, 2.2190 ms/op
WorkloadPilot    4: 128 op, 295337500.00 ns, 2.3073 ms/op
WorkloadPilot    5: 256 op, 647875200.00 ns, 2.5308 ms/op

OverheadWarmup   1: 256 op, 1700.00 ns, 6.6406 ns/op
OverheadWarmup   2: 256 op, 2000.00 ns, 7.8125 ns/op
OverheadWarmup   3: 256 op, 1300.00 ns, 5.0781 ns/op
OverheadWarmup   4: 256 op, 1200.00 ns, 4.6875 ns/op
OverheadWarmup   5: 256 op, 1200.00 ns, 4.6875 ns/op
OverheadWarmup   6: 256 op, 1200.00 ns, 4.6875 ns/op

OverheadActual   1: 256 op, 2600.00 ns, 10.1563 ns/op
OverheadActual   2: 256 op, 900.00 ns, 3.5156 ns/op
OverheadActual   3: 256 op, 900.00 ns, 3.5156 ns/op
OverheadActual   4: 256 op, 1000.00 ns, 3.9063 ns/op
OverheadActual   5: 256 op, 1000.00 ns, 3.9063 ns/op
OverheadActual   6: 256 op, 1100.00 ns, 4.2969 ns/op
OverheadActual   7: 256 op, 1100.00 ns, 4.2969 ns/op
OverheadActual   8: 256 op, 1100.00 ns, 4.2969 ns/op
OverheadActual   9: 256 op, 1100.00 ns, 4.2969 ns/op
OverheadActual  10: 256 op, 1000.00 ns, 3.9063 ns/op
OverheadActual  11: 256 op, 1100.00 ns, 4.2969 ns/op
OverheadActual  12: 256 op, 1100.00 ns, 4.2969 ns/op
OverheadActual  13: 256 op, 1100.00 ns, 4.2969 ns/op
OverheadActual  14: 256 op, 1100.00 ns, 4.2969 ns/op
OverheadActual  15: 256 op, 1000.00 ns, 3.9063 ns/op
OverheadActual  16: 256 op, 1100.00 ns, 4.2969 ns/op
OverheadActual  17: 256 op, 1000.00 ns, 3.9063 ns/op
OverheadActual  18: 256 op, 1100.00 ns, 4.2969 ns/op
OverheadActual  19: 256 op, 1100.00 ns, 4.2969 ns/op
OverheadActual  20: 256 op, 1000.00 ns, 3.9063 ns/op

WorkloadWarmup   1: 256 op, 611987100.00 ns, 2.3906 ms/op

WorkloadActual   1: 256 op, 649099200.00 ns, 2.5355 ms/op
WorkloadActual   2: 256 op, 647114900.00 ns, 2.5278 ms/op
WorkloadActual   3: 256 op, 625009400.00 ns, 2.4414 ms/op

WorkloadResult   1: 256 op, 649098100.00 ns, 2.5355 ms/op
WorkloadResult   2: 256 op, 647113800.00 ns, 2.5278 ms/op
WorkloadResult   3: 256 op, 625008300.00 ns, 2.4414 ms/op


Mean = 2.502 ms, StdErr = 0.030 ms (1.21%), N = 3, StdDev = 0.052 ms
Min = 2.441 ms, Q1 = 2.485 ms, Median = 2.528 ms, Q3 = 2.532 ms, Max = 2.536 ms
IQR = 0.047 ms, LowerFence = 2.414 ms, UpperFence = 2.602 ms
ConfidenceInterval = [1.549 ms; 3.455 ms] (CI 99.9%), Margin = 0.953 ms (38.09% of Mean)
Skewness = -0.38, Kurtosis = 0.67, MValue = 2

// ** Remained 3 (10.7%) benchmark(s) to run. Estimated finish 2026-09-09 16:18 (0h 0m from now) **
Setup power plan (GUID: 8c5e7fda-e8bf-4a96-9a85-a6e23a8c635c FriendlyName: High performance)
// **************************
// Benchmark: CardBattleEngineBenchmark.EngineIterateActions: Job-OSEKEE(Toolchain=InProcessNoEmitToolchain, IterationCount=3, LaunchCount=1, WarmupCount=1) [EntityCount=7, MaxDepth=2]
// *** Execute ***
// Launch: 1 / 1

// Benchmark Process Environment Information:
// BenchmarkDotNet v0.15.8
// Runtime=.NET 8.0.28 (8.0.28, 8.0.2826.26413), X64 RyuJIT x86-64-v3
// GC=Concurrent Workstation
// HardwareIntrinsics=AVX2+BMI1+BMI2+F16C+FMA+LZCNT+MOVBE,AVX,SSE3+SSSE3+SSE4.1+SSE4.2+POPCNT,X86Base+SSE+SSE2,AES+PCLMUL,AvxVnni,SERIALIZE VectorSize=256
// Job: Job-OSEKEE(Toolchain=InProcessNoEmitToolchain, IterationCount=3, LaunchCount=1, WarmupCount=1)

OverheadJitting  1: 1 op, 400.00 ns, 400.0000 ns/op
WorkloadJitting  1: 1 op, 26864300.00 ns, 26.8643 ms/op

OverheadJitting  2: 16 op, 600.00 ns, 37.5000 ns/op
WorkloadJitting  2: 16 op, 436734200.00 ns, 27.2959 ms/op

WorkloadPilot    1: 16 op, 445730000.00 ns, 27.8581 ms/op
WorkloadPilot    2: 32 op, 918743800.00 ns, 28.7107 ms/op

OverheadWarmup   1: 32 op, 1100.00 ns, 34.3750 ns/op
OverheadWarmup   2: 32 op, 400.00 ns, 12.5000 ns/op
OverheadWarmup   3: 32 op, 400.00 ns, 12.5000 ns/op
OverheadWarmup   4: 32 op, 600.00 ns, 18.7500 ns/op
OverheadWarmup   5: 32 op, 500.00 ns, 15.6250 ns/op
OverheadWarmup   6: 32 op, 500.00 ns, 15.6250 ns/op

OverheadActual   1: 32 op, 400.00 ns, 12.5000 ns/op
OverheadActual   2: 32 op, 400.00 ns, 12.5000 ns/op
OverheadActual   3: 32 op, 400.00 ns, 12.5000 ns/op
OverheadActual   4: 32 op, 500.00 ns, 15.6250 ns/op
OverheadActual   5: 32 op, 500.00 ns, 15.6250 ns/op
OverheadActual   6: 32 op, 500.00 ns, 15.6250 ns/op
OverheadActual   7: 32 op, 500.00 ns, 15.6250 ns/op
OverheadActual   8: 32 op, 400.00 ns, 12.5000 ns/op
OverheadActual   9: 32 op, 400.00 ns, 12.5000 ns/op
OverheadActual  10: 32 op, 400.00 ns, 12.5000 ns/op
OverheadActual  11: 32 op, 400.00 ns, 12.5000 ns/op
OverheadActual  12: 32 op, 500.00 ns, 15.6250 ns/op
OverheadActual  13: 32 op, 500.00 ns, 15.6250 ns/op
OverheadActual  14: 32 op, 300.00 ns, 9.3750 ns/op
OverheadActual  15: 32 op, 400.00 ns, 12.5000 ns/op
OverheadActual  16: 32 op, 400.00 ns, 12.5000 ns/op
OverheadActual  17: 32 op, 400.00 ns, 12.5000 ns/op
OverheadActual  18: 32 op, 500.00 ns, 15.6250 ns/op
OverheadActual  19: 32 op, 300.00 ns, 9.3750 ns/op
OverheadActual  20: 32 op, 500.00 ns, 15.6250 ns/op

WorkloadWarmup   1: 32 op, 914030000.00 ns, 28.5634 ms/op

WorkloadActual   1: 32 op, 931546100.00 ns, 29.1108 ms/op
WorkloadActual   2: 32 op, 904982100.00 ns, 28.2807 ms/op
WorkloadActual   3: 32 op, 969122200.00 ns, 30.2851 ms/op

WorkloadResult   1: 32 op, 931545700.00 ns, 29.1108 ms/op
WorkloadResult   2: 32 op, 904981700.00 ns, 28.2807 ms/op
WorkloadResult   3: 32 op, 969121800.00 ns, 30.2851 ms/op


Mean = 29.226 ms, StdErr = 0.581 ms (1.99%), N = 3, StdDev = 1.007 ms
Min = 28.281 ms, Q1 = 28.696 ms, Median = 29.111 ms, Q3 = 29.698 ms, Max = 30.285 ms
IQR = 1.002 ms, LowerFence = 27.192 ms, UpperFence = 31.201 ms
ConfidenceInterval = [10.852 ms; 47.599 ms] (CI 99.9%), Margin = 18.373 ms (62.87% of Mean)
Skewness = 0.11, Kurtosis = 0.67, MValue = 2

// ** Remained 2 (7.1%) benchmark(s) to run. Estimated finish 2026-09-09 16:18 (0h 0m from now) **
Setup power plan (GUID: 8c5e7fda-e8bf-4a96-9a85-a6e23a8c635c FriendlyName: High performance)
// **************************
// Benchmark: CardBattleEngineBenchmark.EngineIterateActions: Job-OSEKEE(Toolchain=InProcessNoEmitToolchain, IterationCount=3, LaunchCount=1, WarmupCount=1) [EntityCount=7, MaxDepth=3]
// *** Execute ***
// Launch: 1 / 1

// Benchmark Process Environment Information:
// BenchmarkDotNet v0.15.8
// Runtime=.NET 8.0.28 (8.0.28, 8.0.2826.26413), X64 RyuJIT x86-64-v3
// GC=Concurrent Workstation
// HardwareIntrinsics=AVX2+BMI1+BMI2+F16C+FMA+LZCNT+MOVBE,AVX,SSE3+SSSE3+SSE4.1+SSE4.2+POPCNT,X86Base+SSE+SSE2,AES+PCLMUL,AvxVnni,SERIALIZE VectorSize=256
// Job: Job-OSEKEE(Toolchain=InProcessNoEmitToolchain, IterationCount=3, LaunchCount=1, WarmupCount=1)

OverheadJitting  1: 1 op, 400.00 ns, 400.0000 ns/op
WorkloadJitting  1: 1 op, 92270900.00 ns, 92.2709 ms/op

WorkloadPilot    1: 2 op, 190026000.00 ns, 95.0130 ms/op
WorkloadPilot    2: 3 op, 272865400.00 ns, 90.9551 ms/op
WorkloadPilot    3: 4 op, 388568700.00 ns, 97.1422 ms/op
WorkloadPilot    4: 5 op, 530104800.00 ns, 106.0210 ms/op

WorkloadWarmup   1: 5 op, 573756000.00 ns, 114.7512 ms/op

WorkloadActual   1: 5 op, 615347100.00 ns, 123.0694 ms/op
WorkloadActual   2: 5 op, 579603200.00 ns, 115.9206 ms/op
WorkloadActual   3: 5 op, 610311500.00 ns, 122.0623 ms/op

WorkloadResult   1: 5 op, 615347100.00 ns, 123.0694 ms/op
WorkloadResult   2: 5 op, 579603200.00 ns, 115.9206 ms/op
WorkloadResult   3: 5 op, 610311500.00 ns, 122.0623 ms/op


Mean = 120.351 ms, StdErr = 2.234 ms (1.86%), N = 3, StdDev = 3.870 ms
Min = 115.921 ms, Q1 = 118.991 ms, Median = 122.062 ms, Q3 = 122.566 ms, Max = 123.069 ms
IQR = 3.574 ms, LowerFence = 113.630 ms, UpperFence = 127.927 ms
ConfidenceInterval = [49.756 ms; 190.945 ms] (CI 99.9%), Margin = 70.595 ms (58.66% of Mean)
Skewness = -0.36, Kurtosis = 0.67, MValue = 2

// ** Remained 1 (3.6%) benchmark(s) to run. Estimated finish 2026-09-09 16:18 (0h 0m from now) **
Setup power plan (GUID: 8c5e7fda-e8bf-4a96-9a85-a6e23a8c635c FriendlyName: High performance)
// **************************
// Benchmark: CardBattleEngineBenchmark.EngineIterateActions: Job-OSEKEE(Toolchain=InProcessNoEmitToolchain, IterationCount=3, LaunchCount=1, WarmupCount=1) [EntityCount=7, MaxDepth=4]
// *** Execute ***
// Launch: 1 / 1

// Benchmark Process Environment Information:
// BenchmarkDotNet v0.15.8
// Runtime=.NET 8.0.28 (8.0.28, 8.0.2826.26413), X64 RyuJIT x86-64-v3
// GC=Concurrent Workstation
// HardwareIntrinsics=AVX2+BMI1+BMI2+F16C+FMA+LZCNT+MOVBE,AVX,SSE3+SSSE3+SSE4.1+SSE4.2+POPCNT,X86Base+SSE+SSE2,AES+PCLMUL,AvxVnni,SERIALIZE VectorSize=256
// Job: Job-OSEKEE(Toolchain=InProcessNoEmitToolchain, IterationCount=3, LaunchCount=1, WarmupCount=1)

OverheadJitting  1: 1 op, 700.00 ns, 700.0000 ns/op
WorkloadJitting  1: 1 op, 206691800.00 ns, 206.6918 ms/op

WorkloadPilot    1: 2 op, 360050200.00 ns, 180.0251 ms/op
WorkloadPilot    2: 3 op, 626680700.00 ns, 208.8936 ms/op

WorkloadWarmup   1: 3 op, 508276000.00 ns, 169.4253 ms/op

WorkloadActual   1: 3 op, 510092500.00 ns, 170.0308 ms/op
WorkloadActual   2: 3 op, 528131700.00 ns, 176.0439 ms/op
WorkloadActual   3: 3 op, 517587900.00 ns, 172.5293 ms/op

WorkloadResult   1: 3 op, 510092500.00 ns, 170.0308 ms/op
WorkloadResult   2: 3 op, 528131700.00 ns, 176.0439 ms/op
WorkloadResult   3: 3 op, 517587900.00 ns, 172.5293 ms/op


Mean = 172.868 ms, StdErr = 1.744 ms (1.01%), N = 3, StdDev = 3.021 ms
Min = 170.031 ms, Q1 = 171.280 ms, Median = 172.529 ms, Q3 = 174.287 ms, Max = 176.044 ms
IQR = 3.007 ms, LowerFence = 166.770 ms, UpperFence = 178.796 ms
ConfidenceInterval = [117.757 ms; 227.979 ms] (CI 99.9%), Margin = 55.111 ms (31.88% of Mean)
Skewness = 0.11, Kurtosis = 0.67, MValue = 2

// ** Remained 0 (0.0%) benchmark(s) to run. Estimated finish 2026-09-09 16:18 (0h 0m from now) **
Successfully reverted power plan (GUID: 381b4222-f694-41f0-9685-ff5bb260df2e FriendlyName: Balanced)
// ***** BenchmarkRunner: Finish  *****

// * Export *
  BenchmarkDotNet.Artifacts\results\MyBenchmarks.CardBattleEngineBenchmark-report.csv
  BenchmarkDotNet.Artifacts\results\MyBenchmarks.CardBattleEngineBenchmark-report-github.md
  BenchmarkDotNet.Artifacts\results\MyBenchmarks.CardBattleEngineBenchmark-report.html

// * Detailed results *
CardBattleEngineBenchmark.EngineIterateActions: Job-OSEKEE(Toolchain=InProcessNoEmitToolchain, IterationCount=3, LaunchCount=1, WarmupCount=1) [EntityCount=1, MaxDepth=1]
Runtime = ; GC = 
Mean = 71.586 μs, StdErr = 2.818 μs (3.94%), N = 3, StdDev = 4.881 μs
Min = 66.978 μs, Q1 = 69.029 μs, Median = 71.080 μs, Q3 = 73.890 μs, Max = 76.700 μs
IQR = 4.861 μs, LowerFence = 61.738 μs, UpperFence = 81.182 μs
ConfidenceInterval = [-17.455 μs; 160.627 μs] (CI 99.9%), Margin = 89.041 μs (124.38% of Mean)
Skewness = 0.1, Kurtosis = 0.67, MValue = 2
-------------------- Histogram --------------------
[64.588 μs ; 73.471 μs) | @@
[73.471 μs ; 81.142 μs) | @
---------------------------------------------------

CardBattleEngineBenchmark.EngineIterateActions: Job-OSEKEE(Toolchain=InProcessNoEmitToolchain, IterationCount=3, LaunchCount=1, WarmupCount=1) [EntityCount=1, MaxDepth=2]
Runtime = ; GC = 
Mean = 111.478 μs, StdErr = 7.223 μs (6.48%), N = 3, StdDev = 12.511 μs
Min = 97.072 μs, Q1 = 107.405 μs, Median = 117.738 μs, Q3 = 118.681 μs, Max = 119.624 μs
IQR = 11.276 μs, LowerFence = 90.491 μs, UpperFence = 135.594 μs
ConfidenceInterval = [-116.777 μs; 339.733 μs] (CI 99.9%), Margin = 228.255 μs (204.75% of Mean)
Skewness = -0.38, Kurtosis = 0.67, MValue = 2
-------------------- Histogram --------------------
[96.962 μs ; 119.734 μs) | @@@
---------------------------------------------------

CardBattleEngineBenchmark.EngineIterateActions: Job-OSEKEE(Toolchain=InProcessNoEmitToolchain, IterationCount=3, LaunchCount=1, WarmupCount=1) [EntityCount=1, MaxDepth=3]
Runtime = ; GC = 
Mean = 185.606 μs, StdErr = 6.396 μs (3.45%), N = 3, StdDev = 11.078 μs
Min = 173.996 μs, Q1 = 180.378 μs, Median = 186.759 μs, Q3 = 191.411 μs, Max = 196.063 μs
IQR = 11.033 μs, LowerFence = 163.828 μs, UpperFence = 207.960 μs
ConfidenceInterval = [-16.503 μs; 387.714 μs] (CI 99.9%), Margin = 202.109 μs (108.89% of Mean)
Skewness = -0.1, Kurtosis = 0.67, MValue = 2
-------------------- Histogram --------------------
[163.915 μs ; 181.329 μs) | @
[181.329 μs ; 201.492 μs) | @@
---------------------------------------------------

CardBattleEngineBenchmark.EngineIterateActions: Job-OSEKEE(Toolchain=InProcessNoEmitToolchain, IterationCount=3, LaunchCount=1, WarmupCount=1) [EntityCount=1, MaxDepth=4]
Runtime = ; GC = 
Mean = 240.947 μs, StdErr = 3.151 μs (1.31%), N = 3, StdDev = 5.457 μs
Min = 234.783 μs, Q1 = 238.841 μs, Median = 242.899 μs, Q3 = 244.029 μs, Max = 245.159 μs
IQR = 5.188 μs, LowerFence = 231.059 μs, UpperFence = 251.812 μs
ConfidenceInterval = [141.394 μs; 340.500 μs] (CI 99.9%), Margin = 99.553 μs (41.32% of Mean)
Skewness = -0.31, Kurtosis = 0.67, MValue = 2
-------------------- Histogram --------------------
[229.817 μs ; 239.063 μs) | @
[239.063 μs ; 250.125 μs) | @@
---------------------------------------------------

CardBattleEngineBenchmark.EngineIterateActions: Job-OSEKEE(Toolchain=InProcessNoEmitToolchain, IterationCount=3, LaunchCount=1, WarmupCount=1) [EntityCount=2, MaxDepth=1]
Runtime = ; GC = 
Mean = 233.098 μs, StdErr = 15.174 μs (6.51%), N = 3, StdDev = 26.281 μs
Min = 215.553 μs, Q1 = 217.989 μs, Median = 220.425 μs, Q3 = 241.870 μs, Max = 263.314 μs
IQR = 23.880 μs, LowerFence = 182.169 μs, UpperFence = 277.690 μs
ConfidenceInterval = [-246.373 μs; 712.568 μs] (CI 99.9%), Margin = 479.471 μs (205.70% of Mean)
Skewness = 0.37, Kurtosis = 0.67, MValue = 2
-------------------- Histogram --------------------
[215.517 μs ; 263.351 μs) | @@@
---------------------------------------------------

CardBattleEngineBenchmark.EngineIterateActions: Job-OSEKEE(Toolchain=InProcessNoEmitToolchain, IterationCount=3, LaunchCount=1, WarmupCount=1) [EntityCount=2, MaxDepth=2]
Runtime = ; GC = 
Mean = 559.916 μs, StdErr = 21.900 μs (3.91%), N = 3, StdDev = 37.932 μs
Min = 530.430 μs, Q1 = 538.520 μs, Median = 546.611 μs, Q3 = 574.660 μs, Max = 602.708 μs
IQR = 36.139 μs, LowerFence = 484.312 μs, UpperFence = 628.869 μs
ConfidenceInterval = [-132.100 μs; 1,251.933 μs] (CI 99.9%), Margin = 692.017 μs (123.59% of Mean)
Skewness = 0.31, Kurtosis = 0.67, MValue = 2
-------------------- Histogram --------------------
[504.001 μs ; 573.040 μs) | @@
[573.040 μs ; 637.228 μs) | @
---------------------------------------------------

CardBattleEngineBenchmark.EngineIterateActions: Job-OSEKEE(Toolchain=InProcessNoEmitToolchain, IterationCount=3, LaunchCount=1, WarmupCount=1) [EntityCount=2, MaxDepth=3]
Runtime = ; GC = 
Mean = 1.043 ms, StdErr = 0.065 ms (6.20%), N = 3, StdDev = 0.112 ms
Min = 0.917 ms, Q1 = 0.999 ms, Median = 1.081 ms, Q3 = 1.106 ms, Max = 1.131 ms
IQR = 0.107 ms, LowerFence = 0.838 ms, UpperFence = 1.267 ms
ConfidenceInterval = [-1.002 ms; 3.087 ms] (CI 99.9%), Margin = 2.045 ms (196.06% of Mean)
Skewness = -0.3, Kurtosis = 0.67, MValue = 2
-------------------- Histogram --------------------
[0.815 ms ; 1.004 ms) | @
[1.004 ms ; 1.233 ms) | @@
---------------------------------------------------

CardBattleEngineBenchmark.EngineIterateActions: Job-OSEKEE(Toolchain=InProcessNoEmitToolchain, IterationCount=3, LaunchCount=1, WarmupCount=1) [EntityCount=2, MaxDepth=4]
Runtime = ; GC = 
Mean = 1.063 ms, StdErr = 0.044 ms (4.11%), N = 3, StdDev = 0.076 ms
Min = 0.982 ms, Q1 = 1.028 ms, Median = 1.074 ms, Q3 = 1.103 ms, Max = 1.132 ms
IQR = 0.075 ms, LowerFence = 0.916 ms, UpperFence = 1.216 ms
ConfidenceInterval = [-0.316 ms; 2.442 ms] (CI 99.9%), Margin = 1.379 ms (129.75% of Mean)
Skewness = -0.14, Kurtosis = 0.67, MValue = 2
-------------------- Histogram --------------------
[0.914 ms ; 1.034 ms) | @
[1.034 ms ; 1.172 ms) | @@
---------------------------------------------------

CardBattleEngineBenchmark.EngineIterateActions: Job-OSEKEE(Toolchain=InProcessNoEmitToolchain, IterationCount=3, LaunchCount=1, WarmupCount=1) [EntityCount=3, MaxDepth=1]
Runtime = ; GC = 
Mean = 480.856 μs, StdErr = 3.958 μs (0.82%), N = 3, StdDev = 6.855 μs
Min = 473.018 μs, Q1 = 478.416 μs, Median = 483.814 μs, Q3 = 484.774 μs, Max = 485.735 μs
IQR = 6.358 μs, LowerFence = 468.878 μs, UpperFence = 494.312 μs
ConfidenceInterval = [355.792 μs; 605.919 μs] (CI 99.9%), Margin = 125.064 μs (26.01% of Mean)
Skewness = -0.35, Kurtosis = 0.67, MValue = 2
-------------------- Histogram --------------------
[466.780 μs ; 478.536 μs) | @
[478.536 μs ; 491.973 μs) | @@
---------------------------------------------------

CardBattleEngineBenchmark.EngineIterateActions: Job-OSEKEE(Toolchain=InProcessNoEmitToolchain, IterationCount=3, LaunchCount=1, WarmupCount=1) [EntityCount=3, MaxDepth=2]
Runtime = ; GC = 
Mean = 1.824 ms, StdErr = 0.036 ms (1.97%), N = 3, StdDev = 0.062 ms
Min = 1.762 ms, Q1 = 1.793 ms, Median = 1.823 ms, Q3 = 1.855 ms, Max = 1.887 ms
IQR = 0.062 ms, LowerFence = 1.699 ms, UpperFence = 1.948 ms
ConfidenceInterval = [0.687 ms; 2.961 ms] (CI 99.9%), Margin = 1.137 ms (62.33% of Mean)
Skewness = 0.02, Kurtosis = 0.67, MValue = 2
-------------------- Histogram --------------------
[1.736 ms ; 1.849 ms) | @@
[1.849 ms ; 1.944 ms) | @
---------------------------------------------------

CardBattleEngineBenchmark.EngineIterateActions: Job-OSEKEE(Toolchain=InProcessNoEmitToolchain, IterationCount=3, LaunchCount=1, WarmupCount=1) [EntityCount=3, MaxDepth=3]
Runtime = ; GC = 
Mean = 2.556 ms, StdErr = 0.068 ms (2.64%), N = 3, StdDev = 0.117 ms
Min = 2.431 ms, Q1 = 2.502 ms, Median = 2.573 ms, Q3 = 2.618 ms, Max = 2.663 ms
IQR = 0.116 ms, LowerFence = 2.328 ms, UpperFence = 2.792 ms
ConfidenceInterval = [0.421 ms; 4.691 ms] (CI 99.9%), Margin = 2.135 ms (83.54% of Mean)
Skewness = -0.15, Kurtosis = 0.67, MValue = 2
-------------------- Histogram --------------------
[2.324 ms ; 2.512 ms) | @
[2.512 ms ; 2.725 ms) | @@
---------------------------------------------------

CardBattleEngineBenchmark.EngineIterateActions: Job-OSEKEE(Toolchain=InProcessNoEmitToolchain, IterationCount=3, LaunchCount=1, WarmupCount=1) [EntityCount=3, MaxDepth=4]
Runtime = ; GC = 
Mean = 3.640 ms, StdErr = 0.121 ms (3.33%), N = 3, StdDev = 0.210 ms
Min = 3.407 ms, Q1 = 3.552 ms, Median = 3.696 ms, Q3 = 3.756 ms, Max = 3.816 ms
IQR = 0.204 ms, LowerFence = 3.246 ms, UpperFence = 4.062 ms
ConfidenceInterval = [-0.190 ms; 7.469 ms] (CI 99.9%), Margin = 3.829 ms (105.21% of Mean)
Skewness = -0.25, Kurtosis = 0.67, MValue = 2
-------------------- Histogram --------------------
[3.216 ms ; 3.565 ms) | @
[3.565 ms ; 4.007 ms) | @@
---------------------------------------------------

CardBattleEngineBenchmark.EngineIterateActions: Job-OSEKEE(Toolchain=InProcessNoEmitToolchain, IterationCount=3, LaunchCount=1, WarmupCount=1) [EntityCount=4, MaxDepth=1]
Runtime = ; GC = 
Mean = 881.733 μs, StdErr = 8.978 μs (1.02%), N = 3, StdDev = 15.550 μs
Min = 870.994 μs, Q1 = 872.818 μs, Median = 874.642 μs, Q3 = 887.103 μs, Max = 899.565 μs
IQR = 14.285 μs, LowerFence = 851.390 μs, UpperFence = 908.531 μs
ConfidenceInterval = [598.052 μs; 1,165.415 μs] (CI 99.9%), Margin = 283.682 μs (32.17% of Mean)
Skewness = 0.36, Kurtosis = 0.67, MValue = 2
-------------------- Histogram --------------------
[856.843 μs ; 886.968 μs) | @@
[886.968 μs ; 913.715 μs) | @
---------------------------------------------------

CardBattleEngineBenchmark.EngineIterateActions: Job-OSEKEE(Toolchain=InProcessNoEmitToolchain, IterationCount=3, LaunchCount=1, WarmupCount=1) [EntityCount=4, MaxDepth=2]
Runtime = ; GC = 
Mean = 4.515 ms, StdErr = 0.138 ms (3.05%), N = 3, StdDev = 0.238 ms
Min = 4.269 ms, Q1 = 4.400 ms, Median = 4.531 ms, Q3 = 4.638 ms, Max = 4.744 ms
IQR = 0.238 ms, LowerFence = 4.043 ms, UpperFence = 4.995 ms
ConfidenceInterval = [0.167 ms; 8.863 ms] (CI 99.9%), Margin = 4.348 ms (96.30% of Mean)
Skewness = -0.07, Kurtosis = 0.67, MValue = 2
-------------------- Histogram --------------------
[4.052 ms ; 4.421 ms) | @
[4.421 ms ; 4.855 ms) | @@
---------------------------------------------------

CardBattleEngineBenchmark.EngineIterateActions: Job-OSEKEE(Toolchain=InProcessNoEmitToolchain, IterationCount=3, LaunchCount=1, WarmupCount=1) [EntityCount=4, MaxDepth=3]
Runtime = ; GC = 
Mean = 8.386 ms, StdErr = 0.414 ms (4.94%), N = 3, StdDev = 0.717 ms
Min = 7.698 ms, Q1 = 8.015 ms, Median = 8.331 ms, Q3 = 8.730 ms, Max = 9.129 ms
IQR = 0.715 ms, LowerFence = 6.941 ms, UpperFence = 9.803 ms
ConfidenceInterval = [-4.695 ms; 21.467 ms] (CI 99.9%), Margin = 13.081 ms (155.98% of Mean)
Skewness = 0.08, Kurtosis = 0.67, MValue = 2
-------------------- Histogram --------------------
[7.362 ms ; 8.667 ms) | @@
[8.667 ms ; 9.781 ms) | @
---------------------------------------------------

CardBattleEngineBenchmark.EngineIterateActions: Job-OSEKEE(Toolchain=InProcessNoEmitToolchain, IterationCount=3, LaunchCount=1, WarmupCount=1) [EntityCount=4, MaxDepth=4]
Runtime = ; GC = 
Mean = 12.652 ms, StdErr = 1.538 ms (12.16%), N = 3, StdDev = 2.665 ms
Min = 9.606 ms, Q1 = 11.701 ms, Median = 13.797 ms, Q3 = 14.175 ms, Max = 14.553 ms
IQR = 2.473 ms, LowerFence = 7.991 ms, UpperFence = 17.885 ms
ConfidenceInterval = [-35.961 ms; 61.265 ms] (CI 99.9%), Margin = 48.613 ms (384.23% of Mean)
Skewness = -0.35, Kurtosis = 0.67, MValue = 2
-------------------- Histogram --------------------
[ 7.181 ms ; 11.750 ms) | @
[11.750 ms ; 16.978 ms) | @@
---------------------------------------------------

CardBattleEngineBenchmark.EngineIterateActions: Job-OSEKEE(Toolchain=InProcessNoEmitToolchain, IterationCount=3, LaunchCount=1, WarmupCount=1) [EntityCount=5, MaxDepth=1]
Runtime = ; GC = 
Mean = 1.501 ms, StdErr = 0.031 ms (2.04%), N = 3, StdDev = 0.053 ms
Min = 1.450 ms, Q1 = 1.473 ms, Median = 1.497 ms, Q3 = 1.526 ms, Max = 1.555 ms
IQR = 0.053 ms, LowerFence = 1.394 ms, UpperFence = 1.606 ms
ConfidenceInterval = [0.534 ms; 2.467 ms] (CI 99.9%), Margin = 0.966 ms (64.39% of Mean)
Skewness = 0.07, Kurtosis = 0.67, MValue = 2
-------------------- Histogram --------------------
[1.425 ms ; 1.522 ms) | @@
[1.522 ms ; 1.603 ms) | @
---------------------------------------------------

CardBattleEngineBenchmark.EngineIterateActions: Job-OSEKEE(Toolchain=InProcessNoEmitToolchain, IterationCount=3, LaunchCount=1, WarmupCount=1) [EntityCount=5, MaxDepth=2]
Runtime = ; GC = 
Mean = 10.481 ms, StdErr = 0.291 ms (2.78%), N = 3, StdDev = 0.505 ms
Min = 10.185 ms, Q1 = 10.190 ms, Median = 10.194 ms, Q3 = 10.629 ms, Max = 11.064 ms
IQR = 0.439 ms, LowerFence = 9.531 ms, UpperFence = 11.288 ms
ConfidenceInterval = [1.274 ms; 19.688 ms] (CI 99.9%), Margin = 9.207 ms (87.85% of Mean)
Skewness = 0.38, Kurtosis = 0.67, MValue = 2
-------------------- Histogram --------------------
[10.165 ms ; 11.084 ms) | @@@
---------------------------------------------------

CardBattleEngineBenchmark.EngineIterateActions: Job-OSEKEE(Toolchain=InProcessNoEmitToolchain, IterationCount=3, LaunchCount=1, WarmupCount=1) [EntityCount=5, MaxDepth=3]
Runtime = ; GC = 
Mean = 27.017 ms, StdErr = 0.403 ms (1.49%), N = 3, StdDev = 0.698 ms
Min = 26.459 ms, Q1 = 26.625 ms, Median = 26.792 ms, Q3 = 27.296 ms, Max = 27.800 ms
IQR = 0.670 ms, LowerFence = 25.620 ms, UpperFence = 28.301 ms
ConfidenceInterval = [14.280 ms; 39.754 ms] (CI 99.9%), Margin = 12.737 ms (47.14% of Mean)
Skewness = 0.29, Kurtosis = 0.67, MValue = 2
-------------------- Histogram --------------------
[25.990 ms ; 27.260 ms) | @@
[27.260 ms ; 28.435 ms) | @
---------------------------------------------------

CardBattleEngineBenchmark.EngineIterateActions: Job-OSEKEE(Toolchain=InProcessNoEmitToolchain, IterationCount=3, LaunchCount=1, WarmupCount=1) [EntityCount=5, MaxDepth=4]
Runtime = ; GC = 
Mean = 39.611 ms, StdErr = 2.608 ms (6.58%), N = 3, StdDev = 4.517 ms
Min = 36.863 ms, Q1 = 37.004 ms, Median = 37.145 ms, Q3 = 40.985 ms, Max = 44.825 ms
IQR = 3.981 ms, LowerFence = 31.033 ms, UpperFence = 46.956 ms
ConfidenceInterval = [-42.803 ms; 122.025 ms] (CI 99.9%), Margin = 82.414 ms (208.06% of Mean)
Skewness = 0.38, Kurtosis = 0.67, MValue = 2
-------------------- Histogram --------------------
[36.733 ms ; 44.955 ms) | @@@
---------------------------------------------------

CardBattleEngineBenchmark.EngineIterateActions: Job-OSEKEE(Toolchain=InProcessNoEmitToolchain, IterationCount=3, LaunchCount=1, WarmupCount=1) [EntityCount=6, MaxDepth=1]
Runtime = ; GC = 
Mean = 2.228 ms, StdErr = 0.089 ms (3.97%), N = 3, StdDev = 0.153 ms
Min = 2.114 ms, Q1 = 2.141 ms, Median = 2.167 ms, Q3 = 2.285 ms, Max = 2.402 ms
IQR = 0.144 ms, LowerFence = 1.924 ms, UpperFence = 2.501 ms
ConfidenceInterval = [-0.570 ms; 5.026 ms] (CI 99.9%), Margin = 2.798 ms (125.59% of Mean)
Skewness = 0.33, Kurtosis = 0.67, MValue = 2
-------------------- Histogram --------------------
[1.974 ms ; 2.280 ms) | @@
[2.280 ms ; 2.542 ms) | @
---------------------------------------------------

CardBattleEngineBenchmark.EngineIterateActions: Job-OSEKEE(Toolchain=InProcessNoEmitToolchain, IterationCount=3, LaunchCount=1, WarmupCount=1) [EntityCount=6, MaxDepth=2]
Runtime = ; GC = 
Mean = 22.904 ms, StdErr = 0.966 ms (4.22%), N = 3, StdDev = 1.673 ms
Min = 21.533 ms, Q1 = 21.971 ms, Median = 22.410 ms, Q3 = 23.589 ms, Max = 24.768 ms
IQR = 1.618 ms, LowerFence = 19.545 ms, UpperFence = 26.015 ms
ConfidenceInterval = [-7.620 ms; 53.427 ms] (CI 99.9%), Margin = 30.523 ms (133.27% of Mean)
Skewness = 0.27, Kurtosis = 0.67, MValue = 2
-------------------- Histogram --------------------
[20.449 ms ; 23.494 ms) | @@
[23.494 ms ; 26.290 ms) | @
---------------------------------------------------

CardBattleEngineBenchmark.EngineIterateActions: Job-OSEKEE(Toolchain=InProcessNoEmitToolchain, IterationCount=3, LaunchCount=1, WarmupCount=1) [EntityCount=6, MaxDepth=3]
Runtime = ; GC = 
Mean = 57.372 ms, StdErr = 0.476 ms (0.83%), N = 3, StdDev = 0.825 ms
Min = 56.427 ms, Q1 = 57.085 ms, Median = 57.743 ms, Q3 = 57.845 ms, Max = 57.947 ms
IQR = 0.760 ms, LowerFence = 55.945 ms, UpperFence = 58.985 ms
ConfidenceInterval = [42.323 ms; 72.422 ms] (CI 99.9%), Margin = 15.050 ms (26.23% of Mean)
Skewness = -0.36, Kurtosis = 0.67, MValue = 2
-------------------- Histogram --------------------
[55.676 ms ; 57.094 ms) | @
[57.094 ms ; 58.697 ms) | @@
---------------------------------------------------

CardBattleEngineBenchmark.EngineIterateActions: Job-OSEKEE(Toolchain=InProcessNoEmitToolchain, IterationCount=3, LaunchCount=1, WarmupCount=1) [EntityCount=6, MaxDepth=4]
Runtime = ; GC = 
Mean = 92.359 ms, StdErr = 2.644 ms (2.86%), N = 3, StdDev = 4.580 ms
Min = 87.142 ms, Q1 = 90.678 ms, Median = 94.213 ms, Q3 = 94.967 ms, Max = 95.721 ms
IQR = 4.290 ms, LowerFence = 84.243 ms, UpperFence = 101.401 ms
ConfidenceInterval = [8.795 ms; 175.922 ms] (CI 99.9%), Margin = 83.563 ms (90.48% of Mean)
Skewness = -0.34, Kurtosis = 0.67, MValue = 2
-------------------- Histogram --------------------
[82.973 ms ; 90.799 ms) | @
[90.799 ms ; 99.889 ms) | @@
---------------------------------------------------

CardBattleEngineBenchmark.EngineIterateActions: Job-OSEKEE(Toolchain=InProcessNoEmitToolchain, IterationCount=3, LaunchCount=1, WarmupCount=1) [EntityCount=7, MaxDepth=1]
Runtime = ; GC = 
Mean = 2.502 ms, StdErr = 0.030 ms (1.21%), N = 3, StdDev = 0.052 ms
Min = 2.441 ms, Q1 = 2.485 ms, Median = 2.528 ms, Q3 = 2.532 ms, Max = 2.536 ms
IQR = 0.047 ms, LowerFence = 2.414 ms, UpperFence = 2.602 ms
ConfidenceInterval = [1.549 ms; 3.455 ms] (CI 99.9%), Margin = 0.953 ms (38.09% of Mean)
Skewness = -0.38, Kurtosis = 0.67, MValue = 2
-------------------- Histogram --------------------
[2.441 ms ; 2.536 ms) | @@@
---------------------------------------------------

CardBattleEngineBenchmark.EngineIterateActions: Job-OSEKEE(Toolchain=InProcessNoEmitToolchain, IterationCount=3, LaunchCount=1, WarmupCount=1) [EntityCount=7, MaxDepth=2]
Runtime = ; GC = 
Mean = 29.226 ms, StdErr = 0.581 ms (1.99%), N = 3, StdDev = 1.007 ms
Min = 28.281 ms, Q1 = 28.696 ms, Median = 29.111 ms, Q3 = 29.698 ms, Max = 30.285 ms
IQR = 1.002 ms, LowerFence = 27.192 ms, UpperFence = 31.201 ms
ConfidenceInterval = [10.852 ms; 47.599 ms] (CI 99.9%), Margin = 18.373 ms (62.87% of Mean)
Skewness = 0.11, Kurtosis = 0.67, MValue = 2
-------------------- Histogram --------------------
[27.779 ms ; 29.612 ms) | @@
[29.612 ms ; 31.202 ms) | @
---------------------------------------------------

CardBattleEngineBenchmark.EngineIterateActions: Job-OSEKEE(Toolchain=InProcessNoEmitToolchain, IterationCount=3, LaunchCount=1, WarmupCount=1) [EntityCount=7, MaxDepth=3]
Runtime = ; GC = 
Mean = 120.351 ms, StdErr = 2.234 ms (1.86%), N = 3, StdDev = 3.870 ms
Min = 115.921 ms, Q1 = 118.991 ms, Median = 122.062 ms, Q3 = 122.566 ms, Max = 123.069 ms
IQR = 3.574 ms, LowerFence = 113.630 ms, UpperFence = 127.927 ms
ConfidenceInterval = [49.756 ms; 190.945 ms] (CI 99.9%), Margin = 70.595 ms (58.66% of Mean)
Skewness = -0.36, Kurtosis = 0.67, MValue = 2
-------------------- Histogram --------------------
[112.399 ms ; 119.044 ms) | @
[119.044 ms ; 126.591 ms) | @@
---------------------------------------------------

CardBattleEngineBenchmark.EngineIterateActions: Job-OSEKEE(Toolchain=InProcessNoEmitToolchain, IterationCount=3, LaunchCount=1, WarmupCount=1) [EntityCount=7, MaxDepth=4]
Runtime = ; GC = 
Mean = 172.868 ms, StdErr = 1.744 ms (1.01%), N = 3, StdDev = 3.021 ms
Min = 170.031 ms, Q1 = 171.280 ms, Median = 172.529 ms, Q3 = 174.287 ms, Max = 176.044 ms
IQR = 3.007 ms, LowerFence = 166.770 ms, UpperFence = 178.796 ms
ConfidenceInterval = [117.757 ms; 227.979 ms] (CI 99.9%), Margin = 55.111 ms (31.88% of Mean)
Skewness = 0.11, Kurtosis = 0.67, MValue = 2
-------------------- Histogram --------------------
[168.531 ms ; 174.029 ms) | @@
[174.029 ms ; 178.793 ms) | @
---------------------------------------------------

// * Summary *

BenchmarkDotNet v0.15.8, Windows 11 (10.0.26200.9445/25H2/2025Update/HudsonValley2)
Intel Core Ultra 7 165H 1.40GHz, 1 CPU, 22 logical and 16 physical cores
.NET SDK 10.0.301
  [Host] : .NET 8.0.28 (8.0.28, 8.0.2826.26413), X64 RyuJIT x86-64-v3

Toolchain=InProcessNoEmitToolchain  IterationCount=3  LaunchCount=1  
WarmupCount=1  

| Method               | EntityCount | MaxDepth | Mean          | Error        | StdDev       |
|--------------------- |------------ |--------- |--------------:|-------------:|-------------:|
| EngineIterateActions | 1           | 1        |      71.59 μs |     89.04 μs |     4.881 μs |
| EngineIterateActions | 1           | 2        |     111.48 μs |    228.26 μs |    12.511 μs |
| EngineIterateActions | 1           | 3        |     185.61 μs |    202.11 μs |    11.078 μs |
| EngineIterateActions | 1           | 4        |     240.95 μs |     99.55 μs |     5.457 μs |
| EngineIterateActions | 2           | 1        |     233.10 μs |    479.47 μs |    26.281 μs |
| EngineIterateActions | 2           | 2        |     559.92 μs |    692.02 μs |    37.932 μs |
| EngineIterateActions | 2           | 3        |   1,042.85 μs |  2,044.64 μs |   112.074 μs |
| EngineIterateActions | 2           | 4        |   1,062.94 μs |  1,379.13 μs |    75.595 μs |
| EngineIterateActions | 3           | 1        |     480.86 μs |    125.06 μs |     6.855 μs |
| EngineIterateActions | 3           | 2        |   1,824.09 μs |  1,136.93 μs |    62.319 μs |
| EngineIterateActions | 3           | 3        |   2,555.72 μs |  2,135.13 μs |   117.034 μs |
| EngineIterateActions | 3           | 4        |   3,639.84 μs |  3,829.37 μs |   209.901 μs |
| EngineIterateActions | 4           | 1        |     881.73 μs |    283.68 μs |    15.550 μs |
| EngineIterateActions | 4           | 2        |   4,514.81 μs |  4,347.85 μs |   238.320 μs |
| EngineIterateActions | 4           | 3        |   8,386.05 μs | 13,080.93 μs |   717.010 μs |
| EngineIterateActions | 4           | 4        |  12,652.07 μs | 48,613.15 μs | 2,664.651 μs |
| EngineIterateActions | 5           | 1        |   1,500.65 μs |    966.29 μs |    52.966 μs |
| EngineIterateActions | 5           | 2        |  10,481.00 μs |  9,207.40 μs |   504.689 μs |
| EngineIterateActions | 5           | 3        |  27,016.61 μs | 12,736.90 μs |   698.153 μs |
| EngineIterateActions | 5           | 4        |  39,611.19 μs | 82,414.03 μs | 4,517.391 μs |
| EngineIterateActions | 6           | 1        |   2,227.72 μs |  2,797.88 μs |   153.361 μs |
| EngineIterateActions | 6           | 2        |  22,903.51 μs | 30,523.45 μs | 1,673.093 μs |
| EngineIterateActions | 6           | 3        |  57,372.33 μs | 15,049.69 μs |   824.924 μs |
| EngineIterateActions | 6           | 4        |  92,358.65 μs | 83,563.39 μs | 4,580.392 μs |
| EngineIterateActions | 7           | 1        |   2,501.59 μs |    952.97 μs |    52.236 μs |
| EngineIterateActions | 7           | 2        |  29,225.51 μs | 18,373.26 μs | 1,007.101 μs |
| EngineIterateActions | 7           | 3        | 120,350.79 μs | 70,594.54 μs | 3,869.525 μs |
| EngineIterateActions | 7           | 4        | 172,868.01 μs | 55,110.80 μs | 3,020.809 μs |

// * Legends *
  EntityCount : Value of the 'EntityCount' parameter
  MaxDepth    : Value of the 'MaxDepth' parameter
  Mean        : Arithmetic mean of all measurements
  Error       : Half of 99.9% confidence interval
  StdDev      : Standard deviation of all measurements
  1 μs        : 1 Microsecond (0.000001 sec)

// ***** BenchmarkRunner: End *****
Run time: 00:02:10 (130.35 sec), executed benchmarks: 28

Global total time: 00:02:12 (132.45 sec), executed benchmarks: 28
// * Artifacts cleanup *
Artifacts cleanup is finished
